session_id,user_id,started_at,device,channel
S00001,U01829,2026-03-23T04:03:12Z,Mobile,Organic
S00002,U00768,2026-03-11T03:09:55Z,Mobile,Organic
S00003,U03437,2026-03-13T07:14:22Z,Desktop,Social
S00004,U01274,2026-01-01T05:48:46Z,Desktop,Organic
S00005,U04523,2026-03-10T04:32:41Z,Tablet,Paid Search
S00006,U05418,2026-02-16T21:01:14Z,Mobile,Organic
S00007,U06834,2026-01-30T03:40:38Z,Mobile,Paid Search
S00008,U00585,2026-03-27T09:43:13Z,Desktop,Social
S00009,U07581,2026-02-01T05:56:57Z,Mobile,Organic
S00010,U03287,2026-01-08T08:20:21Z,Desktop,Social
S00011,U07248,2026-03-14T11:27:25Z,Mobile,Paid Search
S00012,U04599,2026-02-28T05:12:06Z,Mobile,Organic
S00013,U01134,2026-03-16T14:32:30Z,Mobile,Email
S00014,U03459,2026-01-15T05:33:53Z,Desktop,Social
S00015,U07721,2026-03-01T19:15:52Z,Mobile,Paid Search
S00016,U02405,2026-03-10T09:42:53Z,Desktop,Organic
S00017,U02445,2026-01-23T18:29:02Z,Desktop,Social
S00018,U01324,2026-03-06T22:10:18Z,Mobile,Paid Search
S00019,U02974,2026-03-18T11:48:07Z,Mobile,Organic
S00020,U07758,2026-02-09T08:43:05Z,Mobile,Social
S00021,U04504,2026-03-10T04:34:43Z,Mobile,Paid Search
S00022,U05652,2026-02-24T07:42:40Z,Desktop,Social
S00023,U00992,2026-03-27T13:35:44Z,Mobile,Paid Search
S00024,U02707,2026-01-08T08:20:07Z,Mobile,Organic
S00025,U06616,2026-03-15T20:58:45Z,Mobile,Social
S00026,U06559,2026-03-24T03:34:59Z,Mobile,Social
S00027,U03457,2026-02-01T06:58:32Z,Mobile,Paid Search
S00028,U01363,2026-01-02T03:23:44Z,Desktop,Social
S00029,U07591,2026-01-22T13:47:52Z,Mobile,Paid Search
S00030,U06418,2026-02-28T10:23:08Z,Mobile,Email
S00031,U04786,2026-03-11T02:13:09Z,Desktop,Organic
S00032,U02017,2026-01-31T14:42:03Z,Mobile,Social
S00033,U02137,2026-02-23T21:15:03Z,Mobile,Organic
S00034,U00820,2026-01-10T00:20:20Z,Mobile,Email
S00035,U03028,2026-01-17T12:42:25Z,Desktop,Social
S00036,U04334,2026-02-08T22:16:13Z,Tablet,Social
S00037,U00946,2026-03-26T03:46:17Z,Desktop,Organic
S00038,U05879,2026-03-12T05:39:34Z,Mobile,Paid Search
S00039,U00417,2026-03-06T17:47:12Z,Mobile,Email
S00040,U02146,2026-01-06T00:07:44Z,Mobile,Organic
S00041,U07235,2026-02-24T20:25:19Z,Mobile,Organic
S00042,U00343,2026-02-17T21:12:30Z,Mobile,Paid Search
S00043,U04587,2026-01-27T09:05:06Z,Desktop,Paid Search
S00044,U01940,2026-02-22T22:35:51Z,Desktop,Email
S00045,U02722,2026-01-23T15:00:40Z,Mobile,Social
S00046,U00886,2026-02-22T09:02:07Z,Mobile,Social
S00047,U02501,2026-01-29T07:15:58Z,Desktop,Paid Search
S00048,U02690,2026-01-30T08:06:59Z,Mobile,Organic
S00049,U06912,2026-02-05T12:47:05Z,Desktop,Paid Search
S00050,U03156,2026-02-10T15:53:19Z,Desktop,Paid Search
S00051,U04260,2026-01-25T09:16:26Z,Mobile,Paid Search
S00052,U05442,2026-03-10T07:10:25Z,Mobile,Organic
S00053,U07374,2026-03-21T11:25:45Z,Desktop,Organic
S00054,U01572,2026-02-11T14:39:03Z,Desktop,Paid Search
S00055,U06830,2026-01-23T22:24:36Z,Mobile,Paid Search
S00056,U06029,2026-03-07T17:13:41Z,Desktop,Email
S00057,U03893,2026-01-29T07:15:00Z,Mobile,Organic
S00058,U04050,2026-03-22T20:57:34Z,Mobile,Social
S00059,U06588,2026-01-01T03:52:50Z,Desktop,Organic
S00060,U06950,2026-03-08T16:54:49Z,Mobile,Organic
S00061,U07783,2026-03-27T19:20:16Z,Tablet,Paid Search
S00062,U03496,2026-02-26T22:18:21Z,Desktop,Social
S00063,U03889,2026-03-12T16:14:06Z,Desktop,Social
S00064,U03604,2026-02-05T18:58:47Z,Mobile,Organic
S00065,U03340,2026-03-30T05:33:48Z,Desktop,Organic
S00066,U07751,2026-01-27T15:17:49Z,Mobile,Social
S00067,U07305,2026-01-01T12:48:25Z,Mobile,Paid Search
S00068,U04942,2026-02-23T19:35:45Z,Desktop,Paid Search
S00069,U03186,2026-03-04T07:59:20Z,Mobile,Paid Search
S00070,U07430,2026-03-01T04:38:48Z,Tablet,Paid Search
S00071,U00412,2026-01-11T15:36:19Z,Mobile,Paid Search
S00072,U07799,2026-01-11T17:07:24Z,Mobile,Paid Search
S00073,U03880,2026-01-26T00:44:31Z,Desktop,Organic
S00074,U04975,2026-03-01T09:19:46Z,Desktop,Organic
S00075,U00211,2026-01-15T05:57:45Z,Tablet,Organic
S00076,U00623,2026-03-15T13:39:52Z,Mobile,Social
S00077,U00337,2026-03-18T04:24:26Z,Desktop,Paid Search
S00078,U03442,2026-01-09T18:25:17Z,Desktop,Organic
S00079,U06789,2026-01-14T15:47:02Z,Tablet,Paid Search
S00080,U06346,2026-03-08T09:50:00Z,Desktop,Email
S00081,U07657,2026-03-17T09:46:19Z,Mobile,Organic
S00082,U02789,2026-01-24T17:45:04Z,Mobile,Social
S00083,U00702,2026-02-05T20:14:08Z,Mobile,Email
S00084,U06496,2026-01-31T17:20:02Z,Desktop,Paid Search
S00085,U02220,2026-02-24T20:02:20Z,Mobile,Social
S00086,U02266,2026-03-30T06:44:27Z,Mobile,Social
S00087,U01591,2026-03-09T21:43:42Z,Mobile,Organic
S00088,U02394,2026-01-17T09:59:14Z,Mobile,Organic
S00089,U03846,2026-03-04T03:44:06Z,Desktop,Paid Search
S00090,U01223,2026-01-10T21:00:31Z,Desktop,Organic
S00091,U06263,2026-02-08T03:06:04Z,Tablet,Organic
S00092,U02436,2026-01-29T19:01:34Z,Mobile,Email
S00093,U07866,2026-02-24T11:07:06Z,Mobile,Organic
S00094,U01287,2026-01-27T22:46:27Z,Mobile,Social
S00095,U02168,2026-02-06T16:31:50Z,Mobile,Organic
S00096,U03483,2026-03-22T21:28:24Z,Desktop,Email
S00097,U02520,2026-02-04T05:10:43Z,Mobile,Organic
S00098,U03298,2026-02-26T04:31:39Z,Mobile,Organic
S00099,U00327,2026-03-06T19:39:36Z,Mobile,Organic
S00100,U07880,2026-02-11T21:58:49Z,Mobile,Organic
S00101,U01436,2026-01-03T09:48:45Z,Mobile,Social
S00102,U06671,2026-02-05T06:36:28Z,Tablet,Paid Search
S00103,U01318,2026-02-22T12:08:07Z,Mobile,Organic
S00104,U02649,2026-03-12T01:20:09Z,Mobile,Organic
S00105,U04248,2026-01-01T19:45:18Z,Mobile,Organic
S00106,U02360,2026-01-07T07:24:40Z,Mobile,Organic
S00107,U01841,2026-02-09T20:03:19Z,Mobile,Paid Search
S00108,U01262,2026-01-15T16:48:02Z,Desktop,Paid Search
S00109,U01997,2026-02-04T15:07:39Z,Desktop,Email
S00110,U02189,2026-02-05T15:06:27Z,Mobile,Social
S00111,U05407,2026-02-06T10:52:12Z,Desktop,Paid Search
S00112,U03091,2026-03-03T12:33:56Z,Mobile,Social
S00113,U06354,2026-03-31T08:41:40Z,Mobile,Organic
S00114,U05342,2026-02-18T14:03:24Z,Tablet,Social
S00115,U02720,2026-03-05T01:20:52Z,Mobile,Email
S00116,U05919,2026-02-26T03:37:49Z,Mobile,Paid Search
S00117,U05106,2026-01-10T17:05:37Z,Desktop,Organic
S00118,U07270,2026-03-10T13:50:08Z,Tablet,Paid Search
S00119,U05607,2026-03-11T01:18:25Z,Desktop,Organic
S00120,U05192,2026-01-30T03:17:26Z,Mobile,Organic
S00121,U06523,2026-03-30T10:54:11Z,Desktop,Organic
S00122,U06493,2026-01-19T08:53:27Z,Mobile,Paid Search
S00123,U03765,2026-03-16T05:12:38Z,Mobile,Paid Search
S00124,U03619,2026-03-01T10:28:20Z,Desktop,Organic
S00125,U02049,2026-03-17T10:53:30Z,Desktop,Paid Search
S00126,U02424,2026-01-14T08:38:11Z,Mobile,Paid Search
S00127,U02249,2026-02-07T00:47:55Z,Tablet,Social
S00128,U06570,2026-03-05T10:25:12Z,Desktop,Organic
S00129,U04748,2026-03-22T01:26:07Z,Mobile,Paid Search
S00130,U01348,2026-02-16T19:19:39Z,Mobile,Organic
S00131,U00617,2026-02-07T12:19:56Z,Desktop,Paid Search
S00132,U02997,2026-03-28T14:28:09Z,Tablet,Social
S00133,U00206,2026-03-23T13:31:29Z,Mobile,Organic
S00134,U00372,2026-03-01T11:00:08Z,Desktop,Organic
S00135,U04404,2026-02-08T17:56:09Z,Mobile,Organic
S00136,U01266,2026-03-31T19:40:04Z,Mobile,Social
S00137,U07693,2026-03-25T03:36:18Z,Desktop,Paid Search
S00138,U01935,2026-01-05T13:29:26Z,Mobile,Paid Search
S00139,U02939,2026-01-13T13:22:27Z,Mobile,Email
S00140,U04892,2026-02-28T03:20:15Z,Desktop,Paid Search
S00141,U04626,2026-01-07T12:08:33Z,Mobile,Organic
S00142,U04883,2026-01-30T11:57:44Z,Desktop,Social
S00143,U07098,2026-03-11T09:07:33Z,Desktop,Organic
S00144,U00430,2026-01-31T21:26:22Z,Mobile,Organic
S00145,U04864,2026-01-09T17:20:22Z,Mobile,Paid Search
S00146,U03291,2026-02-28T01:08:02Z,Mobile,Paid Search
S00147,U01216,2026-02-26T02:40:32Z,Desktop,Organic
S00148,U04894,2026-03-16T19:57:54Z,Desktop,Paid Search
S00149,U05364,2026-02-25T03:36:39Z,Desktop,Organic
S00150,U02777,2026-01-28T15:39:30Z,Mobile,Organic
S00151,U02561,2026-02-21T15:08:44Z,Desktop,Organic
S00152,U00764,2026-03-29T17:16:03Z,Mobile,Social
S00153,U02701,2026-03-13T02:11:01Z,Mobile,Paid Search
S00154,U07934,2026-03-27T15:23:55Z,Desktop,Social
S00155,U01838,2026-03-15T18:28:27Z,Mobile,Social
S00156,U04704,2026-02-14T20:15:10Z,Mobile,Social
S00157,U04989,2026-03-21T22:20:22Z,Desktop,Paid Search
S00158,U06246,2026-03-30T09:44:14Z,Mobile,Organic
S00159,U01163,2026-01-24T05:12:56Z,Mobile,Paid Search
S00160,U03440,2026-01-04T03:20:26Z,Desktop,Organic
S00161,U01275,2026-02-11T20:39:55Z,Mobile,Social
S00162,U03522,2026-02-04T07:50:55Z,Desktop,Organic
S00163,U04910,2026-03-27T11:13:45Z,Mobile,Paid Search
S00164,U06120,2026-02-02T10:32:18Z,Mobile,Organic
S00165,U02902,2026-01-30T18:12:50Z,Mobile,Social
S00166,U04698,2026-02-28T02:50:05Z,Desktop,Paid Search
S00167,U06565,2026-01-15T14:44:48Z,Mobile,Organic
S00168,U01994,2026-02-28T13:10:28Z,Mobile,Social
S00169,U06383,2026-02-20T11:17:48Z,Desktop,Organic
S00170,U02877,2026-03-09T18:34:00Z,Mobile,Social
S00171,U01617,2026-03-24T05:22:38Z,Mobile,Organic
S00172,U04048,2026-03-25T02:44:36Z,Mobile,Social
S00173,U02648,2026-02-27T20:33:09Z,Desktop,Email
S00174,U03623,2026-03-22T11:30:36Z,Mobile,Organic
S00175,U00309,2026-02-15T18:28:17Z,Mobile,Paid Search
S00176,U01543,2026-01-06T16:22:27Z,Desktop,Paid Search
S00177,U02814,2026-01-08T16:24:10Z,Mobile,Social
S00178,U05797,2026-01-11T18:22:12Z,Desktop,Organic
S00179,U03174,2026-03-20T05:46:47Z,Mobile,Email
S00180,U00775,2026-01-07T22:58:11Z,Desktop,Organic
S00181,U01159,2026-03-19T05:28:29Z,Mobile,Paid Search
S00182,U00695,2026-02-09T14:16:14Z,Mobile,Social
S00183,U06053,2026-02-12T04:39:10Z,Desktop,Social
S00184,U02965,2026-03-09T03:24:09Z,Desktop,Paid Search
S00185,U06051,2026-02-07T03:40:56Z,Mobile,Paid Search
S00186,U04893,2026-01-05T12:15:40Z,Desktop,Paid Search
S00187,U05895,2026-01-22T15:56:06Z,Mobile,Paid Search
S00188,U06625,2026-02-27T08:31:11Z,Mobile,Organic
S00189,U03610,2026-01-25T13:23:33Z,Desktop,Paid Search
S00190,U01636,2026-03-06T19:12:15Z,Mobile,Organic
S00191,U03041,2026-01-18T09:06:08Z,Mobile,Paid Search
S00192,U02235,2026-03-08T04:32:21Z,Mobile,Social
S00193,U03064,2026-02-14T00:58:15Z,Mobile,Paid Search
S00194,U05325,2026-01-04T11:36:10Z,Desktop,Social
S00195,U05041,2026-03-02T05:03:11Z,Desktop,Paid Search
S00196,U02361,2026-03-12T22:10:07Z,Mobile,Organic
S00197,U04711,2026-03-05T21:43:35Z,Mobile,Paid Search
S00198,U07811,2026-01-24T03:07:01Z,Mobile,Paid Search
S00199,U00357,2026-03-06T20:10:33Z,Mobile,Social
S00200,U02774,2026-03-16T12:06:23Z,Mobile,Paid Search
S00201,U01494,2026-01-23T16:54:59Z,Tablet,Paid Search
S00202,U06481,2026-01-09T16:39:48Z,Mobile,Organic
S00203,U07093,2026-01-25T10:25:01Z,Mobile,Social
S00204,U04076,2026-02-19T12:20:38Z,Tablet,Paid Search
S00205,U04469,2026-01-11T15:40:40Z,Desktop,Social
S00206,U07468,2026-02-26T12:47:57Z,Mobile,Social
S00207,U04204,2026-01-08T02:43:55Z,Desktop,Paid Search
S00208,U04978,2026-03-28T05:49:29Z,Tablet,Organic
S00209,U03039,2026-01-05T22:01:50Z,Mobile,Paid Search
S00210,U02045,2026-03-09T13:21:36Z,Mobile,Paid Search
S00211,U04602,2026-01-04T06:46:25Z,Mobile,Paid Search
S00212,U04024,2026-01-28T22:16:39Z,Mobile,Email
S00213,U00720,2026-02-27T06:17:10Z,Desktop,Paid Search
S00214,U02379,2026-02-10T12:38:57Z,Desktop,Paid Search
S00215,U01837,2026-01-21T23:13:04Z,Mobile,Paid Search
S00216,U03023,2026-01-31T17:59:12Z,Mobile,Paid Search
S00217,U04710,2026-03-03T19:08:23Z,Mobile,Paid Search
S00218,U07193,2026-02-27T16:57:37Z,Desktop,Organic
S00219,U01058,2026-03-12T23:17:39Z,Mobile,Social
S00220,U07658,2026-03-08T05:34:16Z,Mobile,Organic
S00221,U05203,2026-03-08T10:20:30Z,Desktop,Organic
S00222,U00766,2026-02-05T04:33:26Z,Desktop,Paid Search
S00223,U07390,2026-03-16T05:36:50Z,Mobile,Paid Search
S00224,U05235,2026-02-03T07:40:31Z,Desktop,Paid Search
S00225,U05612,2026-03-24T10:59:56Z,Mobile,Social
S00226,U05885,2026-01-27T12:23:09Z,Desktop,Organic
S00227,U01981,2026-01-17T13:29:27Z,Mobile,Organic
S00228,U07080,2026-01-19T03:31:29Z,Mobile,Email
S00229,U01556,2026-01-21T11:55:17Z,Desktop,Social
S00230,U04075,2026-03-05T18:44:26Z,Mobile,Social
S00231,U02305,2026-01-31T07:49:59Z,Mobile,Organic
S00232,U01098,2026-02-06T19:32:25Z,Mobile,Organic
S00233,U04672,2026-02-16T14:40:55Z,Mobile,Paid Search
S00234,U02292,2026-01-10T14:03:59Z,Mobile,Social
S00235,U03227,2026-03-21T22:14:50Z,Mobile,Email
S00236,U04097,2026-02-16T05:15:09Z,Mobile,Paid Search
S00237,U01146,2026-03-08T16:38:18Z,Mobile,Social
S00238,U02756,2026-02-20T22:26:45Z,Desktop,Organic
S00239,U02714,2026-03-14T10:54:54Z,Mobile,Organic
S00240,U07923,2026-03-30T22:54:38Z,Mobile,Paid Search
S00241,U05908,2026-01-07T21:14:43Z,Mobile,Paid Search
S00242,U06349,2026-01-20T15:02:07Z,Desktop,Paid Search
S00243,U05425,2026-01-08T05:01:38Z,Mobile,Paid Search
S00244,U02020,2026-03-29T09:37:30Z,Desktop,Organic
S00245,U07649,2026-01-27T17:48:14Z,Mobile,Organic
S00246,U03111,2026-02-05T10:28:41Z,Mobile,Social
S00247,U02380,2026-02-20T12:33:57Z,Tablet,Social
S00248,U06783,2026-02-26T09:20:12Z,Desktop,Organic
S00249,U01987,2026-01-18T03:58:36Z,Desktop,Paid Search
S00250,U01294,2026-01-18T00:11:19Z,Tablet,Email
S00251,U07438,2026-01-26T10:27:29Z,Mobile,Paid Search
S00252,U06966,2026-03-25T20:54:12Z,Mobile,Social
S00253,U07534,2026-01-23T15:12:53Z,Desktop,Organic
S00254,U04653,2026-01-24T10:32:21Z,Desktop,Organic
S00255,U00923,2026-01-18T18:21:28Z,Mobile,Organic
S00256,U04652,2026-01-24T00:30:46Z,Desktop,Social
S00257,U00782,2026-02-24T18:45:38Z,Mobile,Paid Search
S00258,U06175,2026-02-01T00:14:55Z,Mobile,Organic
S00259,U04117,2026-01-16T16:56:40Z,Mobile,Paid Search
S00260,U03011,2026-02-09T04:16:29Z,Desktop,Email
S00261,U03061,2026-03-03T05:34:38Z,Mobile,Email
S00262,U04881,2026-03-10T07:57:07Z,Desktop,Social
S00263,U00640,2026-01-11T19:07:59Z,Mobile,Social
S00264,U01657,2026-01-15T02:14:54Z,Desktop,Email
S00265,U04205,2026-03-07T16:13:10Z,Desktop,Paid Search
S00266,U04738,2026-02-20T09:15:52Z,Desktop,Social
S00267,U00566,2026-01-09T19:42:11Z,Tablet,Email
S00268,U01110,2026-03-02T01:09:19Z,Mobile,Organic
S00269,U03675,2026-03-24T15:18:17Z,Mobile,Social
S00270,U07165,2026-02-18T13:40:36Z,Mobile,Email
S00271,U01044,2026-01-16T06:29:52Z,Tablet,Paid Search
S00272,U03793,2026-01-29T00:07:35Z,Desktop,Email
S00273,U07680,2026-02-01T16:46:15Z,Mobile,Organic
S00274,U06276,2026-01-15T01:10:22Z,Desktop,Paid Search
S00275,U00276,2026-01-03T08:45:44Z,Mobile,Organic
S00276,U06683,2026-01-08T05:06:07Z,Mobile,Organic
S00277,U06705,2026-03-15T11:36:39Z,Mobile,Social
S00278,U00500,2026-03-26T18:58:41Z,Mobile,Organic
S00279,U00385,2026-01-23T22:47:30Z,Desktop,Paid Search
S00280,U03411,2026-03-24T13:52:38Z,Desktop,Organic
S00281,U07025,2026-03-10T17:14:25Z,Mobile,Organic
S00282,U01099,2026-03-13T15:01:30Z,Tablet,Paid Search
S00283,U02200,2026-01-12T19:30:06Z,Desktop,Organic
S00284,U05501,2026-01-10T06:51:02Z,Desktop,Paid Search
S00285,U05766,2026-01-16T17:26:13Z,Desktop,Social
S00286,U02527,2026-02-06T13:51:34Z,Mobile,Paid Search
S00287,U06240,2026-03-01T03:35:24Z,Desktop,Social
S00288,U07079,2026-01-27T13:29:49Z,Mobile,Organic
S00289,U01885,2026-03-16T15:12:12Z,Mobile,Organic
S00290,U07918,2026-03-25T12:17:25Z,Mobile,Social
S00291,U01387,2026-03-04T16:46:41Z,Mobile,Social
S00292,U00609,2026-03-11T02:08:18Z,Mobile,Social
S00293,U06903,2026-03-27T01:45:58Z,Desktop,Paid Search
S00294,U05062,2026-01-02T07:57:48Z,Mobile,Paid Search
S00295,U03370,2026-03-26T17:45:44Z,Mobile,Paid Search
S00296,U05522,2026-03-10T10:26:16Z,Mobile,Social
S00297,U07859,2026-02-15T09:43:58Z,Desktop,Organic
S00298,U00460,2026-01-12T14:45:20Z,Mobile,Paid Search
S00299,U07384,2026-01-13T19:13:46Z,Desktop,Organic
S00300,U05607,2026-03-14T17:18:44Z,Mobile,Email
S00301,U06967,2026-03-11T20:31:00Z,Desktop,Organic
S00302,U04643,2026-02-20T02:48:04Z,Mobile,Paid Search
S00303,U01147,2026-02-19T19:40:52Z,Mobile,Social
S00304,U00440,2026-03-30T02:51:19Z,Mobile,Email
S00305,U03250,2026-02-13T22:02:00Z,Desktop,Email
S00306,U03691,2026-02-11T01:04:43Z,Desktop,Social
S00307,U03114,2026-02-18T15:43:23Z,Mobile,Paid Search
S00308,U05193,2026-01-11T09:45:23Z,Mobile,Social
S00309,U02949,2026-01-14T03:19:55Z,Mobile,Organic
S00310,U04563,2026-01-14T04:49:27Z,Mobile,Paid Search
S00311,U06383,2026-02-11T14:01:33Z,Mobile,Paid Search
S00312,U01389,2026-02-01T20:49:27Z,Mobile,Social
S00313,U02456,2026-01-19T02:18:12Z,Mobile,Organic
S00314,U03751,2026-02-01T22:45:24Z,Mobile,Paid Search
S00315,U07761,2026-02-25T21:38:28Z,Mobile,Organic
S00316,U01986,2026-02-07T23:02:35Z,Mobile,Paid Search
S00317,U04852,2026-02-20T13:17:23Z,Mobile,Paid Search
S00318,U07725,2026-01-24T20:01:42Z,Mobile,Social
S00319,U03352,2026-03-30T02:31:04Z,Desktop,Social
S00320,U06465,2026-01-31T09:11:59Z,Desktop,Social
S00321,U07540,2026-03-03T21:11:55Z,Mobile,Paid Search
S00322,U05748,2026-02-23T19:47:36Z,Mobile,Email
S00323,U06300,2026-03-10T21:37:13Z,Desktop,Organic
S00324,U01819,2026-02-12T15:40:20Z,Mobile,Organic
S00325,U03794,2026-03-30T20:56:37Z,Mobile,Paid Search
S00326,U03955,2026-03-17T18:13:17Z,Mobile,Email
S00327,U02854,2026-01-11T04:13:33Z,Desktop,Social
S00328,U05915,2026-03-08T17:34:58Z,Mobile,Organic
S00329,U05548,2026-01-15T00:49:20Z,Desktop,Paid Search
S00330,U04587,2026-02-01T18:47:12Z,Mobile,Organic
S00331,U01617,2026-02-25T14:24:09Z,Mobile,Paid Search
S00332,U06521,2026-01-28T07:29:32Z,Mobile,Social
S00333,U00934,2026-03-10T06:48:25Z,Mobile,Organic
S00334,U04809,2026-03-23T11:24:38Z,Mobile,Paid Search
S00335,U02437,2026-03-21T06:16:53Z,Desktop,Social
S00336,U01955,2026-03-17T03:05:08Z,Desktop,Organic
S00337,U04709,2026-01-19T18:35:54Z,Mobile,Paid Search
S00338,U01150,2026-03-10T06:18:26Z,Mobile,Paid Search
S00339,U03146,2026-02-15T00:20:56Z,Mobile,Organic
S00340,U05818,2026-03-06T18:01:16Z,Mobile,Paid Search
S00341,U06235,2026-03-04T06:05:22Z,Mobile,Organic
S00342,U02195,2026-03-05T20:00:53Z,Mobile,Paid Search
S00343,U05890,2026-02-16T19:44:06Z,Desktop,Organic
S00344,U03685,2026-01-14T09:00:44Z,Mobile,Email
S00345,U05646,2026-01-16T08:37:36Z,Mobile,Social
S00346,U01696,2026-01-22T22:26:00Z,Mobile,Organic
S00347,U01380,2026-03-14T12:46:22Z,Mobile,Paid Search
S00348,U03372,2026-03-07T03:28:01Z,Mobile,Social
S00349,U01199,2026-02-05T04:37:11Z,Desktop,Organic
S00350,U02202,2026-02-01T14:17:52Z,Mobile,Paid Search
S00351,U05692,2026-03-23T03:23:22Z,Mobile,Social
S00352,U00021,2026-02-17T16:33:17Z,Tablet,Organic
S00353,U06965,2026-01-12T16:41:29Z,Desktop,Social
S00354,U02324,2026-02-24T07:42:47Z,Mobile,Organic
S00355,U06855,2026-03-29T01:45:45Z,Mobile,Paid Search
S00356,U03505,2026-01-21T16:04:00Z,Mobile,Email
S00357,U00765,2026-02-08T05:47:17Z,Desktop,Social
S00358,U01088,2026-01-12T03:27:55Z,Mobile,Paid Search
S00359,U07048,2026-01-02T00:17:36Z,Desktop,Social
S00360,U00846,2026-01-30T13:56:49Z,Mobile,Social
S00361,U05146,2026-03-25T05:58:31Z,Mobile,Social
S00362,U00711,2026-02-22T22:25:50Z,Desktop,Social
S00363,U07891,2026-01-18T04:29:02Z,Mobile,Paid Search
S00364,U06946,2026-03-19T10:22:25Z,Desktop,Social
S00365,U06127,2026-02-08T07:28:48Z,Mobile,Paid Search
S00366,U01082,2026-03-09T00:26:21Z,Tablet,Email
S00367,U01768,2026-01-10T00:36:27Z,Mobile,Organic
S00368,U06285,2026-02-20T18:26:42Z,Mobile,Social
S00369,U05197,2026-01-27T05:39:25Z,Mobile,Paid Search
S00370,U07811,2026-03-25T02:24:25Z,Mobile,Paid Search
S00371,U03715,2026-01-08T08:54:04Z,Mobile,Paid Search
S00372,U01343,2026-01-16T00:27:40Z,Desktop,Social
S00373,U07156,2026-02-03T06:04:44Z,Mobile,Social
S00374,U00524,2026-01-04T12:11:50Z,Desktop,Organic
S00375,U07040,2026-03-05T16:34:23Z,Mobile,Organic
S00376,U00361,2026-03-28T04:11:57Z,Mobile,Paid Search
S00377,U07539,2026-01-02T08:54:13Z,Mobile,Paid Search
S00378,U07503,2026-03-25T15:16:07Z,Mobile,Organic
S00379,U05516,2026-02-04T02:50:08Z,Mobile,Organic
S00380,U07816,2026-01-23T08:07:33Z,Desktop,Email
S00381,U03023,2026-02-09T11:54:59Z,Mobile,Paid Search
S00382,U04042,2026-03-21T08:49:55Z,Mobile,Paid Search
S00383,U00053,2026-01-26T19:53:58Z,Desktop,Organic
S00384,U05681,2026-01-04T08:28:59Z,Mobile,Paid Search
S00385,U06047,2026-02-12T00:03:11Z,Desktop,Paid Search
S00386,U04031,2026-01-14T07:28:15Z,Mobile,Organic
S00387,U07351,2026-01-19T10:11:17Z,Mobile,Email
S00388,U04758,2026-02-22T13:33:43Z,Mobile,Social
S00389,U05427,2026-02-20T02:43:28Z,Mobile,Organic
S00390,U06561,2026-01-31T10:37:10Z,Mobile,Organic
S00391,U00990,2026-01-14T05:59:04Z,Mobile,Organic
S00392,U06616,2026-03-01T09:38:55Z,Desktop,Organic
S00393,U06719,2026-02-20T18:41:40Z,Mobile,Organic
S00394,U04507,2026-01-04T14:43:24Z,Desktop,Paid Search
S00395,U05623,2026-01-29T04:45:33Z,Mobile,Paid Search
S00396,U06941,2026-03-24T16:08:41Z,Desktop,Organic
S00397,U01377,2026-02-12T04:27:39Z,Mobile,Paid Search
S00398,U03496,2026-02-25T14:22:53Z,Mobile,Paid Search
S00399,U05031,2026-02-05T10:11:21Z,Mobile,Organic
S00400,U00719,2026-03-05T15:00:00Z,Desktop,Paid Search
S00401,U04454,2026-03-24T19:08:39Z,Mobile,Email
S00402,U07477,2026-02-15T17:27:53Z,Mobile,Paid Search
S00403,U07339,2026-01-24T00:56:56Z,Mobile,Organic
S00404,U02929,2026-02-05T02:07:59Z,Desktop,Paid Search
S00405,U02184,2026-01-30T05:48:42Z,Mobile,Social
S00406,U02907,2026-01-29T20:57:37Z,Desktop,Social
S00407,U06047,2026-01-23T06:24:41Z,Mobile,Organic
S00408,U06639,2026-03-14T05:10:25Z,Mobile,Organic
S00409,U00740,2026-03-05T19:44:17Z,Mobile,Paid Search
S00410,U06574,2026-01-26T04:45:03Z,Mobile,Organic
S00411,U07514,2026-02-11T02:10:06Z,Mobile,Paid Search
S00412,U03241,2026-02-16T02:38:26Z,Mobile,Email
S00413,U01428,2026-02-25T23:16:29Z,Tablet,Paid Search
S00414,U01437,2026-03-20T12:59:29Z,Mobile,Paid Search
S00415,U04649,2026-03-15T14:15:27Z,Desktop,Social
S00416,U04065,2026-03-20T08:02:33Z,Desktop,Organic
S00417,U00094,2026-03-27T23:16:08Z,Desktop,Organic
S00418,U00395,2026-02-14T09:20:40Z,Desktop,Social
S00419,U03075,2026-02-22T17:57:09Z,Desktop,Paid Search
S00420,U06929,2026-03-15T08:12:47Z,Mobile,Organic
S00421,U00763,2026-01-21T02:43:50Z,Mobile,Social
S00422,U07289,2026-01-04T15:42:14Z,Desktop,Organic
S00423,U02174,2026-02-22T20:10:28Z,Desktop,Social
S00424,U02413,2026-01-20T01:59:04Z,Mobile,Paid Search
S00425,U01696,2026-03-22T21:51:11Z,Mobile,Organic
S00426,U04007,2026-03-02T04:12:19Z,Mobile,Paid Search
S00427,U03040,2026-02-03T03:19:05Z,Desktop,Paid Search
S00428,U03810,2026-02-17T06:47:35Z,Mobile,Organic
S00429,U04436,2026-01-20T03:31:15Z,Mobile,Organic
S00430,U07671,2026-03-08T15:14:30Z,Tablet,Social
S00431,U04114,2026-01-11T14:22:27Z,Desktop,Social
S00432,U03679,2026-03-28T22:35:00Z,Mobile,Email
S00433,U05597,2026-01-25T04:35:39Z,Mobile,Organic
S00434,U00102,2026-02-11T10:03:22Z,Mobile,Email
S00435,U04817,2026-02-23T04:05:48Z,Mobile,Organic
S00436,U07211,2026-03-14T03:40:37Z,Desktop,Social
S00437,U01411,2026-03-25T17:40:46Z,Mobile,Paid Search
S00438,U02716,2026-03-29T14:37:34Z,Mobile,Social
S00439,U02483,2026-02-04T13:33:36Z,Mobile,Social
S00440,U02462,2026-03-29T03:34:33Z,Tablet,Organic
S00441,U05289,2026-02-26T11:40:56Z,Mobile,Paid Search
S00442,U01303,2026-03-08T13:36:49Z,Desktop,Paid Search
S00443,U06824,2026-03-09T20:42:17Z,Mobile,Organic
S00444,U05206,2026-02-05T13:24:40Z,Desktop,Paid Search
S00445,U03655,2026-03-29T01:06:45Z,Mobile,Paid Search
S00446,U06136,2026-02-14T12:32:01Z,Mobile,Social
S00447,U06995,2026-01-12T10:22:44Z,Mobile,Organic
S00448,U03355,2026-03-24T08:11:45Z,Desktop,Organic
S00449,U02068,2026-01-17T06:18:21Z,Desktop,Organic
S00450,U02857,2026-03-24T10:01:34Z,Mobile,Paid Search
S00451,U00839,2026-03-28T18:57:21Z,Desktop,Paid Search
S00452,U02446,2026-02-17T20:26:31Z,Desktop,Paid Search
S00453,U06599,2026-01-20T18:50:02Z,Desktop,Social
S00454,U05909,2026-03-18T14:42:45Z,Desktop,Social
S00455,U04777,2026-02-03T15:14:22Z,Mobile,Social
S00456,U03898,2026-02-13T08:05:45Z,Desktop,Paid Search
S00457,U06887,2026-03-27T13:03:08Z,Mobile,Social
S00458,U05362,2026-03-13T06:39:55Z,Desktop,Social
S00459,U04754,2026-01-16T17:07:54Z,Mobile,Paid Search
S00460,U07107,2026-01-10T17:11:34Z,Desktop,Paid Search
S00461,U04665,2026-01-20T05:00:04Z,Tablet,Organic
S00462,U06382,2026-02-28T05:12:52Z,Mobile,Social
S00463,U02241,2026-01-23T11:24:39Z,Desktop,Organic
S00464,U01061,2026-01-21T17:49:29Z,Desktop,Social
S00465,U01634,2026-02-24T17:22:53Z,Mobile,Organic
S00466,U00147,2026-01-02T11:43:53Z,Desktop,Paid Search
S00467,U04124,2026-01-29T12:32:14Z,Mobile,Organic
S00468,U02808,2026-02-13T15:47:21Z,Desktop,Email
S00469,U07430,2026-03-04T13:04:47Z,Desktop,Organic
S00470,U01075,2026-02-21T00:41:46Z,Mobile,Social
S00471,U00307,2026-01-22T04:29:03Z,Mobile,Social
S00472,U05651,2026-03-26T03:56:10Z,Desktop,Organic
S00473,U05696,2026-03-12T09:12:06Z,Mobile,Organic
S00474,U02316,2026-02-23T03:49:11Z,Mobile,Paid Search
S00475,U07972,2026-03-19T07:16:21Z,Desktop,Social
S00476,U07645,2026-01-06T19:57:25Z,Mobile,Organic
S00477,U04192,2026-03-15T17:59:23Z,Mobile,Organic
S00478,U02164,2026-03-24T08:24:58Z,Mobile,Email
S00479,U03490,2026-01-06T10:34:45Z,Mobile,Social
S00480,U05302,2026-01-13T01:40:14Z,Mobile,Organic
S00481,U06677,2026-03-21T09:46:07Z,Desktop,Organic
S00482,U03918,2026-02-28T09:53:49Z,Desktop,Social
S00483,U00481,2026-03-25T06:04:20Z,Mobile,Social
S00484,U06573,2026-01-21T03:46:33Z,Mobile,Paid Search
S00485,U05958,2026-03-20T01:02:57Z,Desktop,Social
S00486,U03370,2026-01-17T17:35:18Z,Desktop,Organic
S00487,U07153,2026-03-15T20:34:17Z,Mobile,Email
S00488,U03948,2026-03-21T03:28:03Z,Mobile,Social
S00489,U01286,2026-03-13T22:18:55Z,Mobile,Paid Search
S00490,U02711,2026-01-22T02:43:32Z,Desktop,Organic
S00491,U03304,2026-01-07T18:27:24Z,Mobile,Paid Search
S00492,U00722,2026-01-11T16:42:54Z,Mobile,Paid Search
S00493,U05353,2026-02-27T11:30:26Z,Mobile,Paid Search
S00494,U04950,2026-03-13T19:59:31Z,Mobile,Organic
S00495,U05363,2026-03-23T11:05:24Z,Desktop,Paid Search
S00496,U06287,2026-01-07T08:06:58Z,Desktop,Organic
S00497,U01817,2026-02-16T16:28:34Z,Mobile,Social
S00498,U00376,2026-02-07T19:56:26Z,Mobile,Social
S00499,U03353,2026-03-05T05:06:48Z,Desktop,Social
S00500,U05872,2026-02-20T07:50:57Z,Mobile,Social
S00501,U05395,2026-03-17T04:29:10Z,Desktop,Paid Search
S00502,U05668,2026-03-03T18:30:28Z,Desktop,Email
S00503,U07951,2026-03-19T09:02:17Z,Mobile,Email
S00504,U02572,2026-03-07T10:52:59Z,Desktop,Paid Search
S00505,U05853,2026-03-12T23:01:53Z,Mobile,Organic
S00506,U02641,2026-01-17T06:28:26Z,Mobile,Social
S00507,U05466,2026-02-15T20:28:19Z,Mobile,Paid Search
S00508,U06622,2026-03-28T19:26:19Z,Mobile,Social
S00509,U06426,2026-03-29T09:07:21Z,Mobile,Organic
S00510,U06528,2026-03-24T20:26:06Z,Mobile,Paid Search
S00511,U07838,2026-02-06T01:42:37Z,Desktop,Paid Search
S00512,U06093,2026-03-29T11:23:00Z,Tablet,Organic
S00513,U05306,2026-02-26T08:12:43Z,Desktop,Social
S00514,U02410,2026-03-19T07:09:11Z,Desktop,Email
S00515,U02165,2026-01-16T13:44:00Z,Mobile,Organic
S00516,U00328,2026-01-01T12:02:07Z,Mobile,Email
S00517,U06471,2026-03-22T22:24:49Z,Desktop,Organic
S00518,U07237,2026-03-11T19:33:10Z,Mobile,Organic
S00519,U01969,2026-03-13T00:19:13Z,Mobile,Organic
S00520,U07256,2026-03-20T22:36:52Z,Mobile,Organic
S00521,U06312,2026-03-11T10:17:50Z,Mobile,Paid Search
S00522,U04210,2026-01-06T10:47:34Z,Desktop,Organic
S00523,U06790,2026-03-29T15:26:41Z,Desktop,Organic
S00524,U00311,2026-01-10T05:35:52Z,Mobile,Social
S00525,U03548,2026-02-03T14:50:29Z,Mobile,Paid Search
S00526,U06193,2026-03-10T00:12:53Z,Desktop,Paid Search
S00527,U02375,2026-01-06T02:38:34Z,Mobile,Paid Search
S00528,U03586,2026-02-08T22:05:03Z,Mobile,Social
S00529,U05549,2026-03-11T10:44:23Z,Tablet,Organic
S00530,U07167,2026-03-24T13:35:06Z,Tablet,Organic
S00531,U04199,2026-02-14T07:42:32Z,Mobile,Paid Search
S00532,U04497,2026-03-14T01:58:48Z,Desktop,Email
S00533,U01922,2026-03-04T12:02:45Z,Mobile,Social
S00534,U02592,2026-03-16T05:32:54Z,Mobile,Paid Search
S00535,U05835,2026-01-22T00:10:33Z,Mobile,Social
S00536,U06005,2026-02-25T10:04:24Z,Desktop,Organic
S00537,U05289,2026-02-15T11:07:18Z,Mobile,Organic
S00538,U05134,2026-01-18T19:36:37Z,Mobile,Social
S00539,U03319,2026-03-06T22:59:48Z,Mobile,Paid Search
S00540,U04422,2026-01-28T01:20:04Z,Mobile,Paid Search
S00541,U03807,2026-01-29T21:28:00Z,Desktop,Organic
S00542,U06608,2026-03-06T00:23:08Z,Desktop,Social
S00543,U01305,2026-03-29T06:02:17Z,Desktop,Organic
S00544,U06238,2026-01-19T17:36:13Z,Desktop,Organic
S00545,U00846,2026-02-28T01:41:26Z,Mobile,Paid Search
S00546,U03086,2026-02-05T09:35:13Z,Mobile,Paid Search
S00547,U01826,2026-01-10T18:48:40Z,Mobile,Email
S00548,U00055,2026-02-14T17:43:33Z,Desktop,Social
S00549,U01231,2026-01-30T02:48:24Z,Mobile,Organic
S00550,U00929,2026-01-16T08:23:11Z,Mobile,Organic
S00551,U01997,2026-03-17T05:52:14Z,Desktop,Paid Search
S00552,U01204,2026-01-18T22:55:15Z,Mobile,Social
S00553,U00153,2026-03-08T14:45:43Z,Mobile,Paid Search
S00554,U04969,2026-03-26T10:19:12Z,Desktop,Organic
S00555,U01170,2026-03-03T06:12:36Z,Mobile,Paid Search
S00556,U05933,2026-01-24T22:41:25Z,Desktop,Organic
S00557,U00136,2026-01-09T08:22:02Z,Mobile,Organic
S00558,U05037,2026-01-20T22:02:45Z,Mobile,Paid Search
S00559,U04944,2026-01-16T03:23:34Z,Mobile,Organic
S00560,U00356,2026-03-28T15:42:37Z,Mobile,Paid Search
S00561,U06239,2026-02-18T12:45:43Z,Mobile,Social
S00562,U06274,2026-03-15T03:33:27Z,Mobile,Organic
S00563,U05635,2026-01-16T18:55:26Z,Mobile,Social
S00564,U04796,2026-02-22T13:11:23Z,Mobile,Paid Search
S00565,U06185,2026-02-16T22:16:40Z,Mobile,Social
S00566,U02079,2026-03-03T06:30:25Z,Mobile,Paid Search
S00567,U01132,2026-03-15T12:32:15Z,Desktop,Paid Search
S00568,U05729,2026-03-26T04:20:08Z,Desktop,Paid Search
S00569,U06561,2026-01-13T07:48:29Z,Mobile,Social
S00570,U01817,2026-03-02T21:51:15Z,Mobile,Organic
S00571,U07894,2026-02-21T22:21:13Z,Desktop,Organic
S00572,U06586,2026-02-26T00:23:23Z,Mobile,Social
S00573,U07993,2026-03-28T01:18:46Z,Mobile,Social
S00574,U00126,2026-02-15T14:23:12Z,Mobile,Organic
S00575,U04581,2026-01-09T03:16:58Z,Mobile,Social
S00576,U04968,2026-02-14T12:39:04Z,Tablet,Organic
S00577,U03336,2026-02-28T14:42:27Z,Mobile,Organic
S00578,U05687,2026-02-02T19:35:04Z,Desktop,Paid Search
S00579,U03775,2026-02-01T12:22:00Z,Tablet,Paid Search
S00580,U05191,2026-01-04T17:32:52Z,Mobile,Organic
S00581,U02893,2026-01-29T08:22:17Z,Desktop,Paid Search
S00582,U06135,2026-02-03T09:02:19Z,Mobile,Paid Search
S00583,U02897,2026-01-10T20:11:26Z,Desktop,Paid Search
S00584,U05068,2026-01-27T08:20:42Z,Mobile,Organic
S00585,U03041,2026-01-01T19:42:52Z,Tablet,Social
S00586,U07504,2026-03-15T10:00:09Z,Mobile,Email
S00587,U07049,2026-03-03T19:41:19Z,Mobile,Organic
S00588,U00097,2026-01-16T18:52:02Z,Mobile,Social
S00589,U04494,2026-02-11T13:09:55Z,Desktop,Organic
S00590,U01725,2026-03-20T12:29:30Z,Mobile,Paid Search
S00591,U04718,2026-02-21T10:10:51Z,Mobile,Paid Search
S00592,U01195,2026-01-31T20:13:09Z,Mobile,Paid Search
S00593,U04093,2026-01-20T17:13:15Z,Desktop,Organic
S00594,U04652,2026-02-10T17:43:02Z,Mobile,Paid Search
S00595,U05160,2026-01-08T07:50:41Z,Desktop,Paid Search
S00596,U05318,2026-03-28T22:02:54Z,Mobile,Paid Search
S00597,U07288,2026-03-28T18:35:04Z,Mobile,Social
S00598,U07607,2026-03-22T05:16:25Z,Desktop,Paid Search
S00599,U02569,2026-02-21T02:35:51Z,Mobile,Organic
S00600,U07069,2026-03-19T14:23:53Z,Mobile,Paid Search
S00601,U01507,2026-03-17T18:58:00Z,Tablet,Paid Search
S00602,U05741,2026-01-17T08:32:33Z,Desktop,Email
S00603,U00691,2026-03-09T03:01:51Z,Mobile,Paid Search
S00604,U01398,2026-02-26T22:48:34Z,Mobile,Paid Search
S00605,U07659,2026-02-11T17:20:10Z,Mobile,Social
S00606,U07446,2026-02-25T19:03:30Z,Desktop,Paid Search
S00607,U02818,2026-01-01T19:03:12Z,Desktop,Social
S00608,U02400,2026-03-03T10:54:30Z,Mobile,Paid Search
S00609,U02048,2026-01-25T14:59:27Z,Desktop,Paid Search
S00610,U01963,2026-02-18T08:01:53Z,Mobile,Paid Search
S00611,U06626,2026-03-29T09:53:53Z,Mobile,Social
S00612,U05061,2026-01-24T04:58:27Z,Mobile,Paid Search
S00613,U00182,2026-02-11T00:42:22Z,Mobile,Email
S00614,U01780,2026-01-02T08:28:34Z,Mobile,Organic
S00615,U02706,2026-03-05T13:31:19Z,Mobile,Social
S00616,U03153,2026-01-02T04:26:25Z,Tablet,Social
S00617,U03776,2026-02-26T08:59:56Z,Desktop,Organic
S00618,U03188,2026-01-13T18:58:26Z,Desktop,Organic
S00619,U04503,2026-01-21T22:54:25Z,Desktop,Social
S00620,U05462,2026-02-08T07:14:07Z,Mobile,Organic
S00621,U07937,2026-03-16T04:21:22Z,Mobile,Organic
S00622,U04096,2026-01-20T13:31:19Z,Desktop,Organic
S00623,U06460,2026-01-17T17:45:42Z,Mobile,Email
S00624,U05935,2026-02-26T07:01:32Z,Mobile,Paid Search
S00625,U01555,2026-02-26T20:21:12Z,Mobile,Social
S00626,U07050,2026-03-01T10:01:27Z,Desktop,Paid Search
S00627,U03720,2026-02-27T10:45:54Z,Desktop,Paid Search
S00628,U05081,2026-01-24T00:40:53Z,Desktop,Paid Search
S00629,U06273,2026-03-10T14:06:29Z,Mobile,Social
S00630,U00547,2026-02-22T11:43:28Z,Mobile,Paid Search
S00631,U02097,2026-02-19T17:50:13Z,Mobile,Social
S00632,U04026,2026-01-10T00:28:35Z,Desktop,Organic
S00633,U04572,2026-01-11T17:02:29Z,Desktop,Organic
S00634,U05054,2026-02-23T13:26:14Z,Desktop,Organic
S00635,U00796,2026-02-08T02:50:15Z,Desktop,Email
S00636,U05123,2026-01-25T07:01:52Z,Mobile,Organic
S00637,U05232,2026-03-13T20:19:16Z,Mobile,Organic
S00638,U03290,2026-02-24T03:47:24Z,Mobile,Organic
S00639,U05188,2026-03-12T11:49:13Z,Desktop,Paid Search
S00640,U07587,2026-03-14T19:51:56Z,Mobile,Social
S00641,U05950,2026-02-16T16:28:17Z,Mobile,Paid Search
S00642,U02461,2026-03-08T04:55:05Z,Tablet,Organic
S00643,U05651,2026-01-28T11:27:55Z,Mobile,Social
S00644,U01268,2026-03-12T18:36:53Z,Mobile,Email
S00645,U06016,2026-01-12T20:46:14Z,Mobile,Email
S00646,U04721,2026-01-23T17:46:39Z,Desktop,Social
S00647,U06622,2026-01-13T21:40:18Z,Desktop,Organic
S00648,U07621,2026-02-12T12:40:03Z,Desktop,Paid Search
S00649,U05179,2026-01-30T21:55:44Z,Desktop,Paid Search
S00650,U05717,2026-02-10T19:39:29Z,Mobile,Organic
S00651,U00738,2026-02-20T16:13:27Z,Desktop,Paid Search
S00652,U06106,2026-01-19T04:48:46Z,Mobile,Paid Search
S00653,U04681,2026-03-03T20:21:48Z,Mobile,Paid Search
S00654,U03524,2026-03-09T08:57:55Z,Mobile,Organic
S00655,U06731,2026-01-04T11:05:53Z,Mobile,Organic
S00656,U06703,2026-02-26T22:41:21Z,Mobile,Organic
S00657,U02500,2026-02-06T00:30:00Z,Mobile,Social
S00658,U02119,2026-03-10T07:42:50Z,Mobile,Paid Search
S00659,U04316,2026-01-19T00:40:10Z,Mobile,Email
S00660,U00069,2026-03-21T09:52:37Z,Mobile,Social
S00661,U07106,2026-03-26T13:06:54Z,Desktop,Organic
S00662,U05814,2026-02-19T08:24:59Z,Tablet,Paid Search
S00663,U07920,2026-03-18T19:21:12Z,Mobile,Organic
S00664,U04107,2026-03-29T12:48:45Z,Mobile,Organic
S00665,U01848,2026-02-19T01:04:22Z,Desktop,Email
S00666,U07150,2026-01-12T13:54:56Z,Mobile,Social
S00667,U04960,2026-03-15T05:33:41Z,Mobile,Organic
S00668,U04292,2026-01-26T05:01:42Z,Mobile,Social
S00669,U01295,2026-02-25T05:17:05Z,Desktop,Paid Search
S00670,U05957,2026-01-16T06:42:14Z,Mobile,Social
S00671,U06732,2026-02-22T14:58:23Z,Mobile,Social
S00672,U01514,2026-02-05T05:31:57Z,Desktop,Organic
S00673,U01892,2026-03-19T20:38:43Z,Desktop,Paid Search
S00674,U01854,2026-02-19T17:53:34Z,Mobile,Organic
S00675,U06208,2026-02-22T08:06:10Z,Desktop,Email
S00676,U03749,2026-02-26T22:27:59Z,Mobile,Organic
S00677,U06753,2026-02-24T14:44:26Z,Desktop,Paid Search
S00678,U05769,2026-03-15T21:37:11Z,Mobile,Paid Search
S00679,U00348,2026-03-08T03:58:48Z,Mobile,Social
S00680,U00322,2026-02-01T18:53:07Z,Mobile,Email
S00681,U02495,2026-01-07T06:54:44Z,Mobile,Paid Search
S00682,U07529,2026-02-06T16:47:49Z,Mobile,Organic
S00683,U01473,2026-03-01T16:26:44Z,Mobile,Paid Search
S00684,U03694,2026-03-31T19:53:38Z,Mobile,Paid Search
S00685,U05314,2026-01-26T16:33:16Z,Mobile,Organic
S00686,U05195,2026-01-21T04:29:53Z,Mobile,Social
S00687,U03118,2026-03-07T22:17:05Z,Desktop,Paid Search
S00688,U06301,2026-03-14T05:27:52Z,Mobile,Organic
S00689,U03656,2026-02-23T11:12:58Z,Mobile,Social
S00690,U04077,2026-01-01T22:40:00Z,Desktop,Organic
S00691,U01777,2026-03-11T00:12:33Z,Desktop,Paid Search
S00692,U07227,2026-02-26T02:53:27Z,Desktop,Organic
S00693,U02860,2026-01-27T01:46:51Z,Mobile,Organic
S00694,U00893,2026-03-19T10:51:57Z,Mobile,Organic
S00695,U02951,2026-03-13T06:27:34Z,Tablet,Social
S00696,U06720,2026-01-12T10:53:49Z,Mobile,Social
S00697,U07041,2026-01-09T10:39:42Z,Mobile,Organic
S00698,U05978,2026-01-27T07:36:40Z,Desktop,Organic
S00699,U07651,2026-03-09T03:11:31Z,Mobile,Social
S00700,U04305,2026-02-06T15:32:54Z,Desktop,Organic
S00701,U05177,2026-01-17T22:21:56Z,Mobile,Paid Search
S00702,U00197,2026-01-30T10:34:34Z,Tablet,Organic
S00703,U02735,2026-01-27T22:24:09Z,Tablet,Paid Search
S00704,U05619,2026-03-06T20:01:28Z,Mobile,Organic
S00705,U06831,2026-03-20T01:03:36Z,Desktop,Organic
S00706,U07308,2026-01-05T04:56:33Z,Mobile,Paid Search
S00707,U06084,2026-02-12T16:50:16Z,Desktop,Paid Search
S00708,U00256,2026-02-15T02:24:38Z,Tablet,Organic
S00709,U00958,2026-01-22T20:47:19Z,Desktop,Organic
S00710,U00712,2026-02-09T11:27:02Z,Desktop,Organic
S00711,U03066,2026-02-08T07:52:09Z,Mobile,Organic
S00712,U03954,2026-01-26T03:22:17Z,Mobile,Organic
S00713,U07159,2026-01-20T06:55:31Z,Mobile,Paid Search
S00714,U03176,2026-03-08T04:49:55Z,Mobile,Organic
S00715,U05629,2026-03-08T04:13:02Z,Mobile,Email
S00716,U04265,2026-01-12T12:08:04Z,Mobile,Organic
S00717,U07309,2026-02-09T00:49:06Z,Mobile,Organic
S00718,U07851,2026-02-04T05:26:11Z,Mobile,Organic
S00719,U04429,2026-01-22T02:35:37Z,Mobile,Social
S00720,U03653,2026-03-18T21:34:53Z,Desktop,Social
S00721,U06263,2026-01-26T19:25:24Z,Mobile,Email
S00722,U07055,2026-03-01T17:07:55Z,Mobile,Organic
S00723,U05450,2026-02-03T13:13:58Z,Mobile,Social
S00724,U03779,2026-01-04T02:22:47Z,Mobile,Paid Search
S00725,U00844,2026-02-06T12:41:33Z,Desktop,Organic
S00726,U03952,2026-01-31T22:36:19Z,Mobile,Organic
S00727,U05486,2026-02-13T19:49:32Z,Desktop,Organic
S00728,U00800,2026-01-15T21:33:36Z,Mobile,Organic
S00729,U00891,2026-01-23T11:12:54Z,Tablet,Organic
S00730,U00742,2026-02-18T11:55:14Z,Mobile,Social
S00731,U03711,2026-03-23T00:00:24Z,Desktop,Social
S00732,U02456,2026-02-27T07:07:26Z,Mobile,Social
S00733,U05010,2026-02-25T12:32:03Z,Tablet,Paid Search
S00734,U07382,2026-02-21T04:38:38Z,Desktop,Organic
S00735,U01928,2026-02-15T03:59:38Z,Desktop,Social
S00736,U01731,2026-02-10T13:56:13Z,Mobile,Paid Search
S00737,U01101,2026-01-20T10:30:10Z,Tablet,Social
S00738,U03723,2026-02-28T22:00:23Z,Desktop,Paid Search
S00739,U00061,2026-02-19T12:56:10Z,Mobile,Paid Search
S00740,U00275,2026-02-04T14:57:29Z,Desktop,Paid Search
S00741,U03945,2026-03-14T17:35:42Z,Desktop,Organic
S00742,U07040,2026-01-11T05:10:23Z,Desktop,Paid Search
S00743,U04998,2026-02-05T16:55:40Z,Mobile,Paid Search
S00744,U04749,2026-03-26T02:50:34Z,Desktop,Paid Search
S00745,U03844,2026-03-10T00:23:33Z,Mobile,Paid Search
S00746,U04896,2026-02-07T10:31:47Z,Mobile,Social
S00747,U01386,2026-03-14T09:28:56Z,Mobile,Paid Search
S00748,U04142,2026-03-21T00:59:38Z,Mobile,Organic
S00749,U01437,2026-03-17T05:30:09Z,Desktop,Paid Search
S00750,U01189,2026-03-09T01:12:17Z,Mobile,Organic
S00751,U05224,2026-02-22T13:57:02Z,Mobile,Paid Search
S00752,U00951,2026-02-14T01:58:40Z,Desktop,Social
S00753,U04363,2026-02-08T17:20:25Z,Desktop,Social
S00754,U07596,2026-01-19T19:18:46Z,Desktop,Organic
S00755,U00337,2026-02-18T11:29:37Z,Tablet,Social
S00756,U02745,2026-02-25T22:13:37Z,Desktop,Social
S00757,U01474,2026-03-17T07:05:49Z,Mobile,Social
S00758,U05616,2026-01-09T00:26:07Z,Mobile,Paid Search
S00759,U00466,2026-02-02T07:01:47Z,Mobile,Paid Search
S00760,U05801,2026-03-26T07:53:39Z,Tablet,Paid Search
S00761,U07372,2026-01-12T22:00:57Z,Mobile,Social
S00762,U07670,2026-03-31T06:42:31Z,Mobile,Paid Search
S00763,U06309,2026-02-05T15:32:45Z,Desktop,Social
S00764,U00493,2026-02-05T02:16:17Z,Mobile,Organic
S00765,U03533,2026-01-23T17:54:54Z,Mobile,Paid Search
S00766,U02053,2026-01-14T01:16:09Z,Mobile,Paid Search
S00767,U07643,2026-01-03T18:07:14Z,Mobile,Paid Search
S00768,U04020,2026-03-15T00:08:05Z,Mobile,Email
S00769,U05647,2026-01-09T19:39:55Z,Mobile,Paid Search
S00770,U02941,2026-03-03T04:24:46Z,Mobile,Email
S00771,U02786,2026-03-24T03:18:03Z,Mobile,Social
S00772,U03148,2026-02-07T07:23:43Z,Mobile,Organic
S00773,U07252,2026-01-14T22:57:36Z,Desktop,Paid Search
S00774,U06651,2026-03-11T11:12:14Z,Mobile,Email
S00775,U07162,2026-03-27T19:02:46Z,Mobile,Social
S00776,U01989,2026-01-03T17:09:23Z,Desktop,Paid Search
S00777,U00524,2026-01-13T16:36:33Z,Desktop,Social
S00778,U01807,2026-01-14T04:09:25Z,Mobile,Social
S00779,U04719,2026-03-28T14:38:12Z,Mobile,Email
S00780,U00990,2026-01-28T01:39:35Z,Mobile,Organic
S00781,U00129,2026-01-13T23:01:03Z,Desktop,Social
S00782,U05790,2026-01-11T00:13:52Z,Mobile,Email
S00783,U00309,2026-02-22T08:42:39Z,Desktop,Paid Search
S00784,U03431,2026-01-12T22:50:07Z,Desktop,Organic
S00785,U04158,2026-03-21T13:10:35Z,Desktop,Email
S00786,U05614,2026-02-05T01:55:55Z,Mobile,Social
S00787,U00354,2026-03-02T18:06:50Z,Mobile,Social
S00788,U06213,2026-02-25T09:09:09Z,Mobile,Social
S00789,U04219,2026-03-10T06:24:13Z,Mobile,Organic
S00790,U05545,2026-03-17T21:06:30Z,Mobile,Organic
S00791,U06044,2026-01-30T04:00:35Z,Mobile,Organic
S00792,U07295,2026-01-29T02:40:37Z,Mobile,Paid Search
S00793,U05897,2026-02-28T06:28:58Z,Mobile,Organic
S00794,U00489,2026-01-26T12:13:45Z,Mobile,Social
S00795,U07262,2026-02-28T15:13:37Z,Mobile,Organic
S00796,U04529,2026-03-23T22:15:54Z,Desktop,Paid Search
S00797,U01774,2026-01-12T14:59:21Z,Desktop,Paid Search
S00798,U07306,2026-02-01T09:01:23Z,Mobile,Paid Search
S00799,U00363,2026-01-20T20:53:16Z,Desktop,Paid Search
S00800,U06634,2026-03-06T01:13:26Z,Mobile,Paid Search
S00801,U06170,2026-01-13T16:28:22Z,Mobile,Organic
S00802,U00744,2026-01-17T13:02:56Z,Mobile,Paid Search
S00803,U01136,2026-03-16T00:53:19Z,Tablet,Paid Search
S00804,U03804,2026-02-21T06:44:01Z,Desktop,Paid Search
S00805,U00268,2026-01-10T14:00:46Z,Desktop,Organic
S00806,U05609,2026-03-20T19:44:58Z,Mobile,Organic
S00807,U07275,2026-01-08T18:44:27Z,Desktop,Social
S00808,U04578,2026-03-21T01:29:17Z,Mobile,Organic
S00809,U00931,2026-01-27T05:02:21Z,Tablet,Organic
S00810,U02626,2026-03-31T07:38:18Z,Desktop,Social
S00811,U03707,2026-02-24T10:05:25Z,Mobile,Paid Search
S00812,U02395,2026-03-02T19:21:57Z,Desktop,Paid Search
S00813,U00716,2026-03-30T02:23:21Z,Mobile,Social
S00814,U01213,2026-01-10T03:58:54Z,Mobile,Organic
S00815,U04436,2026-03-22T00:49:34Z,Mobile,Email
S00816,U00176,2026-03-02T12:37:22Z,Mobile,Social
S00817,U05293,2026-03-08T12:13:44Z,Mobile,Organic
S00818,U04494,2026-03-04T21:36:12Z,Desktop,Paid Search
S00819,U03047,2026-02-09T06:15:09Z,Desktop,Organic
S00820,U01363,2026-01-07T05:24:03Z,Mobile,Paid Search
S00821,U05676,2026-02-06T06:38:11Z,Tablet,Social
S00822,U02594,2026-01-20T05:52:15Z,Mobile,Organic
S00823,U01332,2026-02-14T05:23:11Z,Mobile,Paid Search
S00824,U07601,2026-02-21T18:10:59Z,Desktop,Email
S00825,U03883,2026-03-11T18:28:27Z,Mobile,Social
S00826,U07556,2026-03-15T05:21:18Z,Desktop,Social
S00827,U00204,2026-01-06T05:04:34Z,Desktop,Organic
S00828,U04780,2026-01-12T11:52:57Z,Mobile,Paid Search
S00829,U04942,2026-01-12T18:38:01Z,Mobile,Paid Search
S00830,U03029,2026-02-16T14:28:28Z,Mobile,Social
S00831,U00718,2026-02-14T11:13:01Z,Tablet,Social
S00832,U07950,2026-02-23T16:06:39Z,Mobile,Social
S00833,U01177,2026-02-23T05:04:53Z,Desktop,Paid Search
S00834,U06195,2026-03-09T12:12:43Z,Mobile,Email
S00835,U04538,2026-01-18T07:15:17Z,Mobile,Paid Search
S00836,U00220,2026-02-08T17:59:22Z,Mobile,Paid Search
S00837,U05215,2026-01-20T09:33:49Z,Mobile,Paid Search
S00838,U05283,2026-02-06T15:11:17Z,Mobile,Email
S00839,U03937,2026-03-05T02:25:45Z,Mobile,Paid Search
S00840,U00144,2026-03-02T04:21:14Z,Mobile,Social
S00841,U07196,2026-01-21T21:10:38Z,Mobile,Organic
S00842,U07671,2026-02-15T01:46:25Z,Mobile,Paid Search
S00843,U02643,2026-01-24T03:26:27Z,Mobile,Organic
S00844,U02970,2026-03-29T10:57:42Z,Mobile,Social
S00845,U06380,2026-01-19T00:28:10Z,Mobile,Organic
S00846,U06813,2026-01-21T03:43:44Z,Mobile,Paid Search
S00847,U06575,2026-03-09T19:22:22Z,Desktop,Social
S00848,U02553,2026-01-15T04:46:40Z,Desktop,Paid Search
S00849,U05816,2026-03-18T19:02:46Z,Desktop,Organic
S00850,U06205,2026-02-24T04:04:03Z,Mobile,Social
S00851,U07538,2026-02-08T00:22:26Z,Desktop,Social
S00852,U06113,2026-01-24T12:47:56Z,Mobile,Organic
S00853,U06397,2026-03-16T12:39:51Z,Mobile,Social
S00854,U04737,2026-01-31T18:22:59Z,Mobile,Organic
S00855,U01408,2026-03-09T07:54:02Z,Desktop,Email
S00856,U01754,2026-03-10T00:09:27Z,Tablet,Organic
S00857,U05518,2026-03-02T13:20:33Z,Desktop,Organic
S00858,U04213,2026-01-24T12:55:07Z,Tablet,Paid Search
S00859,U04062,2026-02-10T04:30:02Z,Mobile,Paid Search
S00860,U04045,2026-02-06T20:17:04Z,Desktop,Organic
S00861,U07008,2026-02-09T16:09:50Z,Mobile,Paid Search
S00862,U04028,2026-03-02T13:22:41Z,Mobile,Email
S00863,U05694,2026-03-26T03:05:41Z,Mobile,Paid Search
S00864,U01641,2026-01-22T02:21:21Z,Mobile,Organic
S00865,U06562,2026-02-05T21:11:13Z,Mobile,Social
S00866,U04190,2026-03-27T21:57:38Z,Tablet,Email
S00867,U01468,2026-01-07T02:29:02Z,Mobile,Organic
S00868,U05424,2026-03-08T17:55:12Z,Desktop,Organic
S00869,U03526,2026-03-11T19:54:06Z,Mobile,Social
S00870,U03626,2026-01-16T13:58:03Z,Mobile,Social
S00871,U05864,2026-02-08T05:58:34Z,Mobile,Organic
S00872,U03899,2026-03-04T20:09:45Z,Desktop,Paid Search
S00873,U05054,2026-02-20T09:35:23Z,Mobile,Email
S00874,U02796,2026-02-14T21:15:41Z,Mobile,Social
S00875,U02029,2026-02-15T14:59:52Z,Mobile,Social
S00876,U01391,2026-03-30T02:23:05Z,Desktop,Organic
S00877,U05702,2026-03-14T18:44:30Z,Desktop,Organic
S00878,U06622,2026-02-18T20:45:57Z,Mobile,Paid Search
S00879,U07942,2026-03-27T12:21:44Z,Mobile,Organic
S00880,U02436,2026-01-10T19:30:32Z,Mobile,Organic
S00881,U05880,2026-02-21T08:13:27Z,Desktop,Email
S00882,U06564,2026-01-13T21:32:56Z,Mobile,Organic
S00883,U03395,2026-02-08T15:45:42Z,Desktop,Organic
S00884,U05762,2026-03-27T19:56:10Z,Mobile,Organic
S00885,U06627,2026-01-28T17:00:49Z,Mobile,Paid Search
S00886,U01211,2026-03-22T02:10:48Z,Mobile,Paid Search
S00887,U05194,2026-02-22T11:36:06Z,Desktop,Email
S00888,U06777,2026-01-15T05:27:35Z,Mobile,Organic
S00889,U01306,2026-02-25T15:21:54Z,Desktop,Organic
S00890,U02572,2026-03-04T00:43:29Z,Mobile,Social
S00891,U03252,2026-02-22T13:13:56Z,Desktop,Social
S00892,U07643,2026-01-18T08:35:38Z,Mobile,Social
S00893,U04914,2026-03-09T09:10:04Z,Mobile,Organic
S00894,U01754,2026-01-31T15:23:46Z,Mobile,Organic
S00895,U04018,2026-02-26T14:52:06Z,Mobile,Paid Search
S00896,U02525,2026-01-19T13:12:58Z,Mobile,Paid Search
S00897,U05235,2026-01-07T08:43:34Z,Mobile,Paid Search
S00898,U03625,2026-02-16T04:26:37Z,Mobile,Organic
S00899,U01929,2026-02-02T10:57:18Z,Mobile,Social
S00900,U03329,2026-03-22T11:32:53Z,Desktop,Social
S00901,U03860,2026-02-05T02:54:58Z,Desktop,Email
S00902,U02883,2026-01-13T05:50:16Z,Desktop,Paid Search
S00903,U01506,2026-02-28T00:59:44Z,Desktop,Paid Search
S00904,U05319,2026-02-01T18:48:01Z,Desktop,Social
S00905,U03919,2026-03-18T14:56:20Z,Desktop,Organic
S00906,U02684,2026-01-18T09:29:27Z,Mobile,Paid Search
S00907,U07180,2026-01-26T03:04:22Z,Mobile,Organic
S00908,U07981,2026-03-24T22:16:56Z,Desktop,Email
S00909,U02132,2026-01-22T01:48:45Z,Mobile,Paid Search
S00910,U07751,2026-03-05T04:18:53Z,Mobile,Organic
S00911,U03534,2026-02-04T10:29:03Z,Desktop,Paid Search
S00912,U05548,2026-03-18T07:50:54Z,Tablet,Organic
S00913,U05061,2026-01-19T01:02:51Z,Mobile,Organic
S00914,U07139,2026-03-29T16:40:52Z,Mobile,Paid Search
S00915,U00781,2026-02-19T15:24:41Z,Desktop,Organic
S00916,U00044,2026-03-27T21:46:51Z,Desktop,Social
S00917,U00337,2026-02-20T13:30:14Z,Mobile,Social
S00918,U03547,2026-03-01T04:48:10Z,Mobile,Social
S00919,U06127,2026-01-17T18:10:32Z,Desktop,Social
S00920,U04236,2026-02-03T22:18:58Z,Desktop,Email
S00921,U06540,2026-01-20T20:13:53Z,Desktop,Social
S00922,U04595,2026-03-05T01:29:06Z,Mobile,Email
S00923,U05433,2026-01-22T18:31:21Z,Desktop,Paid Search
S00924,U07541,2026-01-01T19:09:05Z,Desktop,Organic
S00925,U01000,2026-02-12T00:56:42Z,Mobile,Email
S00926,U06806,2026-01-14T11:46:46Z,Mobile,Organic
S00927,U00360,2026-02-04T21:38:03Z,Desktop,Organic
S00928,U04483,2026-02-06T11:45:58Z,Desktop,Social
S00929,U07906,2026-02-18T03:22:10Z,Mobile,Organic
S00930,U03183,2026-02-21T03:14:50Z,Mobile,Organic
S00931,U03542,2026-02-06T05:36:42Z,Mobile,Paid Search
S00932,U06817,2026-02-09T21:58:23Z,Mobile,Social
S00933,U00740,2026-02-19T17:20:47Z,Mobile,Paid Search
S00934,U00762,2026-02-17T22:21:00Z,Mobile,Paid Search
S00935,U07625,2026-03-28T08:09:50Z,Desktop,Social
S00936,U06567,2026-01-11T10:35:03Z,Mobile,Organic
S00937,U02421,2026-03-29T10:56:15Z,Desktop,Paid Search
S00938,U06297,2026-03-14T09:13:31Z,Mobile,Paid Search
S00939,U00371,2026-03-01T06:32:14Z,Desktop,Social
S00940,U07920,2026-02-28T16:22:55Z,Desktop,Organic
S00941,U04949,2026-01-24T07:41:05Z,Mobile,Social
S00942,U05373,2026-01-03T00:12:46Z,Mobile,Organic
S00943,U05053,2026-03-19T17:43:15Z,Mobile,Social
S00944,U06685,2026-01-12T04:33:15Z,Mobile,Organic
S00945,U03570,2026-01-27T17:31:00Z,Desktop,Paid Search
S00946,U01214,2026-03-10T06:57:03Z,Mobile,Social
S00947,U04795,2026-02-26T17:39:36Z,Mobile,Social
S00948,U06944,2026-02-20T01:51:14Z,Mobile,Organic
S00949,U04541,2026-02-23T18:02:52Z,Desktop,Paid Search
S00950,U05937,2026-01-05T17:44:57Z,Mobile,Paid Search
S00951,U07284,2026-03-12T02:18:44Z,Mobile,Paid Search
S00952,U01322,2026-03-24T12:37:31Z,Mobile,Paid Search
S00953,U05612,2026-02-26T08:27:02Z,Mobile,Paid Search
S00954,U05828,2026-03-26T17:03:22Z,Mobile,Organic
S00955,U06919,2026-03-28T13:06:59Z,Desktop,Social
S00956,U04963,2026-01-12T17:34:53Z,Mobile,Organic
S00957,U00149,2026-03-05T11:03:20Z,Mobile,Paid Search
S00958,U00262,2026-01-21T06:21:40Z,Desktop,Social
S00959,U04604,2026-02-13T15:40:42Z,Mobile,Organic
S00960,U07343,2026-02-15T01:41:57Z,Desktop,Paid Search
S00961,U03745,2026-01-14T01:50:08Z,Desktop,Paid Search
S00962,U07032,2026-01-15T03:51:19Z,Desktop,Paid Search
S00963,U00968,2026-03-13T01:31:41Z,Mobile,Organic
S00964,U06243,2026-02-16T05:43:02Z,Desktop,Social
S00965,U02797,2026-02-23T00:14:23Z,Mobile,Social
S00966,U06171,2026-02-23T13:07:50Z,Desktop,Organic
S00967,U07521,2026-02-23T08:18:28Z,Mobile,Paid Search
S00968,U06310,2026-03-08T13:10:18Z,Desktop,Paid Search
S00969,U01347,2026-01-11T12:19:02Z,Mobile,Email
S00970,U05175,2026-03-26T05:29:45Z,Desktop,Organic
S00971,U07257,2026-03-26T18:55:28Z,Tablet,Paid Search
S00972,U04324,2026-02-10T12:31:49Z,Mobile,Organic
S00973,U05065,2026-02-27T07:28:07Z,Desktop,Paid Search
S00974,U00691,2026-03-25T14:43:39Z,Desktop,Social
S00975,U00761,2026-01-17T18:56:59Z,Tablet,Organic
S00976,U04424,2026-03-23T05:49:35Z,Mobile,Social
S00977,U00492,2026-02-08T15:23:30Z,Tablet,Organic
S00978,U06198,2026-02-03T22:49:40Z,Mobile,Organic
S00979,U06598,2026-03-15T00:11:23Z,Mobile,Email
S00980,U02452,2026-03-22T19:24:59Z,Desktop,Organic
S00981,U04231,2026-02-18T18:55:13Z,Desktop,Organic
S00982,U00510,2026-01-19T15:29:56Z,Desktop,Organic
S00983,U04819,2026-02-27T02:50:33Z,Mobile,Paid Search
S00984,U05645,2026-03-16T18:09:42Z,Desktop,Email
S00985,U01042,2026-03-04T15:10:46Z,Desktop,Organic
S00986,U01285,2026-01-16T07:44:31Z,Mobile,Organic
S00987,U00991,2026-02-17T04:19:26Z,Desktop,Paid Search
S00988,U01165,2026-02-08T10:42:12Z,Mobile,Social
S00989,U02323,2026-02-23T01:46:16Z,Desktop,Organic
S00990,U05899,2026-02-27T12:17:59Z,Desktop,Paid Search
S00991,U03686,2026-01-17T05:02:36Z,Mobile,Paid Search
S00992,U03356,2026-02-11T03:15:06Z,Desktop,Social
S00993,U07094,2026-01-06T16:07:57Z,Desktop,Paid Search
S00994,U00698,2026-02-09T20:25:37Z,Desktop,Paid Search
S00995,U04118,2026-01-07T20:45:43Z,Mobile,Social
S00996,U06446,2026-01-16T19:21:51Z,Mobile,Organic
S00997,U04027,2026-03-10T22:05:41Z,Mobile,Paid Search
S00998,U07043,2026-01-03T12:22:38Z,Mobile,Paid Search
S00999,U06294,2026-03-11T06:07:20Z,Mobile,Organic
S01000,U01487,2026-03-28T06:09:36Z,Mobile,Email
S01001,U00425,2026-02-03T13:40:19Z,Desktop,Social
S01002,U00943,2026-03-05T18:31:06Z,Desktop,Paid Search
S01003,U01915,2026-02-22T02:22:59Z,Mobile,Paid Search
S01004,U00832,2026-01-03T09:47:59Z,Mobile,Paid Search
S01005,U06933,2026-01-17T11:05:26Z,Mobile,Paid Search
S01006,U02009,2026-01-19T13:35:29Z,Mobile,Organic
S01007,U07874,2026-03-13T16:26:50Z,Mobile,Social
S01008,U03951,2026-02-07T06:05:39Z,Mobile,Email
S01009,U06887,2026-02-18T12:47:41Z,Desktop,Organic
S01010,U04136,2026-03-13T10:10:29Z,Desktop,Organic
S01011,U05798,2026-02-10T12:28:29Z,Desktop,Email
S01012,U02691,2026-02-11T12:26:18Z,Mobile,Email
S01013,U05511,2026-01-01T22:09:54Z,Mobile,Email
S01014,U05318,2026-03-04T14:18:03Z,Mobile,Social
S01015,U06292,2026-02-18T21:53:35Z,Mobile,Organic
S01016,U03642,2026-01-02T04:32:33Z,Mobile,Email
S01017,U05122,2026-03-29T13:01:40Z,Mobile,Social
S01018,U04965,2026-01-05T10:13:19Z,Mobile,Social
S01019,U04099,2026-03-23T14:25:15Z,Mobile,Organic
S01020,U02127,2026-01-09T21:24:51Z,Mobile,Organic
S01021,U06945,2026-01-30T19:02:41Z,Desktop,Organic
S01022,U03499,2026-03-29T20:23:35Z,Desktop,Organic
S01023,U01840,2026-02-16T18:49:57Z,Desktop,Social
S01024,U07210,2026-02-10T00:11:16Z,Mobile,Organic
S01025,U01613,2026-01-29T15:25:50Z,Tablet,Email
S01026,U03880,2026-03-22T12:10:17Z,Desktop,Organic
S01027,U06355,2026-02-12T18:55:14Z,Desktop,Email
S01028,U00498,2026-03-22T16:15:17Z,Mobile,Organic
S01029,U06412,2026-02-18T11:24:22Z,Desktop,Social
S01030,U03368,2026-02-07T13:53:18Z,Mobile,Paid Search
S01031,U03508,2026-03-21T00:23:10Z,Mobile,Paid Search
S01032,U06414,2026-03-21T03:41:14Z,Mobile,Email
S01033,U04696,2026-01-09T21:35:10Z,Desktop,Organic
S01034,U04204,2026-01-06T02:12:08Z,Mobile,Paid Search
S01035,U01193,2026-02-15T11:19:48Z,Mobile,Paid Search
S01036,U05388,2026-02-07T13:25:43Z,Tablet,Paid Search
S01037,U07443,2026-02-24T12:31:04Z,Mobile,Organic
S01038,U04914,2026-03-27T17:19:14Z,Desktop,Email
S01039,U00859,2026-02-12T22:25:53Z,Mobile,Organic
S01040,U05112,2026-01-01T23:15:24Z,Mobile,Organic
S01041,U00056,2026-02-12T13:41:11Z,Mobile,Organic
S01042,U05172,2026-03-13T04:11:38Z,Mobile,Paid Search
S01043,U01443,2026-02-13T20:11:20Z,Mobile,Organic
S01044,U05365,2026-01-13T00:45:51Z,Desktop,Organic
S01045,U01968,2026-01-15T12:19:12Z,Desktop,Organic
S01046,U00536,2026-03-09T22:41:24Z,Desktop,Social
S01047,U04912,2026-01-25T19:23:23Z,Mobile,Paid Search
S01048,U01218,2026-03-17T06:53:05Z,Desktop,Organic
S01049,U07257,2026-02-05T04:36:15Z,Desktop,Email
S01050,U06155,2026-03-26T22:23:14Z,Mobile,Paid Search
S01051,U02637,2026-03-07T13:37:35Z,Mobile,Paid Search
S01052,U02199,2026-03-09T17:35:46Z,Desktop,Paid Search
S01053,U03704,2026-03-16T01:19:57Z,Mobile,Social
S01054,U04681,2026-02-20T07:57:31Z,Mobile,Social
S01055,U03491,2026-03-16T01:29:52Z,Mobile,Paid Search
S01056,U03619,2026-03-05T11:32:32Z,Mobile,Organic
S01057,U00807,2026-03-24T02:50:44Z,Desktop,Email
S01058,U06061,2026-03-19T05:01:10Z,Tablet,Social
S01059,U00098,2026-02-21T14:46:23Z,Desktop,Social
S01060,U01720,2026-01-20T14:28:21Z,Mobile,Social
S01061,U06488,2026-03-12T17:03:58Z,Desktop,Paid Search
S01062,U04575,2026-03-31T15:12:27Z,Mobile,Paid Search
S01063,U06639,2026-01-17T11:07:31Z,Desktop,Organic
S01064,U04650,2026-03-30T19:34:24Z,Mobile,Paid Search
S01065,U04655,2026-01-18T05:35:44Z,Tablet,Email
S01066,U03201,2026-03-15T14:13:54Z,Tablet,Organic
S01067,U04943,2026-01-14T20:07:50Z,Mobile,Social
S01068,U07043,2026-01-08T13:25:19Z,Mobile,Organic
S01069,U03428,2026-02-20T05:43:02Z,Tablet,Organic
S01070,U06701,2026-01-27T04:43:50Z,Desktop,Organic
S01071,U02257,2026-03-17T07:23:24Z,Mobile,Social
S01072,U07458,2026-02-21T22:01:18Z,Desktop,Paid Search
S01073,U07218,2026-03-15T01:25:22Z,Desktop,Organic
S01074,U06962,2026-02-14T10:49:47Z,Mobile,Social
S01075,U04659,2026-02-28T14:00:18Z,Desktop,Organic
S01076,U00994,2026-01-28T17:58:02Z,Mobile,Social
S01077,U03360,2026-01-10T03:49:51Z,Mobile,Social
S01078,U07011,2026-03-28T16:49:02Z,Mobile,Social
S01079,U03780,2026-01-18T11:54:35Z,Desktop,Paid Search
S01080,U01322,2026-02-26T05:06:23Z,Mobile,Organic
S01081,U01380,2026-01-23T10:42:34Z,Mobile,Social
S01082,U00283,2026-01-20T16:02:37Z,Mobile,Organic
S01083,U05201,2026-03-10T07:52:13Z,Mobile,Organic
S01084,U00430,2026-03-24T03:44:33Z,Mobile,Organic
S01085,U00749,2026-01-26T09:05:28Z,Mobile,Organic
S01086,U07855,2026-02-13T06:59:45Z,Desktop,Organic
S01087,U04199,2026-03-27T06:06:44Z,Desktop,Organic
S01088,U02922,2026-02-20T15:34:43Z,Mobile,Organic
S01089,U00541,2026-02-10T00:26:10Z,Mobile,Paid Search
S01090,U02471,2026-02-17T01:35:59Z,Mobile,Organic
S01091,U07555,2026-03-05T03:42:24Z,Desktop,Social
S01092,U05169,2026-01-22T09:10:22Z,Tablet,Paid Search
S01093,U00554,2026-03-30T11:34:36Z,Tablet,Social
S01094,U04125,2026-02-27T13:55:18Z,Mobile,Social
S01095,U01996,2026-01-16T11:14:41Z,Mobile,Paid Search
S01096,U02279,2026-03-18T16:09:20Z,Desktop,Organic
S01097,U06004,2026-02-23T10:30:08Z,Desktop,Organic
S01098,U01823,2026-03-27T09:02:30Z,Desktop,Social
S01099,U04028,2026-01-24T16:06:21Z,Desktop,Organic
S01100,U06515,2026-01-17T03:20:27Z,Mobile,Paid Search
S01101,U02552,2026-01-31T18:28:29Z,Mobile,Social
S01102,U07791,2026-01-26T09:53:53Z,Desktop,Paid Search
S01103,U04140,2026-02-20T13:45:08Z,Mobile,Paid Search
S01104,U00682,2026-03-03T00:43:16Z,Desktop,Paid Search
S01105,U01440,2026-02-08T21:40:11Z,Mobile,Paid Search
S01106,U07505,2026-02-12T04:58:31Z,Desktop,Organic
S01107,U03233,2026-02-17T17:53:35Z,Mobile,Paid Search
S01108,U04820,2026-02-17T13:58:56Z,Mobile,Paid Search
S01109,U06251,2026-01-16T14:00:39Z,Desktop,Organic
S01110,U03017,2026-02-14T18:33:15Z,Desktop,Paid Search
S01111,U06662,2026-02-24T08:59:07Z,Mobile,Organic
S01112,U05580,2026-03-24T05:23:03Z,Mobile,Paid Search
S01113,U05279,2026-03-26T05:52:38Z,Mobile,Social
S01114,U00659,2026-02-19T14:28:42Z,Desktop,Email
S01115,U07928,2026-01-22T15:32:30Z,Mobile,Organic
S01116,U06534,2026-02-22T03:14:08Z,Mobile,Paid Search
S01117,U04029,2026-02-20T11:13:03Z,Mobile,Organic
S01118,U03531,2026-02-23T19:06:47Z,Mobile,Organic
S01119,U01647,2026-01-15T16:24:29Z,Mobile,Organic
S01120,U03611,2026-01-25T09:26:33Z,Tablet,Social
S01121,U05512,2026-02-13T01:04:48Z,Mobile,Paid Search
S01122,U05451,2026-01-02T02:13:22Z,Mobile,Email
S01123,U02178,2026-02-18T21:57:14Z,Mobile,Email
S01124,U05586,2026-03-02T12:16:15Z,Desktop,Organic
S01125,U03101,2026-02-10T08:43:24Z,Desktop,Social
S01126,U05942,2026-01-13T00:06:44Z,Mobile,Social
S01127,U02290,2026-01-18T00:56:05Z,Desktop,Social
S01128,U07126,2026-02-01T13:24:50Z,Mobile,Social
S01129,U00137,2026-01-01T23:13:53Z,Tablet,Social
S01130,U06056,2026-02-11T16:10:36Z,Mobile,Paid Search
S01131,U01599,2026-03-02T03:39:26Z,Desktop,Organic
S01132,U00261,2026-03-08T20:49:19Z,Desktop,Social
S01133,U07344,2026-03-28T19:58:45Z,Tablet,Paid Search
S01134,U07735,2026-03-11T08:46:15Z,Mobile,Organic
S01135,U07795,2026-02-05T08:01:25Z,Desktop,Social
S01136,U04031,2026-01-16T04:56:33Z,Desktop,Paid Search
S01137,U07457,2026-03-15T21:52:12Z,Mobile,Organic
S01138,U01912,2026-02-18T20:27:29Z,Tablet,Paid Search
S01139,U07816,2026-01-15T20:51:23Z,Mobile,Social
S01140,U03471,2026-03-17T19:30:02Z,Mobile,Paid Search
S01141,U00874,2026-01-17T18:55:24Z,Desktop,Paid Search
S01142,U01794,2026-02-10T05:16:06Z,Desktop,Organic
S01143,U04702,2026-03-30T04:29:42Z,Mobile,Social
S01144,U06783,2026-02-18T02:08:28Z,Tablet,Organic
S01145,U07019,2026-01-29T01:54:49Z,Desktop,Social
S01146,U02765,2026-03-26T05:47:45Z,Tablet,Paid Search
S01147,U02314,2026-02-20T14:14:17Z,Mobile,Social
S01148,U06483,2026-03-12T14:20:12Z,Mobile,Organic
S01149,U03620,2026-02-08T16:39:29Z,Desktop,Paid Search
S01150,U05335,2026-01-27T07:56:31Z,Desktop,Organic
S01151,U00430,2026-01-13T12:56:47Z,Tablet,Organic
S01152,U03310,2026-03-17T15:47:41Z,Tablet,Paid Search
S01153,U05495,2026-03-25T13:40:00Z,Desktop,Email
S01154,U03010,2026-03-25T13:54:42Z,Mobile,Social
S01155,U06508,2026-03-15T17:27:28Z,Mobile,Social
S01156,U02665,2026-03-24T15:47:20Z,Mobile,Organic
S01157,U04416,2026-03-09T17:47:16Z,Mobile,Social
S01158,U05396,2026-03-25T04:31:04Z,Desktop,Organic
S01159,U03664,2026-01-24T21:48:45Z,Desktop,Organic
S01160,U01321,2026-01-16T01:25:30Z,Mobile,Organic
S01161,U02979,2026-01-05T03:04:50Z,Tablet,Paid Search
S01162,U02035,2026-01-22T15:24:10Z,Tablet,Social
S01163,U05695,2026-02-07T19:26:45Z,Mobile,Paid Search
S01164,U00367,2026-03-07T07:38:24Z,Desktop,Social
S01165,U01053,2026-03-19T20:06:01Z,Mobile,Paid Search
S01166,U05323,2026-02-24T02:42:26Z,Mobile,Organic
S01167,U03485,2026-02-21T16:36:17Z,Mobile,Organic
S01168,U02207,2026-01-19T19:30:42Z,Mobile,Paid Search
S01169,U05307,2026-03-31T07:00:48Z,Desktop,Paid Search
S01170,U06454,2026-03-19T05:58:21Z,Mobile,Organic
S01171,U05604,2026-02-01T02:49:21Z,Mobile,Paid Search
S01172,U07937,2026-01-19T08:13:11Z,Mobile,Organic
S01173,U04824,2026-01-16T06:23:53Z,Mobile,Social
S01174,U07090,2026-03-04T03:28:42Z,Mobile,Social
S01175,U01481,2026-01-07T06:13:00Z,Mobile,Social
S01176,U05626,2026-02-21T17:21:43Z,Mobile,Organic
S01177,U07524,2026-01-19T13:47:30Z,Mobile,Organic
S01178,U03751,2026-02-17T09:04:11Z,Desktop,Paid Search
S01179,U07715,2026-03-06T10:26:34Z,Mobile,Paid Search
S01180,U02504,2026-01-30T11:06:41Z,Desktop,Organic
S01181,U00768,2026-03-23T02:53:36Z,Mobile,Organic
S01182,U01118,2026-01-02T15:26:12Z,Desktop,Email
S01183,U05049,2026-03-28T19:23:03Z,Desktop,Paid Search
S01184,U06054,2026-03-31T19:27:15Z,Desktop,Organic
S01185,U07621,2026-01-06T22:06:49Z,Mobile,Organic
S01186,U01093,2026-03-09T08:11:40Z,Mobile,Paid Search
S01187,U07488,2026-02-18T06:12:25Z,Mobile,Organic
S01188,U01746,2026-01-16T10:33:39Z,Mobile,Organic
S01189,U04224,2026-01-28T11:05:53Z,Desktop,Email
S01190,U00472,2026-01-05T16:51:33Z,Desktop,Social
S01191,U05919,2026-02-08T12:53:05Z,Mobile,Organic
S01192,U01275,2026-01-20T14:57:13Z,Mobile,Paid Search
S01193,U02986,2026-02-02T08:13:54Z,Mobile,Paid Search
S01194,U03600,2026-02-04T03:57:26Z,Tablet,Social
S01195,U00907,2026-01-01T13:04:45Z,Desktop,Social
S01196,U07862,2026-01-05T05:50:12Z,Desktop,Email
S01197,U00174,2026-02-19T04:47:05Z,Mobile,Organic
S01198,U03520,2026-03-29T08:36:39Z,Mobile,Social
S01199,U00677,2026-01-02T15:48:48Z,Mobile,Organic
S01200,U02044,2026-02-01T22:29:11Z,Mobile,Paid Search
S01201,U03883,2026-03-31T09:00:21Z,Desktop,Paid Search
S01202,U04844,2026-03-06T22:14:58Z,Mobile,Email
S01203,U07081,2026-01-19T15:31:16Z,Mobile,Organic
S01204,U03491,2026-03-31T23:03:29Z,Tablet,Organic
S01205,U07726,2026-01-07T11:04:43Z,Mobile,Paid Search
S01206,U01515,2026-03-02T10:12:01Z,Desktop,Organic
S01207,U04521,2026-02-08T04:03:38Z,Mobile,Organic
S01208,U06087,2026-01-17T12:03:32Z,Mobile,Social
S01209,U01721,2026-03-09T22:01:01Z,Mobile,Social
S01210,U04806,2026-01-17T22:55:17Z,Desktop,Organic
S01211,U00809,2026-03-25T06:56:00Z,Mobile,Paid Search
S01212,U05905,2026-02-08T17:15:54Z,Tablet,Organic
S01213,U05877,2026-03-13T12:38:46Z,Desktop,Paid Search
S01214,U02373,2026-01-22T21:48:52Z,Mobile,Email
S01215,U07959,2026-02-20T18:01:24Z,Desktop,Social
S01216,U02225,2026-02-19T20:28:47Z,Desktop,Paid Search
S01217,U02121,2026-03-07T16:34:55Z,Mobile,Social
S01218,U04371,2026-02-04T20:06:11Z,Mobile,Organic
S01219,U05263,2026-02-05T04:50:28Z,Mobile,Social
S01220,U05183,2026-01-27T19:27:50Z,Mobile,Paid Search
S01221,U01797,2026-01-08T22:47:25Z,Desktop,Social
S01222,U05385,2026-02-05T06:26:05Z,Mobile,Organic
S01223,U07747,2026-03-16T03:52:31Z,Desktop,Social
S01224,U02202,2026-03-12T07:30:21Z,Desktop,Organic
S01225,U03555,2026-02-20T05:40:00Z,Mobile,Social
S01226,U01456,2026-01-24T10:16:08Z,Mobile,Organic
S01227,U03494,2026-03-29T22:07:48Z,Mobile,Organic
S01228,U00097,2026-01-13T19:10:45Z,Mobile,Social
S01229,U00359,2026-01-15T00:29:36Z,Desktop,Paid Search
S01230,U05796,2026-01-14T19:44:49Z,Desktop,Organic
S01231,U03924,2026-03-14T16:10:38Z,Desktop,Organic
S01232,U00365,2026-02-04T22:50:45Z,Mobile,Organic
S01233,U03152,2026-02-15T10:26:37Z,Mobile,Social
S01234,U02928,2026-01-15T08:10:28Z,Mobile,Email
S01235,U04913,2026-03-19T05:30:05Z,Mobile,Paid Search
S01236,U05828,2026-03-05T13:26:20Z,Desktop,Social
S01237,U01211,2026-01-01T05:24:42Z,Desktop,Organic
S01238,U01186,2026-01-15T21:02:19Z,Mobile,Social
S01239,U07550,2026-03-23T12:08:27Z,Mobile,Email
S01240,U01886,2026-03-10T19:26:02Z,Mobile,Paid Search
S01241,U01797,2026-03-09T21:02:23Z,Desktop,Social
S01242,U01095,2026-01-27T00:37:28Z,Mobile,Paid Search
S01243,U06379,2026-01-08T12:43:09Z,Mobile,Social
S01244,U07962,2026-02-07T16:45:44Z,Mobile,Social
S01245,U06120,2026-02-23T08:49:44Z,Mobile,Organic
S01246,U05430,2026-01-04T15:27:47Z,Mobile,Social
S01247,U02008,2026-01-21T01:05:56Z,Mobile,Organic
S01248,U01148,2026-02-23T05:27:03Z,Desktop,Paid Search
S01249,U03638,2026-03-31T10:54:17Z,Mobile,Social
S01250,U07219,2026-03-30T00:28:51Z,Mobile,Organic
S01251,U05570,2026-03-06T05:50:17Z,Mobile,Social
S01252,U04687,2026-02-28T20:10:34Z,Desktop,Organic
S01253,U07792,2026-01-21T09:53:48Z,Tablet,Paid Search
S01254,U07996,2026-01-08T07:58:12Z,Mobile,Social
S01255,U06777,2026-03-01T17:22:55Z,Mobile,Paid Search
S01256,U00638,2026-03-24T15:26:43Z,Mobile,Organic
S01257,U00266,2026-02-09T06:50:07Z,Mobile,Paid Search
S01258,U00375,2026-03-14T01:38:01Z,Mobile,Social
S01259,U04098,2026-01-02T12:59:06Z,Desktop,Email
S01260,U04126,2026-01-17T03:32:43Z,Mobile,Social
S01261,U07246,2026-01-11T22:47:24Z,Mobile,Social
S01262,U04287,2026-03-06T18:47:52Z,Tablet,Paid Search
S01263,U02952,2026-02-13T16:17:32Z,Desktop,Organic
S01264,U07131,2026-03-05T03:32:47Z,Desktop,Organic
S01265,U00559,2026-02-28T11:25:19Z,Mobile,Organic
S01266,U03877,2026-01-10T06:31:26Z,Desktop,Paid Search
S01267,U04000,2026-02-26T05:06:48Z,Desktop,Email
S01268,U07800,2026-01-17T16:03:00Z,Mobile,Social
S01269,U05592,2026-03-06T16:23:14Z,Mobile,Social
S01270,U03181,2026-01-21T20:45:28Z,Mobile,Organic
S01271,U04384,2026-03-27T03:24:15Z,Mobile,Paid Search
S01272,U07516,2026-03-01T03:58:22Z,Mobile,Social
S01273,U02600,2026-02-20T15:46:09Z,Mobile,Organic
S01274,U04466,2026-03-31T17:20:19Z,Mobile,Paid Search
S01275,U03524,2026-02-18T02:16:18Z,Desktop,Paid Search
S01276,U06215,2026-01-28T01:58:08Z,Mobile,Organic
S01277,U02126,2026-02-27T15:16:53Z,Mobile,Social
S01278,U07911,2026-03-03T17:18:44Z,Mobile,Social
S01279,U07322,2026-03-15T14:10:05Z,Desktop,Paid Search
S01280,U06747,2026-03-16T22:26:47Z,Mobile,Social
S01281,U01209,2026-02-10T00:30:59Z,Mobile,Paid Search
S01282,U00799,2026-01-17T23:05:38Z,Mobile,Email
S01283,U01566,2026-03-18T13:44:47Z,Mobile,Organic
S01284,U02474,2026-03-15T00:31:23Z,Mobile,Paid Search
S01285,U03736,2026-03-06T04:32:30Z,Desktop,Paid Search
S01286,U00929,2026-03-11T15:30:16Z,Mobile,Social
S01287,U01333,2026-02-28T15:35:49Z,Mobile,Paid Search
S01288,U00813,2026-03-31T22:35:13Z,Desktop,Email
S01289,U03370,2026-01-14T03:15:49Z,Desktop,Paid Search
S01290,U00268,2026-01-13T23:03:57Z,Mobile,Paid Search
S01291,U05766,2026-02-14T16:53:30Z,Mobile,Social
S01292,U04158,2026-02-20T00:16:36Z,Desktop,Social
S01293,U00268,2026-02-23T08:47:41Z,Mobile,Email
S01294,U04688,2026-03-08T21:50:36Z,Mobile,Organic
S01295,U05280,2026-01-31T20:14:01Z,Tablet,Organic
S01296,U05965,2026-03-15T15:37:23Z,Mobile,Paid Search
S01297,U04131,2026-02-25T08:24:33Z,Mobile,Social
S01298,U02642,2026-03-22T09:28:28Z,Desktop,Organic
S01299,U01070,2026-01-11T20:49:06Z,Mobile,Social
S01300,U05346,2026-03-23T22:59:32Z,Desktop,Organic
S01301,U06390,2026-02-08T07:03:25Z,Mobile,Organic
S01302,U07660,2026-02-18T09:29:01Z,Desktop,Organic
S01303,U01006,2026-03-16T03:45:55Z,Mobile,Email
S01304,U03390,2026-01-27T14:13:42Z,Mobile,Social
S01305,U01464,2026-02-27T05:51:56Z,Mobile,Organic
S01306,U03965,2026-01-05T04:16:02Z,Tablet,Email
S01307,U02085,2026-03-18T19:53:48Z,Mobile,Paid Search
S01308,U04193,2026-01-25T22:04:04Z,Mobile,Organic
S01309,U02684,2026-01-28T13:17:06Z,Mobile,Organic
S01310,U00754,2026-01-17T09:44:33Z,Mobile,Organic
S01311,U07556,2026-03-01T18:03:05Z,Mobile,Email
S01312,U01358,2026-01-14T21:14:59Z,Desktop,Paid Search
S01313,U06121,2026-03-04T15:46:55Z,Desktop,Paid Search
S01314,U03064,2026-03-19T13:56:46Z,Mobile,Paid Search
S01315,U04190,2026-01-09T16:21:44Z,Mobile,Organic
S01316,U06628,2026-03-09T12:49:30Z,Mobile,Organic
S01317,U06386,2026-01-10T07:50:04Z,Desktop,Paid Search
S01318,U01906,2026-01-28T16:56:37Z,Mobile,Organic
S01319,U05589,2026-03-19T02:43:27Z,Mobile,Paid Search
S01320,U04047,2026-02-10T11:39:18Z,Mobile,Organic
S01321,U03137,2026-01-16T16:29:07Z,Mobile,Organic
S01322,U06895,2026-03-15T00:10:09Z,Desktop,Organic
S01323,U05283,2026-01-05T19:25:22Z,Desktop,Organic
S01324,U04559,2026-02-05T11:32:54Z,Desktop,Paid Search
S01325,U03724,2026-03-05T22:17:38Z,Mobile,Organic
S01326,U01836,2026-01-16T13:36:48Z,Desktop,Organic
S01327,U07392,2026-02-25T08:14:27Z,Mobile,Organic
S01328,U02128,2026-03-10T00:10:47Z,Desktop,Social
S01329,U02161,2026-01-06T04:02:03Z,Mobile,Organic
S01330,U04780,2026-02-18T09:49:37Z,Desktop,Email
S01331,U04323,2026-02-22T23:11:20Z,Mobile,Organic
S01332,U00753,2026-02-05T11:43:13Z,Desktop,Paid Search
S01333,U05302,2026-02-15T20:20:05Z,Desktop,Organic
S01334,U01741,2026-01-27T02:50:25Z,Mobile,Paid Search
S01335,U06669,2026-02-19T06:50:30Z,Mobile,Organic
S01336,U06946,2026-02-10T11:21:11Z,Desktop,Social
S01337,U02277,2026-03-07T07:23:30Z,Desktop,Organic
S01338,U06104,2026-03-15T03:42:57Z,Mobile,Social
S01339,U03709,2026-01-24T09:42:44Z,Mobile,Social
S01340,U04114,2026-01-11T12:54:15Z,Mobile,Organic
S01341,U04867,2026-02-24T07:03:39Z,Mobile,Paid Search
S01342,U07856,2026-02-25T03:58:31Z,Desktop,Paid Search
S01343,U06013,2026-03-21T14:43:46Z,Mobile,Organic
S01344,U01668,2026-03-30T09:46:02Z,Mobile,Organic
S01345,U05739,2026-02-06T00:06:47Z,Mobile,Paid Search
S01346,U01366,2026-03-30T08:41:16Z,Mobile,Social
S01347,U04867,2026-01-10T06:12:57Z,Desktop,Social
S01348,U00143,2026-03-04T09:00:41Z,Mobile,Organic
S01349,U00770,2026-03-09T18:19:08Z,Mobile,Organic
S01350,U02985,2026-02-14T19:52:07Z,Mobile,Paid Search
S01351,U04255,2026-03-26T21:41:25Z,Mobile,Organic
S01352,U05402,2026-01-03T05:23:05Z,Tablet,Social
S01353,U05701,2026-02-15T18:07:31Z,Mobile,Paid Search
S01354,U07822,2026-02-16T07:30:41Z,Desktop,Organic
S01355,U07851,2026-03-22T19:50:23Z,Desktop,Paid Search
S01356,U02714,2026-01-23T09:39:34Z,Desktop,Organic
S01357,U05750,2026-02-05T11:15:43Z,Mobile,Paid Search
S01358,U07919,2026-03-29T05:21:24Z,Mobile,Organic
S01359,U00128,2026-02-08T17:43:29Z,Mobile,Social
S01360,U03526,2026-03-17T04:29:38Z,Mobile,Organic
S01361,U02218,2026-03-06T20:24:58Z,Mobile,Organic
S01362,U02906,2026-01-11T10:35:16Z,Mobile,Paid Search
S01363,U04891,2026-02-21T03:34:23Z,Desktop,Email
S01364,U02049,2026-02-11T21:03:01Z,Mobile,Social
S01365,U06831,2026-03-01T19:52:23Z,Mobile,Social
S01366,U02930,2026-03-30T11:24:19Z,Mobile,Social
S01367,U07844,2026-02-22T16:47:41Z,Mobile,Paid Search
S01368,U01988,2026-01-12T05:07:06Z,Desktop,Organic
S01369,U03301,2026-02-07T01:56:57Z,Desktop,Paid Search
S01370,U02214,2026-03-08T16:45:22Z,Desktop,Organic
S01371,U02381,2026-03-25T03:53:51Z,Mobile,Organic
S01372,U00435,2026-01-16T21:17:06Z,Desktop,Social
S01373,U00053,2026-02-08T22:52:24Z,Mobile,Email
S01374,U04947,2026-03-21T07:18:26Z,Mobile,Organic
S01375,U00202,2026-03-08T03:31:36Z,Mobile,Organic
S01376,U03315,2026-02-26T14:13:31Z,Mobile,Organic
S01377,U07040,2026-03-11T09:28:34Z,Desktop,Social
S01378,U05386,2026-03-23T00:47:18Z,Mobile,Social
S01379,U05469,2026-03-11T07:17:40Z,Mobile,Organic
S01380,U00880,2026-03-27T10:01:08Z,Mobile,Social
S01381,U02906,2026-03-24T22:34:08Z,Mobile,Email
S01382,U02931,2026-03-01T16:41:16Z,Mobile,Email
S01383,U01148,2026-03-14T12:21:11Z,Mobile,Social
S01384,U03085,2026-02-20T02:29:00Z,Desktop,Paid Search
S01385,U06353,2026-03-19T06:34:02Z,Mobile,Email
S01386,U01899,2026-01-09T01:38:08Z,Mobile,Social
S01387,U06323,2026-03-28T17:20:44Z,Mobile,Organic
S01388,U07312,2026-01-31T03:50:19Z,Desktop,Organic
S01389,U06144,2026-01-08T22:16:43Z,Mobile,Organic
S01390,U03094,2026-01-04T06:20:15Z,Mobile,Social
S01391,U02344,2026-01-26T07:07:33Z,Mobile,Paid Search
S01392,U07863,2026-03-09T07:00:04Z,Mobile,Organic
S01393,U02792,2026-02-16T14:51:20Z,Mobile,Social
S01394,U02885,2026-01-25T07:33:14Z,Mobile,Paid Search
S01395,U00581,2026-01-09T15:58:44Z,Mobile,Paid Search
S01396,U04928,2026-02-08T03:40:26Z,Mobile,Organic
S01397,U07140,2026-02-02T14:12:53Z,Desktop,Organic
S01398,U05715,2026-03-06T11:22:05Z,Mobile,Organic
S01399,U05352,2026-03-16T17:08:52Z,Desktop,Email
S01400,U07766,2026-02-12T02:16:09Z,Mobile,Organic
S01401,U04901,2026-01-05T12:35:30Z,Tablet,Email
S01402,U00292,2026-03-03T04:42:49Z,Mobile,Organic
S01403,U07959,2026-02-25T17:23:19Z,Mobile,Social
S01404,U03091,2026-01-03T20:06:56Z,Mobile,Paid Search
S01405,U05044,2026-03-12T05:00:57Z,Mobile,Organic
S01406,U00475,2026-02-17T12:48:29Z,Mobile,Paid Search
S01407,U06498,2026-01-30T15:02:21Z,Desktop,Social
S01408,U01039,2026-01-02T09:05:57Z,Desktop,Organic
S01409,U05379,2026-01-17T22:04:05Z,Mobile,Social
S01410,U07354,2026-01-27T18:01:11Z,Desktop,Social
S01411,U06392,2026-01-29T16:08:55Z,Desktop,Email
S01412,U07472,2026-02-22T22:38:29Z,Mobile,Organic
S01413,U05325,2026-01-19T01:18:21Z,Tablet,Social
S01414,U02278,2026-01-15T00:46:30Z,Mobile,Organic
S01415,U04058,2026-01-11T02:10:27Z,Mobile,Paid Search
S01416,U03532,2026-01-06T08:10:18Z,Mobile,Organic
S01417,U06785,2026-01-04T22:09:48Z,Desktop,Organic
S01418,U06794,2026-03-17T07:53:02Z,Desktop,Organic
S01419,U07639,2026-01-08T03:58:34Z,Mobile,Email
S01420,U07867,2026-03-15T20:41:28Z,Desktop,Organic
S01421,U02247,2026-02-07T12:17:21Z,Mobile,Organic
S01422,U02630,2026-03-19T00:26:57Z,Mobile,Paid Search
S01423,U03822,2026-01-23T16:09:30Z,Mobile,Paid Search
S01424,U00652,2026-03-13T07:55:53Z,Mobile,Paid Search
S01425,U02263,2026-01-09T16:02:09Z,Mobile,Social
S01426,U04152,2026-01-30T04:10:00Z,Desktop,Organic
S01427,U00499,2026-03-16T11:33:13Z,Mobile,Social
S01428,U06959,2026-02-03T09:22:23Z,Mobile,Social
S01429,U04187,2026-02-14T03:58:28Z,Mobile,Paid Search
S01430,U02320,2026-03-29T15:08:41Z,Mobile,Paid Search
S01431,U03070,2026-02-16T12:11:47Z,Tablet,Social
S01432,U07471,2026-01-21T13:24:34Z,Mobile,Email
S01433,U06419,2026-02-10T18:35:51Z,Desktop,Social
S01434,U03122,2026-02-18T21:12:53Z,Mobile,Social
S01435,U01840,2026-03-25T02:51:21Z,Tablet,Email
S01436,U04324,2026-02-23T19:37:23Z,Desktop,Social
S01437,U02597,2026-03-19T17:11:49Z,Desktop,Paid Search
S01438,U03359,2026-01-15T08:46:34Z,Mobile,Email
S01439,U03678,2026-01-10T13:11:26Z,Desktop,Paid Search
S01440,U07584,2026-01-30T20:43:44Z,Desktop,Email
S01441,U02799,2026-03-27T05:01:46Z,Desktop,Social
S01442,U06330,2026-03-06T05:24:10Z,Mobile,Paid Search
S01443,U04544,2026-01-02T06:04:19Z,Mobile,Organic
S01444,U03535,2026-03-02T03:40:37Z,Mobile,Organic
S01445,U07408,2026-01-17T18:44:48Z,Desktop,Email
S01446,U06052,2026-03-20T03:55:25Z,Tablet,Organic
S01447,U03570,2026-02-27T14:53:12Z,Desktop,Social
S01448,U00687,2026-01-24T21:27:54Z,Desktop,Email
S01449,U04168,2026-02-17T16:30:44Z,Mobile,Paid Search
S01450,U00396,2026-02-05T03:31:40Z,Mobile,Paid Search
S01451,U01462,2026-02-24T10:23:09Z,Mobile,Organic
S01452,U07206,2026-01-06T07:40:14Z,Mobile,Organic
S01453,U01833,2026-01-22T04:18:58Z,Mobile,Paid Search
S01454,U07574,2026-02-06T09:26:43Z,Tablet,Social
S01455,U04423,2026-01-04T21:47:12Z,Desktop,Email
S01456,U06808,2026-03-15T15:31:42Z,Desktop,Paid Search
S01457,U00712,2026-01-16T16:10:49Z,Desktop,Paid Search
S01458,U06098,2026-02-05T04:14:24Z,Tablet,Social
S01459,U03715,2026-01-10T11:54:35Z,Mobile,Organic
S01460,U00823,2026-01-10T11:27:42Z,Desktop,Organic
S01461,U06862,2026-03-08T11:33:38Z,Mobile,Paid Search
S01462,U04804,2026-01-05T23:06:04Z,Desktop,Organic
S01463,U06010,2026-02-03T17:06:58Z,Mobile,Social
S01464,U05008,2026-01-28T00:06:59Z,Mobile,Paid Search
S01465,U01476,2026-03-23T12:41:45Z,Mobile,Social
S01466,U05162,2026-01-30T10:38:08Z,Desktop,Paid Search
S01467,U07347,2026-02-07T03:30:52Z,Mobile,Email
S01468,U01050,2026-02-10T04:08:01Z,Mobile,Paid Search
S01469,U00238,2026-03-03T17:48:37Z,Desktop,Social
S01470,U02199,2026-02-26T15:28:51Z,Mobile,Email
S01471,U02701,2026-03-22T04:00:59Z,Desktop,Paid Search
S01472,U04530,2026-01-12T12:08:04Z,Desktop,Social
S01473,U04389,2026-02-16T19:29:45Z,Mobile,Organic
S01474,U07701,2026-02-12T15:03:04Z,Mobile,Social
S01475,U00347,2026-03-09T03:43:57Z,Mobile,Social
S01476,U06423,2026-02-01T01:13:47Z,Mobile,Organic
S01477,U06002,2026-01-10T02:41:24Z,Mobile,Social
S01478,U04819,2026-03-11T22:01:21Z,Desktop,Organic
S01479,U03483,2026-01-25T22:03:09Z,Desktop,Social
S01480,U04721,2026-02-28T07:22:43Z,Mobile,Email
S01481,U04369,2026-03-13T10:08:31Z,Mobile,Email
S01482,U04734,2026-02-17T19:54:01Z,Desktop,Paid Search
S01483,U00893,2026-02-20T08:27:03Z,Mobile,Paid Search
S01484,U04013,2026-01-13T20:25:16Z,Mobile,Social
S01485,U04043,2026-03-08T20:37:50Z,Desktop,Organic
S01486,U03331,2026-01-20T01:19:45Z,Mobile,Paid Search
S01487,U04470,2026-02-04T07:37:03Z,Desktop,Social
S01488,U00668,2026-03-07T20:11:59Z,Desktop,Email
S01489,U01328,2026-02-24T02:49:18Z,Mobile,Social
S01490,U05130,2026-01-15T01:25:19Z,Desktop,Paid Search
S01491,U03272,2026-03-04T05:05:32Z,Desktop,Paid Search
S01492,U03045,2026-02-07T09:52:14Z,Mobile,Paid Search
S01493,U01726,2026-02-17T18:54:36Z,Desktop,Paid Search
S01494,U00081,2026-01-18T05:58:47Z,Mobile,Social
S01495,U00769,2026-01-01T11:21:13Z,Desktop,Organic
S01496,U02250,2026-01-29T12:33:34Z,Desktop,Email
S01497,U02087,2026-02-09T13:22:19Z,Desktop,Paid Search
S01498,U02294,2026-01-10T21:34:38Z,Mobile,Social
S01499,U01900,2026-03-20T17:14:10Z,Mobile,Organic
S01500,U07165,2026-01-12T22:23:19Z,Mobile,Organic
S01501,U05447,2026-01-07T04:59:13Z,Mobile,Paid Search
S01502,U03159,2026-01-16T08:45:58Z,Mobile,Paid Search
S01503,U05828,2026-01-28T06:02:53Z,Desktop,Social
S01504,U03567,2026-03-04T09:07:18Z,Desktop,Paid Search
S01505,U04586,2026-03-27T12:35:49Z,Desktop,Organic
S01506,U00088,2026-01-25T13:55:29Z,Mobile,Email
S01507,U03022,2026-01-01T21:20:32Z,Mobile,Organic
S01508,U02253,2026-03-06T00:28:23Z,Desktop,Organic
S01509,U04017,2026-01-04T17:08:29Z,Tablet,Paid Search
S01510,U05844,2026-01-14T01:23:26Z,Mobile,Paid Search
S01511,U00460,2026-01-17T03:00:55Z,Mobile,Social
S01512,U05030,2026-03-11T10:06:09Z,Tablet,Organic
S01513,U04808,2026-02-12T11:31:21Z,Desktop,Organic
S01514,U03411,2026-02-16T18:47:57Z,Mobile,Social
S01515,U04109,2026-03-27T02:14:18Z,Mobile,Social
S01516,U00965,2026-03-23T00:07:02Z,Mobile,Paid Search
S01517,U07521,2026-01-12T20:36:51Z,Desktop,Organic
S01518,U07187,2026-01-02T07:55:11Z,Desktop,Paid Search
S01519,U07385,2026-02-01T11:12:21Z,Desktop,Paid Search
S01520,U01459,2026-01-17T11:18:16Z,Mobile,Social
S01521,U02417,2026-01-29T06:51:13Z,Mobile,Organic
S01522,U03160,2026-03-22T06:12:24Z,Mobile,Social
S01523,U01788,2026-02-04T03:18:15Z,Mobile,Organic
S01524,U04808,2026-03-08T22:58:41Z,Mobile,Organic
S01525,U02940,2026-03-17T01:13:56Z,Mobile,Organic
S01526,U05308,2026-01-02T05:46:47Z,Mobile,Organic
S01527,U01526,2026-01-24T13:02:04Z,Mobile,Paid Search
S01528,U03564,2026-02-26T22:27:00Z,Mobile,Paid Search
S01529,U02768,2026-03-02T08:52:07Z,Mobile,Paid Search
S01530,U07816,2026-03-06T03:55:36Z,Mobile,Social
S01531,U06160,2026-03-31T19:04:52Z,Mobile,Email
S01532,U01355,2026-02-09T05:09:01Z,Desktop,Paid Search
S01533,U03066,2026-02-01T05:36:43Z,Desktop,Social
S01534,U07478,2026-03-02T20:01:07Z,Desktop,Social
S01535,U07662,2026-02-01T03:29:19Z,Mobile,Organic
S01536,U02842,2026-03-28T15:27:32Z,Mobile,Paid Search
S01537,U00633,2026-01-01T22:13:48Z,Mobile,Paid Search
S01538,U03147,2026-01-06T07:41:26Z,Mobile,Organic
S01539,U00677,2026-02-20T18:50:09Z,Desktop,Paid Search
S01540,U04154,2026-02-21T00:26:42Z,Mobile,Organic
S01541,U02119,2026-02-21T15:22:52Z,Desktop,Organic
S01542,U04113,2026-01-15T21:58:39Z,Desktop,Email
S01543,U03474,2026-03-10T13:17:03Z,Mobile,Organic
S01544,U05797,2026-01-11T05:28:31Z,Mobile,Email
S01545,U00327,2026-03-20T16:33:56Z,Mobile,Paid Search
S01546,U02765,2026-01-07T21:49:15Z,Desktop,Organic
S01547,U02660,2026-01-23T10:40:35Z,Mobile,Organic
S01548,U01436,2026-02-15T01:19:58Z,Mobile,Paid Search
S01549,U06764,2026-02-14T16:40:35Z,Desktop,Organic
S01550,U03054,2026-03-09T20:43:08Z,Mobile,Organic
S01551,U00646,2026-03-23T03:40:54Z,Mobile,Email
S01552,U02105,2026-02-24T14:35:25Z,Mobile,Email
S01553,U02484,2026-02-25T04:14:20Z,Desktop,Paid Search
S01554,U06232,2026-02-01T01:46:40Z,Mobile,Paid Search
S01555,U04954,2026-02-05T06:45:41Z,Mobile,Social
S01556,U03395,2026-02-04T00:11:02Z,Mobile,Organic
S01557,U05809,2026-03-23T11:35:01Z,Mobile,Organic
S01558,U02694,2026-03-19T16:46:17Z,Mobile,Paid Search
S01559,U03641,2026-01-02T12:29:11Z,Mobile,Organic
S01560,U00681,2026-01-11T22:59:16Z,Mobile,Email
S01561,U01366,2026-02-27T17:01:00Z,Mobile,Paid Search
S01562,U01923,2026-01-03T10:20:09Z,Mobile,Paid Search
S01563,U00907,2026-01-16T03:31:51Z,Mobile,Organic
S01564,U03426,2026-02-21T20:01:38Z,Mobile,Social
S01565,U05442,2026-02-05T11:37:44Z,Desktop,Paid Search
S01566,U03213,2026-03-23T23:09:49Z,Mobile,Paid Search
S01567,U07569,2026-03-01T10:25:23Z,Desktop,Paid Search
S01568,U06250,2026-02-21T10:30:02Z,Mobile,Social
S01569,U03427,2026-01-13T13:57:26Z,Mobile,Paid Search
S01570,U00188,2026-01-11T21:49:46Z,Mobile,Paid Search
S01571,U04523,2026-01-03T21:53:39Z,Desktop,Social
S01572,U01436,2026-01-21T16:40:00Z,Mobile,Social
S01573,U03778,2026-02-07T02:21:35Z,Desktop,Organic
S01574,U00911,2026-01-31T06:26:23Z,Tablet,Paid Search
S01575,U00573,2026-02-12T05:47:55Z,Mobile,Social
S01576,U00577,2026-02-22T18:55:26Z,Tablet,Social
S01577,U05301,2026-02-03T19:33:50Z,Mobile,Social
S01578,U02400,2026-01-04T15:57:57Z,Mobile,Social
S01579,U05155,2026-01-06T13:13:48Z,Mobile,Email
S01580,U04750,2026-01-14T05:18:54Z,Desktop,Social
S01581,U01163,2026-01-15T06:09:05Z,Mobile,Social
S01582,U05683,2026-03-03T07:38:56Z,Mobile,Organic
S01583,U06451,2026-02-03T12:28:04Z,Mobile,Paid Search
S01584,U02363,2026-03-18T01:18:05Z,Desktop,Organic
S01585,U05193,2026-02-07T11:09:54Z,Desktop,Organic
S01586,U03148,2026-01-20T04:40:49Z,Mobile,Organic
S01587,U04234,2026-02-03T13:15:31Z,Desktop,Social
S01588,U04288,2026-02-14T05:40:31Z,Mobile,Paid Search
S01589,U00117,2026-03-09T17:33:03Z,Mobile,Social
S01590,U06374,2026-02-09T07:30:57Z,Mobile,Organic
S01591,U07477,2026-01-16T07:10:13Z,Mobile,Paid Search
S01592,U00270,2026-03-09T08:18:53Z,Desktop,Paid Search
S01593,U06936,2026-03-06T02:26:47Z,Mobile,Email
S01594,U02098,2026-01-08T16:15:41Z,Mobile,Organic
S01595,U01454,2026-01-24T08:55:24Z,Mobile,Social
S01596,U07516,2026-02-05T03:19:34Z,Desktop,Social
S01597,U04762,2026-01-08T07:33:47Z,Mobile,Paid Search
S01598,U03919,2026-01-07T11:36:33Z,Desktop,Organic
S01599,U02458,2026-01-13T19:44:49Z,Mobile,Paid Search
S01600,U06601,2026-01-15T16:06:57Z,Desktop,Organic
S01601,U01447,2026-02-02T14:49:28Z,Desktop,Paid Search
S01602,U02795,2026-03-24T10:54:34Z,Mobile,Paid Search
S01603,U01493,2026-03-22T16:01:17Z,Mobile,Social
S01604,U06230,2026-03-07T17:07:50Z,Mobile,Organic
S01605,U04111,2026-01-25T03:57:29Z,Desktop,Organic
S01606,U05505,2026-03-29T10:55:29Z,Desktop,Organic
S01607,U04231,2026-01-21T22:12:50Z,Desktop,Organic
S01608,U02207,2026-03-25T21:40:17Z,Desktop,Social
S01609,U02900,2026-02-08T13:30:00Z,Mobile,Organic
S01610,U06248,2026-02-10T16:22:24Z,Mobile,Paid Search
S01611,U05424,2026-02-05T00:42:33Z,Desktop,Organic
S01612,U03133,2026-02-07T13:35:52Z,Mobile,Paid Search
S01613,U00876,2026-01-28T22:29:04Z,Mobile,Social
S01614,U00377,2026-03-03T21:35:17Z,Mobile,Email
S01615,U03073,2026-03-04T09:05:47Z,Mobile,Paid Search
S01616,U00910,2026-02-05T19:35:03Z,Mobile,Email
S01617,U00721,2026-01-20T21:28:27Z,Mobile,Organic
S01618,U05649,2026-03-26T09:29:32Z,Mobile,Social
S01619,U06330,2026-03-31T11:25:51Z,Tablet,Paid Search
S01620,U03247,2026-01-03T05:06:25Z,Mobile,Paid Search
S01621,U03060,2026-01-07T19:14:18Z,Mobile,Email
S01622,U04709,2026-03-06T11:54:29Z,Desktop,Paid Search
S01623,U04357,2026-03-14T03:21:17Z,Tablet,Social
S01624,U01564,2026-01-12T20:53:45Z,Desktop,Paid Search
S01625,U07286,2026-03-29T15:41:25Z,Desktop,Paid Search
S01626,U02784,2026-01-20T12:01:50Z,Mobile,Paid Search
S01627,U03195,2026-02-21T20:55:32Z,Mobile,Paid Search
S01628,U06308,2026-02-11T19:22:58Z,Mobile,Social
S01629,U01689,2026-02-15T21:00:09Z,Mobile,Social
S01630,U02683,2026-01-06T04:38:08Z,Mobile,Email
S01631,U02221,2026-01-30T07:36:08Z,Mobile,Organic
S01632,U01009,2026-01-04T04:59:57Z,Desktop,Email
S01633,U06062,2026-02-18T00:55:32Z,Mobile,Social
S01634,U06673,2026-02-21T07:13:55Z,Mobile,Paid Search
S01635,U00986,2026-03-16T18:48:18Z,Mobile,Social
S01636,U01565,2026-03-19T13:02:54Z,Desktop,Organic
S01637,U03744,2026-02-16T17:24:09Z,Mobile,Organic
S01638,U06853,2026-02-21T03:38:35Z,Mobile,Email
S01639,U00372,2026-01-03T10:00:07Z,Desktop,Social
S01640,U05415,2026-01-08T21:42:25Z,Desktop,Social
S01641,U07908,2026-01-21T15:15:50Z,Mobile,Email
S01642,U03058,2026-01-04T18:06:55Z,Mobile,Paid Search
S01643,U02717,2026-02-03T22:38:35Z,Mobile,Social
S01644,U04303,2026-01-06T19:38:30Z,Mobile,Paid Search
S01645,U06631,2026-02-23T19:32:29Z,Mobile,Social
S01646,U07839,2026-02-02T04:40:03Z,Mobile,Paid Search
S01647,U06599,2026-03-15T07:08:47Z,Mobile,Paid Search
S01648,U02313,2026-01-29T02:59:32Z,Desktop,Social
S01649,U05402,2026-01-14T09:05:39Z,Mobile,Organic
S01650,U06226,2026-03-08T18:49:11Z,Mobile,Social
S01651,U06033,2026-02-11T15:21:55Z,Mobile,Organic
S01652,U01493,2026-01-05T14:01:06Z,Desktop,Social
S01653,U04729,2026-02-14T06:50:08Z,Desktop,Social
S01654,U05370,2026-02-03T19:52:29Z,Mobile,Social
S01655,U02794,2026-02-13T12:16:44Z,Tablet,Organic
S01656,U07015,2026-03-04T19:59:05Z,Mobile,Organic
S01657,U00911,2026-01-17T03:26:37Z,Mobile,Paid Search
S01658,U07256,2026-01-11T18:22:35Z,Mobile,Social
S01659,U00137,2026-01-25T05:09:34Z,Desktop,Organic
S01660,U06556,2026-01-20T20:29:38Z,Desktop,Paid Search
S01661,U01246,2026-03-21T08:14:16Z,Desktop,Social
S01662,U03284,2026-01-26T10:08:13Z,Mobile,Email
S01663,U02458,2026-03-02T17:02:22Z,Mobile,Social
S01664,U04866,2026-03-27T11:20:42Z,Mobile,Social
S01665,U01313,2026-01-08T14:56:28Z,Mobile,Paid Search
S01666,U03204,2026-02-01T14:14:40Z,Desktop,Paid Search
S01667,U07313,2026-01-10T08:14:22Z,Tablet,Organic
S01668,U06231,2026-01-20T07:29:38Z,Mobile,Social
S01669,U06086,2026-01-30T15:57:25Z,Mobile,Organic
S01670,U05136,2026-01-06T13:53:24Z,Desktop,Organic
S01671,U04943,2026-01-29T19:02:09Z,Mobile,Email
S01672,U06855,2026-02-16T08:47:06Z,Desktop,Social
S01673,U05932,2026-03-23T03:49:47Z,Desktop,Organic
S01674,U06851,2026-02-02T23:18:40Z,Mobile,Paid Search
S01675,U03554,2026-03-04T08:50:16Z,Mobile,Organic
S01676,U04970,2026-03-04T20:24:48Z,Desktop,Paid Search
S01677,U02955,2026-03-15T03:27:20Z,Mobile,Social
S01678,U06982,2026-02-20T01:27:05Z,Mobile,Social
S01679,U04645,2026-03-22T15:43:16Z,Desktop,Organic
S01680,U05973,2026-01-13T10:38:29Z,Desktop,Social
S01681,U02267,2026-03-29T12:31:35Z,Mobile,Email
S01682,U04095,2026-02-21T12:41:23Z,Desktop,Organic
S01683,U06851,2026-02-12T12:48:31Z,Desktop,Social
S01684,U05239,2026-02-10T11:08:06Z,Mobile,Social
S01685,U03977,2026-01-24T13:56:00Z,Mobile,Social
S01686,U04767,2026-01-21T06:08:11Z,Mobile,Organic
S01687,U03261,2026-03-13T10:47:04Z,Desktop,Paid Search
S01688,U02787,2026-03-26T14:43:56Z,Desktop,Organic
S01689,U01270,2026-01-29T16:06:44Z,Desktop,Organic
S01690,U06649,2026-01-29T08:55:58Z,Desktop,Paid Search
S01691,U04654,2026-03-03T15:58:54Z,Mobile,Paid Search
S01692,U03172,2026-03-16T14:32:58Z,Desktop,Social
S01693,U07582,2026-02-16T09:35:44Z,Mobile,Paid Search
S01694,U01102,2026-02-10T19:40:27Z,Mobile,Email
S01695,U04158,2026-03-16T04:41:17Z,Mobile,Email
S01696,U02205,2026-03-24T20:10:23Z,Desktop,Organic
S01697,U01404,2026-02-26T18:06:00Z,Mobile,Organic
S01698,U00523,2026-01-08T12:39:21Z,Mobile,Social
S01699,U00226,2026-02-05T20:44:38Z,Mobile,Social
S01700,U03247,2026-03-04T15:41:09Z,Desktop,Email
S01701,U05582,2026-03-07T14:49:24Z,Mobile,Paid Search
S01702,U00582,2026-01-07T13:02:49Z,Mobile,Social
S01703,U06217,2026-01-21T07:05:09Z,Mobile,Paid Search
S01704,U00979,2026-01-24T01:04:24Z,Desktop,Paid Search
S01705,U03887,2026-03-15T14:06:23Z,Desktop,Paid Search
S01706,U01857,2026-03-05T03:18:12Z,Mobile,Paid Search
S01707,U00168,2026-02-13T16:26:48Z,Desktop,Paid Search
S01708,U01381,2026-01-08T20:17:03Z,Mobile,Paid Search
S01709,U01413,2026-03-14T20:30:41Z,Mobile,Organic
S01710,U05597,2026-03-10T07:57:02Z,Tablet,Organic
S01711,U05787,2026-03-18T13:37:22Z,Mobile,Social
S01712,U00249,2026-01-23T18:28:16Z,Mobile,Social
S01713,U05596,2026-01-16T11:20:50Z,Desktop,Organic
S01714,U07734,2026-02-28T19:57:04Z,Desktop,Social
S01715,U00481,2026-03-04T06:51:26Z,Desktop,Organic
S01716,U05436,2026-03-03T21:31:21Z,Mobile,Paid Search
S01717,U05270,2026-03-31T19:22:00Z,Mobile,Social
S01718,U03966,2026-03-04T00:52:03Z,Mobile,Organic
S01719,U07757,2026-02-06T02:00:24Z,Mobile,Organic
S01720,U00393,2026-03-15T19:45:44Z,Mobile,Organic
S01721,U06749,2026-02-19T06:51:12Z,Mobile,Paid Search
S01722,U03038,2026-02-25T18:30:33Z,Mobile,Organic
S01723,U05837,2026-01-13T16:38:50Z,Desktop,Social
S01724,U03126,2026-03-15T23:19:01Z,Desktop,Organic
S01725,U02710,2026-01-01T08:45:08Z,Desktop,Email
S01726,U00367,2026-02-19T08:18:53Z,Mobile,Social
S01727,U02538,2026-02-24T20:46:21Z,Desktop,Email
S01728,U03389,2026-02-04T14:53:55Z,Desktop,Paid Search
S01729,U03240,2026-03-04T09:13:36Z,Desktop,Paid Search
S01730,U07826,2026-03-10T11:55:10Z,Mobile,Social
S01731,U06235,2026-02-06T10:21:56Z,Desktop,Organic
S01732,U00293,2026-03-13T18:07:49Z,Mobile,Paid Search
S01733,U01981,2026-01-24T03:02:38Z,Desktop,Social
S01734,U07649,2026-01-19T16:05:36Z,Mobile,Organic
S01735,U02797,2026-02-10T01:35:35Z,Mobile,Email
S01736,U05277,2026-02-02T06:23:26Z,Mobile,Organic
S01737,U02014,2026-02-26T00:55:17Z,Desktop,Organic
S01738,U05610,2026-01-19T19:55:12Z,Tablet,Organic
S01739,U00315,2026-03-21T06:11:11Z,Desktop,Organic
S01740,U03175,2026-01-01T13:52:46Z,Mobile,Organic
S01741,U04470,2026-01-16T08:10:28Z,Desktop,Organic
S01742,U05047,2026-03-02T20:48:26Z,Desktop,Organic
S01743,U03728,2026-03-20T09:06:13Z,Mobile,Email
S01744,U01429,2026-02-16T08:08:59Z,Mobile,Paid Search
S01745,U00172,2026-02-19T09:21:53Z,Desktop,Paid Search
S01746,U07716,2026-02-21T04:33:07Z,Desktop,Paid Search
S01747,U02768,2026-02-27T16:09:41Z,Tablet,Paid Search
S01748,U07066,2026-03-26T22:31:57Z,Mobile,Paid Search
S01749,U01158,2026-02-22T13:38:47Z,Desktop,Organic
S01750,U02767,2026-02-08T22:42:15Z,Mobile,Organic
S01751,U05685,2026-03-08T15:43:14Z,Mobile,Paid Search
S01752,U04711,2026-02-04T20:30:41Z,Desktop,Paid Search
S01753,U07111,2026-01-26T05:29:10Z,Mobile,Paid Search
S01754,U04347,2026-03-04T11:30:46Z,Desktop,Social
S01755,U00072,2026-01-05T03:32:02Z,Desktop,Organic
S01756,U07388,2026-01-07T12:04:11Z,Desktop,Organic
S01757,U04780,2026-02-09T02:24:13Z,Mobile,Email
S01758,U02485,2026-02-27T17:17:50Z,Mobile,Organic
S01759,U03847,2026-03-21T14:54:57Z,Mobile,Paid Search
S01760,U03645,2026-02-01T04:07:38Z,Desktop,Organic
S01761,U07324,2026-02-16T16:03:14Z,Mobile,Organic
S01762,U07263,2026-03-14T12:31:06Z,Desktop,Email
S01763,U00681,2026-02-11T10:38:38Z,Desktop,Email
S01764,U02610,2026-02-05T18:56:54Z,Desktop,Organic
S01765,U03547,2026-01-07T08:41:40Z,Desktop,Organic
S01766,U00258,2026-03-26T16:40:42Z,Desktop,Organic
S01767,U06580,2026-01-05T09:50:26Z,Desktop,Organic
S01768,U04526,2026-02-13T04:49:06Z,Desktop,Social
S01769,U07058,2026-02-27T03:05:14Z,Desktop,Email
S01770,U01262,2026-01-14T08:50:45Z,Mobile,Paid Search
S01771,U02795,2026-01-10T00:21:04Z,Desktop,Social
S01772,U07139,2026-03-21T02:33:45Z,Mobile,Paid Search
S01773,U01000,2026-03-22T12:02:51Z,Desktop,Organic
S01774,U03900,2026-01-11T14:05:11Z,Mobile,Paid Search
S01775,U05993,2026-03-05T22:02:38Z,Desktop,Paid Search
S01776,U02157,2026-03-06T00:13:47Z,Mobile,Email
S01777,U01533,2026-01-25T04:30:54Z,Desktop,Organic
S01778,U02431,2026-01-30T05:54:49Z,Mobile,Social
S01779,U01973,2026-01-28T15:31:45Z,Mobile,Organic
S01780,U00505,2026-03-29T09:09:46Z,Mobile,Organic
S01781,U05522,2026-01-08T22:34:04Z,Desktop,Paid Search
S01782,U02609,2026-02-27T00:26:12Z,Tablet,Social
S01783,U02614,2026-03-19T02:23:54Z,Mobile,Social
S01784,U01559,2026-02-08T17:48:25Z,Mobile,Email
S01785,U03159,2026-03-01T16:27:47Z,Mobile,Social
S01786,U03273,2026-02-10T13:53:18Z,Tablet,Paid Search
S01787,U01778,2026-03-26T06:17:26Z,Mobile,Email
S01788,U01297,2026-02-04T12:16:52Z,Mobile,Paid Search
S01789,U07807,2026-03-27T02:10:32Z,Mobile,Organic
S01790,U01773,2026-01-19T08:33:41Z,Mobile,Paid Search
S01791,U05067,2026-03-22T05:46:28Z,Mobile,Organic
S01792,U05641,2026-03-09T10:15:48Z,Mobile,Paid Search
S01793,U03663,2026-02-17T20:34:58Z,Tablet,Organic
S01794,U01593,2026-03-13T12:24:23Z,Mobile,Organic
S01795,U05801,2026-02-11T23:02:06Z,Mobile,Email
S01796,U02568,2026-02-01T17:47:20Z,Mobile,Social
S01797,U03791,2026-01-19T22:42:17Z,Mobile,Paid Search
S01798,U03881,2026-02-05T05:12:34Z,Mobile,Social
S01799,U02622,2026-03-03T20:27:26Z,Mobile,Organic
S01800,U07846,2026-03-10T07:17:02Z,Desktop,Paid Search
S01801,U07249,2026-03-19T04:22:56Z,Mobile,Organic
S01802,U00645,2026-01-04T01:02:57Z,Desktop,Social
S01803,U02574,2026-02-18T20:12:59Z,Mobile,Paid Search
S01804,U01053,2026-01-26T22:05:00Z,Mobile,Organic
S01805,U02676,2026-03-22T15:48:39Z,Desktop,Paid Search
S01806,U04192,2026-02-11T20:35:36Z,Desktop,Organic
S01807,U07702,2026-01-09T05:05:38Z,Mobile,Paid Search
S01808,U03381,2026-01-12T13:07:07Z,Tablet,Organic
S01809,U03244,2026-03-11T02:15:46Z,Mobile,Paid Search
S01810,U07117,2026-01-27T16:19:45Z,Mobile,Social
S01811,U01906,2026-01-29T17:25:43Z,Mobile,Organic
S01812,U05197,2026-01-18T18:13:32Z,Mobile,Paid Search
S01813,U03400,2026-02-07T17:55:17Z,Mobile,Social
S01814,U07362,2026-02-14T02:56:07Z,Mobile,Paid Search
S01815,U05142,2026-02-20T07:44:49Z,Mobile,Organic
S01816,U01310,2026-02-06T09:40:18Z,Mobile,Paid Search
S01817,U02133,2026-03-19T09:19:50Z,Mobile,Organic
S01818,U06592,2026-02-21T07:26:56Z,Mobile,Organic
S01819,U02957,2026-02-08T07:48:14Z,Desktop,Social
S01820,U00102,2026-03-14T09:11:13Z,Mobile,Organic
S01821,U02682,2026-01-27T18:11:22Z,Desktop,Paid Search
S01822,U06513,2026-01-22T17:54:05Z,Mobile,Paid Search
S01823,U06986,2026-02-01T02:49:40Z,Desktop,Social
S01824,U04654,2026-02-05T00:00:01Z,Mobile,Paid Search
S01825,U07954,2026-01-13T01:56:57Z,Mobile,Paid Search
S01826,U07637,2026-01-16T10:59:50Z,Mobile,Paid Search
S01827,U05586,2026-01-27T04:22:51Z,Desktop,Social
S01828,U01924,2026-03-02T06:21:22Z,Mobile,Organic
S01829,U00519,2026-02-04T09:49:58Z,Mobile,Paid Search
S01830,U00245,2026-01-20T07:50:42Z,Mobile,Social
S01831,U00361,2026-02-22T06:22:20Z,Tablet,Paid Search
S01832,U02228,2026-03-03T07:22:48Z,Desktop,Organic
S01833,U05327,2026-01-25T08:32:58Z,Desktop,Social
S01834,U01897,2026-02-25T20:21:01Z,Tablet,Paid Search
S01835,U03738,2026-01-07T10:25:54Z,Mobile,Paid Search
S01836,U05950,2026-03-11T05:58:02Z,Mobile,Email
S01837,U01210,2026-02-17T17:01:14Z,Tablet,Social
S01838,U00709,2026-03-05T19:44:36Z,Mobile,Email
S01839,U07523,2026-03-29T05:58:52Z,Desktop,Organic
S01840,U06816,2026-03-22T05:16:52Z,Mobile,Paid Search
S01841,U06756,2026-03-15T05:04:47Z,Tablet,Social
S01842,U04715,2026-01-15T18:15:17Z,Mobile,Paid Search
S01843,U04008,2026-01-22T08:15:24Z,Desktop,Social
S01844,U04727,2026-02-20T19:02:46Z,Desktop,Paid Search
S01845,U06835,2026-01-14T08:13:17Z,Desktop,Paid Search
S01846,U05693,2026-03-06T03:55:29Z,Mobile,Email
S01847,U05229,2026-01-31T14:47:10Z,Mobile,Organic
S01848,U03302,2026-02-27T04:19:51Z,Mobile,Paid Search
S01849,U00259,2026-03-23T22:23:03Z,Mobile,Social
S01850,U04810,2026-02-19T19:37:30Z,Desktop,Paid Search
S01851,U07887,2026-03-29T17:51:05Z,Tablet,Paid Search
S01852,U05863,2026-03-11T03:21:05Z,Mobile,Social
S01853,U02645,2026-02-13T08:47:17Z,Desktop,Paid Search
S01854,U05711,2026-02-26T02:30:57Z,Mobile,Paid Search
S01855,U04024,2026-01-07T09:13:07Z,Mobile,Social
S01856,U00899,2026-01-21T01:26:58Z,Mobile,Organic
S01857,U01497,2026-03-25T06:25:51Z,Desktop,Organic
S01858,U00952,2026-01-30T16:11:23Z,Desktop,Email
S01859,U03881,2026-03-09T13:24:32Z,Desktop,Organic
S01860,U07772,2026-02-24T02:26:13Z,Mobile,Organic
S01861,U04673,2026-02-01T05:00:25Z,Mobile,Organic
S01862,U07954,2026-03-11T13:35:31Z,Mobile,Paid Search
S01863,U01903,2026-01-24T21:11:39Z,Mobile,Paid Search
S01864,U04347,2026-01-02T04:06:18Z,Mobile,Organic
S01865,U01755,2026-01-28T06:52:08Z,Desktop,Paid Search
S01866,U05465,2026-03-22T19:42:42Z,Desktop,Organic
S01867,U02151,2026-02-22T22:46:41Z,Mobile,Organic
S01868,U03202,2026-01-04T07:00:45Z,Desktop,Email
S01869,U07281,2026-01-17T17:27:11Z,Desktop,Social
S01870,U00696,2026-02-25T21:50:19Z,Mobile,Organic
S01871,U05327,2026-01-06T13:27:13Z,Mobile,Organic
S01872,U07532,2026-02-13T11:02:59Z,Desktop,Paid Search
S01873,U04958,2026-02-19T21:27:54Z,Desktop,Email
S01874,U05154,2026-03-10T18:49:23Z,Desktop,Organic
S01875,U02656,2026-03-18T18:41:47Z,Mobile,Email
S01876,U06765,2026-03-14T06:57:49Z,Mobile,Organic
S01877,U05838,2026-01-18T10:44:28Z,Mobile,Social
S01878,U01500,2026-01-27T21:46:38Z,Desktop,Social
S01879,U02218,2026-03-05T13:39:11Z,Mobile,Paid Search
S01880,U00591,2026-02-28T19:33:59Z,Mobile,Organic
S01881,U02088,2026-02-20T00:07:08Z,Mobile,Social
S01882,U04649,2026-02-28T20:02:54Z,Mobile,Organic
S01883,U01484,2026-03-02T15:55:01Z,Mobile,Organic
S01884,U01679,2026-01-17T03:29:28Z,Desktop,Social
S01885,U02271,2026-01-02T04:03:25Z,Mobile,Paid Search
S01886,U02595,2026-02-15T08:36:20Z,Mobile,Paid Search
S01887,U07820,2026-01-22T13:57:16Z,Mobile,Paid Search
S01888,U03330,2026-02-04T17:42:14Z,Mobile,Organic
S01889,U05499,2026-01-23T08:01:20Z,Mobile,Organic
S01890,U00672,2026-02-19T16:14:39Z,Mobile,Organic
S01891,U06268,2026-02-19T22:23:36Z,Desktop,Organic
S01892,U05044,2026-03-09T12:27:44Z,Mobile,Paid Search
S01893,U05726,2026-02-17T05:15:41Z,Desktop,Paid Search
S01894,U02038,2026-01-27T07:56:04Z,Mobile,Paid Search
S01895,U00199,2026-01-30T13:48:54Z,Desktop,Paid Search
S01896,U03475,2026-01-03T17:52:30Z,Mobile,Paid Search
S01897,U01296,2026-02-04T13:20:50Z,Desktop,Organic
S01898,U03125,2026-03-18T19:19:50Z,Desktop,Social
S01899,U03571,2026-02-02T16:29:48Z,Mobile,Organic
S01900,U03468,2026-03-15T06:24:21Z,Mobile,Paid Search
S01901,U05838,2026-01-31T00:37:32Z,Desktop,Organic
S01902,U00072,2026-01-20T19:25:47Z,Desktop,Organic
S01903,U03227,2026-03-07T00:45:15Z,Mobile,Social
S01904,U04702,2026-01-17T08:48:29Z,Desktop,Social
S01905,U05845,2026-03-01T08:56:56Z,Mobile,Social
S01906,U02353,2026-01-06T02:26:31Z,Tablet,Organic
S01907,U04302,2026-02-20T20:02:10Z,Mobile,Paid Search
S01908,U03320,2026-02-15T22:02:46Z,Mobile,Social
S01909,U01035,2026-03-09T14:50:35Z,Mobile,Social
S01910,U02445,2026-01-27T02:40:22Z,Mobile,Paid Search
S01911,U06147,2026-02-08T13:36:11Z,Mobile,Paid Search
S01912,U06138,2026-01-19T16:22:54Z,Desktop,Social
S01913,U02072,2026-01-19T00:35:46Z,Desktop,Email
S01914,U00421,2026-02-17T07:27:09Z,Mobile,Paid Search
S01915,U07450,2026-01-13T10:45:21Z,Mobile,Paid Search
S01916,U04519,2026-01-10T21:46:52Z,Mobile,Social
S01917,U05167,2026-03-13T09:48:58Z,Mobile,Paid Search
S01918,U02335,2026-02-12T22:18:57Z,Mobile,Paid Search
S01919,U05459,2026-02-26T17:44:59Z,Mobile,Paid Search
S01920,U07643,2026-03-14T18:25:15Z,Mobile,Email
S01921,U01180,2026-02-12T16:00:53Z,Desktop,Paid Search
S01922,U06550,2026-01-18T07:04:52Z,Mobile,Organic
S01923,U07505,2026-01-20T15:32:36Z,Mobile,Organic
S01924,U05511,2026-01-29T17:03:01Z,Desktop,Organic
S01925,U03842,2026-02-13T22:27:24Z,Desktop,Paid Search
S01926,U06672,2026-02-03T21:00:34Z,Mobile,Social
S01927,U06844,2026-03-22T11:53:19Z,Mobile,Social
S01928,U02010,2026-03-08T10:09:24Z,Desktop,Social
S01929,U07969,2026-02-04T11:56:51Z,Desktop,Organic
S01930,U07071,2026-02-21T01:52:02Z,Tablet,Organic
S01931,U00808,2026-01-29T09:03:22Z,Mobile,Organic
S01932,U01987,2026-02-21T15:15:57Z,Mobile,Organic
S01933,U00467,2026-03-26T02:24:52Z,Desktop,Email
S01934,U07202,2026-02-12T13:29:06Z,Mobile,Organic
S01935,U01927,2026-02-20T21:25:25Z,Mobile,Paid Search
S01936,U06990,2026-02-13T05:47:45Z,Mobile,Paid Search
S01937,U01455,2026-01-12T05:31:48Z,Tablet,Organic
S01938,U01354,2026-02-16T13:00:25Z,Desktop,Organic
S01939,U00324,2026-02-12T03:38:23Z,Mobile,Paid Search
S01940,U05042,2026-02-20T17:51:12Z,Mobile,Paid Search
S01941,U04966,2026-01-10T22:18:32Z,Mobile,Organic
S01942,U05645,2026-01-21T18:44:47Z,Mobile,Paid Search
S01943,U02939,2026-03-27T05:55:39Z,Desktop,Social
S01944,U03425,2026-02-09T10:41:29Z,Desktop,Social
S01945,U03779,2026-01-31T11:15:43Z,Desktop,Organic
S01946,U04746,2026-01-10T10:17:04Z,Desktop,Social
S01947,U05810,2026-01-16T20:06:07Z,Desktop,Organic
S01948,U00401,2026-02-16T05:41:56Z,Mobile,Organic
S01949,U05810,2026-03-05T16:52:32Z,Desktop,Paid Search
S01950,U05795,2026-02-27T04:50:19Z,Desktop,Social
S01951,U07818,2026-03-14T06:41:52Z,Mobile,Social
S01952,U04201,2026-02-12T05:23:40Z,Mobile,Organic
S01953,U02956,2026-01-24T15:12:51Z,Mobile,Organic
S01954,U06321,2026-03-20T13:34:52Z,Mobile,Organic
S01955,U05396,2026-03-06T07:20:38Z,Mobile,Organic
S01956,U04838,2026-03-06T09:57:21Z,Mobile,Social
S01957,U03337,2026-03-10T16:37:06Z,Mobile,Organic
S01958,U01892,2026-02-23T16:52:37Z,Desktop,Paid Search
S01959,U05342,2026-03-17T08:06:55Z,Mobile,Organic
S01960,U04348,2026-01-30T21:06:04Z,Mobile,Organic
S01961,U07854,2026-02-27T08:42:03Z,Mobile,Paid Search
S01962,U06003,2026-03-11T15:10:24Z,Mobile,Social
S01963,U04069,2026-03-23T11:08:54Z,Desktop,Social
S01964,U00950,2026-01-28T19:26:44Z,Desktop,Organic
S01965,U05375,2026-02-19T20:24:59Z,Desktop,Organic
S01966,U03405,2026-02-03T06:09:14Z,Desktop,Social
S01967,U00995,2026-03-23T02:29:50Z,Mobile,Organic
S01968,U06214,2026-01-01T08:43:18Z,Mobile,Social
S01969,U04100,2026-01-23T04:07:39Z,Desktop,Organic
S01970,U05033,2026-03-10T16:56:27Z,Mobile,Paid Search
S01971,U04468,2026-01-12T12:51:39Z,Mobile,Social
S01972,U00708,2026-01-03T22:35:09Z,Desktop,Social
S01973,U05649,2026-01-21T05:18:31Z,Mobile,Paid Search
S01974,U06494,2026-03-22T12:47:36Z,Mobile,Social
S01975,U01373,2026-01-14T18:39:23Z,Desktop,Paid Search
S01976,U06837,2026-03-17T02:26:08Z,Tablet,Social
S01977,U07373,2026-02-28T14:06:00Z,Mobile,Paid Search
S01978,U00699,2026-02-23T00:16:14Z,Tablet,Social
S01979,U04535,2026-03-13T04:14:29Z,Mobile,Paid Search
S01980,U06843,2026-02-13T04:21:36Z,Desktop,Organic
S01981,U02300,2026-01-18T09:24:13Z,Desktop,Email
S01982,U02457,2026-03-09T13:14:42Z,Mobile,Organic
S01983,U07631,2026-02-11T06:43:38Z,Desktop,Social
S01984,U02735,2026-02-16T04:07:40Z,Mobile,Organic
S01985,U05840,2026-03-12T19:42:30Z,Desktop,Organic
S01986,U00823,2026-03-11T10:49:15Z,Desktop,Social
S01987,U05390,2026-01-06T11:21:20Z,Desktop,Paid Search
S01988,U03844,2026-03-17T00:08:45Z,Mobile,Paid Search
S01989,U07698,2026-02-21T19:43:56Z,Mobile,Organic
S01990,U05970,2026-01-14T22:58:05Z,Desktop,Paid Search
S01991,U05583,2026-03-29T18:33:25Z,Mobile,Paid Search
S01992,U01729,2026-01-25T17:56:12Z,Mobile,Organic
S01993,U07288,2026-03-16T10:28:24Z,Mobile,Paid Search
S01994,U04754,2026-03-30T04:40:02Z,Mobile,Social
S01995,U07860,2026-01-10T14:22:16Z,Mobile,Organic
S01996,U03663,2026-01-15T00:30:03Z,Mobile,Organic
S01997,U04251,2026-02-17T11:50:13Z,Tablet,Paid Search
S01998,U07127,2026-03-23T05:18:45Z,Mobile,Paid Search
S01999,U01300,2026-02-25T01:46:53Z,Mobile,Paid Search
S02000,U02353,2026-03-09T10:31:29Z,Mobile,Organic
S02001,U02258,2026-03-24T08:10:01Z,Mobile,Social
S02002,U07413,2026-02-19T09:49:02Z,Mobile,Organic
S02003,U05259,2026-02-19T07:58:08Z,Tablet,Paid Search
S02004,U05652,2026-01-15T09:44:44Z,Desktop,Paid Search
S02005,U07249,2026-02-09T14:41:55Z,Mobile,Paid Search
S02006,U07573,2026-03-27T20:14:30Z,Desktop,Paid Search
S02007,U06296,2026-03-09T00:07:21Z,Mobile,Organic
S02008,U06002,2026-02-13T00:03:11Z,Mobile,Organic
S02009,U07293,2026-02-15T03:29:54Z,Mobile,Paid Search
S02010,U04040,2026-02-15T17:09:45Z,Desktop,Paid Search
S02011,U05579,2026-02-22T19:28:40Z,Tablet,Organic
S02012,U01758,2026-03-12T16:03:59Z,Desktop,Organic
S02013,U07290,2026-02-22T04:22:45Z,Tablet,Paid Search
S02014,U01976,2026-03-18T19:32:51Z,Desktop,Email
S02015,U01773,2026-03-26T00:13:53Z,Desktop,Paid Search
S02016,U07577,2026-02-12T03:38:39Z,Mobile,Paid Search
S02017,U01346,2026-02-14T12:59:39Z,Desktop,Paid Search
S02018,U06737,2026-03-15T00:46:39Z,Desktop,Organic
S02019,U00502,2026-01-26T07:36:43Z,Mobile,Organic
S02020,U03004,2026-01-05T04:17:30Z,Desktop,Social
S02021,U01304,2026-02-25T05:36:15Z,Desktop,Social
S02022,U06657,2026-01-20T15:06:41Z,Mobile,Organic
S02023,U07365,2026-03-28T19:19:41Z,Desktop,Email
S02024,U04869,2026-03-16T12:01:00Z,Desktop,Organic
S02025,U07588,2026-02-26T10:09:52Z,Mobile,Paid Search
S02026,U04387,2026-01-03T07:08:45Z,Mobile,Paid Search
S02027,U05737,2026-01-15T04:36:57Z,Desktop,Organic
S02028,U00433,2026-02-20T21:08:28Z,Desktop,Social
S02029,U04972,2026-01-17T08:45:20Z,Desktop,Paid Search
S02030,U04019,2026-03-12T04:57:29Z,Desktop,Organic
S02031,U05213,2026-01-27T05:05:12Z,Desktop,Organic
S02032,U06044,2026-01-10T15:22:08Z,Desktop,Paid Search
S02033,U02767,2026-02-28T05:59:38Z,Desktop,Email
S02034,U00686,2026-03-27T00:52:52Z,Desktop,Social
S02035,U03597,2026-01-11T06:55:58Z,Mobile,Social
S02036,U07936,2026-03-10T13:31:38Z,Mobile,Paid Search
S02037,U04129,2026-02-10T13:48:02Z,Desktop,Social
S02038,U04722,2026-01-11T19:52:15Z,Desktop,Paid Search
S02039,U04108,2026-01-10T05:28:56Z,Mobile,Social
S02040,U00362,2026-03-02T01:28:13Z,Mobile,Paid Search
S02041,U02962,2026-02-01T13:45:31Z,Mobile,Organic
S02042,U01008,2026-02-05T19:17:52Z,Mobile,Paid Search
S02043,U00402,2026-03-07T08:17:44Z,Tablet,Paid Search
S02044,U03849,2026-02-18T01:31:28Z,Mobile,Organic
S02045,U00140,2026-03-13T16:44:56Z,Desktop,Social
S02046,U02194,2026-03-23T19:08:40Z,Mobile,Organic
S02047,U07293,2026-01-16T14:15:37Z,Mobile,Paid Search
S02048,U05274,2026-02-03T22:46:35Z,Desktop,Email
S02049,U01538,2026-02-01T18:46:29Z,Mobile,Social
S02050,U03278,2026-02-01T05:38:17Z,Desktop,Organic
S02051,U02520,2026-03-08T20:48:17Z,Desktop,Social
S02052,U03530,2026-01-17T13:24:28Z,Desktop,Social
S02053,U03197,2026-02-02T02:59:29Z,Mobile,Organic
S02054,U00347,2026-02-15T13:36:17Z,Desktop,Social
S02055,U01571,2026-02-17T12:22:35Z,Mobile,Organic
S02056,U06489,2026-01-03T03:04:49Z,Mobile,Organic
S02057,U01851,2026-03-09T18:23:39Z,Desktop,Organic
S02058,U01462,2026-02-17T08:47:26Z,Mobile,Paid Search
S02059,U04998,2026-02-05T12:04:17Z,Desktop,Organic
S02060,U00472,2026-01-08T12:22:35Z,Mobile,Social
S02061,U07945,2026-02-07T08:41:42Z,Mobile,Organic
S02062,U02582,2026-02-15T07:04:31Z,Desktop,Organic
S02063,U06603,2026-01-16T14:22:16Z,Desktop,Social
S02064,U01014,2026-02-28T19:09:31Z,Mobile,Social
S02065,U04036,2026-01-31T21:36:07Z,Mobile,Social
S02066,U05926,2026-01-29T01:25:39Z,Desktop,Social
S02067,U03190,2026-03-20T18:22:56Z,Mobile,Email
S02068,U01515,2026-03-12T19:05:43Z,Desktop,Organic
S02069,U00918,2026-01-04T21:20:20Z,Mobile,Social
S02070,U05217,2026-01-02T08:53:52Z,Desktop,Organic
S02071,U07510,2026-03-18T04:21:29Z,Tablet,Email
S02072,U07258,2026-02-20T13:23:42Z,Desktop,Organic
S02073,U00892,2026-01-16T19:08:58Z,Desktop,Paid Search
S02074,U00603,2026-01-21T07:50:57Z,Desktop,Paid Search
S02075,U07706,2026-03-31T10:42:08Z,Mobile,Paid Search
S02076,U01947,2026-02-16T22:57:18Z,Mobile,Social
S02077,U01056,2026-01-06T18:54:30Z,Desktop,Organic
S02078,U03200,2026-01-25T02:00:59Z,Mobile,Organic
S02079,U00427,2026-01-23T07:57:32Z,Mobile,Organic
S02080,U03977,2026-03-07T20:02:07Z,Mobile,Paid Search
S02081,U06811,2026-03-13T05:11:30Z,Desktop,Email
S02082,U02807,2026-01-01T19:13:01Z,Tablet,Social
S02083,U01915,2026-03-12T19:14:45Z,Mobile,Organic
S02084,U05685,2026-01-07T03:43:51Z,Desktop,Paid Search
S02085,U02341,2026-03-14T21:08:52Z,Desktop,Social
S02086,U06195,2026-02-27T09:17:35Z,Mobile,Organic
S02087,U03080,2026-03-22T15:19:06Z,Desktop,Paid Search
S02088,U06222,2026-03-26T10:47:31Z,Desktop,Paid Search
S02089,U01204,2026-03-16T13:59:04Z,Desktop,Paid Search
S02090,U07810,2026-03-14T22:31:45Z,Desktop,Social
S02091,U00449,2026-02-25T14:43:00Z,Mobile,Email
S02092,U06257,2026-03-02T05:38:36Z,Mobile,Organic
S02093,U05935,2026-01-23T07:51:39Z,Mobile,Email
S02094,U00144,2026-03-08T05:02:36Z,Desktop,Paid Search
S02095,U07269,2026-02-06T00:06:42Z,Desktop,Email
S02096,U06592,2026-03-14T22:12:34Z,Mobile,Organic
S02097,U05543,2026-01-19T14:47:25Z,Mobile,Paid Search
S02098,U00805,2026-01-28T00:32:37Z,Mobile,Social
S02099,U06148,2026-03-09T11:25:16Z,Mobile,Email
S02100,U06334,2026-02-21T19:42:51Z,Mobile,Paid Search
S02101,U05470,2026-01-22T17:25:07Z,Desktop,Organic
S02102,U00513,2026-02-25T21:51:34Z,Mobile,Social
S02103,U05475,2026-01-15T14:05:49Z,Mobile,Organic
S02104,U07028,2026-02-05T02:54:59Z,Mobile,Paid Search
S02105,U05158,2026-01-07T16:29:53Z,Mobile,Organic
S02106,U03018,2026-03-24T14:58:08Z,Desktop,Organic
S02107,U03373,2026-02-27T05:05:14Z,Desktop,Social
S02108,U07562,2026-03-04T22:46:11Z,Desktop,Email
S02109,U03255,2026-03-19T02:25:54Z,Desktop,Organic
S02110,U01626,2026-03-28T19:25:31Z,Mobile,Email
S02111,U02825,2026-02-10T13:01:47Z,Desktop,Organic
S02112,U03804,2026-02-21T03:57:29Z,Mobile,Email
S02113,U01793,2026-01-11T21:57:06Z,Mobile,Paid Search
S02114,U03832,2026-01-31T18:41:18Z,Tablet,Organic
S02115,U07303,2026-02-18T04:24:54Z,Mobile,Paid Search
S02116,U04181,2026-02-11T01:44:23Z,Mobile,Paid Search
S02117,U02050,2026-02-06T01:55:33Z,Mobile,Organic
S02118,U07415,2026-02-20T17:07:36Z,Mobile,Email
S02119,U05236,2026-01-22T06:47:44Z,Mobile,Social
S02120,U01585,2026-03-17T19:31:26Z,Desktop,Organic
S02121,U07100,2026-03-29T22:04:54Z,Mobile,Social
S02122,U01452,2026-03-11T08:50:54Z,Desktop,Social
S02123,U06053,2026-02-13T08:20:03Z,Mobile,Paid Search
S02124,U00975,2026-03-23T15:36:29Z,Mobile,Email
S02125,U04429,2026-01-19T00:33:46Z,Mobile,Organic
S02126,U01305,2026-01-24T08:09:08Z,Desktop,Organic
S02127,U03665,2026-03-26T13:19:37Z,Mobile,Organic
S02128,U00597,2026-03-29T09:38:42Z,Mobile,Organic
S02129,U02200,2026-01-06T20:17:56Z,Mobile,Social
S02130,U01040,2026-02-06T19:54:20Z,Desktop,Email
S02131,U05668,2026-01-05T12:02:49Z,Desktop,Email
S02132,U07939,2026-02-25T21:46:50Z,Desktop,Organic
S02133,U04158,2026-01-11T10:19:27Z,Mobile,Paid Search
S02134,U07334,2026-02-26T03:20:14Z,Mobile,Organic
S02135,U00215,2026-01-26T19:38:03Z,Desktop,Social
S02136,U05031,2026-02-27T10:00:31Z,Mobile,Organic
S02137,U04440,2026-03-01T18:01:07Z,Desktop,Paid Search
S02138,U06858,2026-02-25T18:24:56Z,Mobile,Social
S02139,U06143,2026-02-10T18:47:28Z,Mobile,Paid Search
S02140,U05590,2026-03-29T19:05:32Z,Mobile,Paid Search
S02141,U07109,2026-03-31T09:48:21Z,Desktop,Social
S02142,U00251,2026-03-21T12:04:59Z,Desktop,Paid Search
S02143,U03774,2026-02-04T09:08:46Z,Mobile,Paid Search
S02144,U01821,2026-03-15T09:48:11Z,Desktop,Social
S02145,U07656,2026-01-25T19:53:09Z,Tablet,Email
S02146,U01374,2026-03-03T06:28:37Z,Desktop,Organic
S02147,U05691,2026-01-22T14:41:47Z,Desktop,Organic
S02148,U07698,2026-03-29T13:28:23Z,Mobile,Social
S02149,U04252,2026-02-17T13:19:06Z,Mobile,Paid Search
S02150,U03996,2026-03-13T11:48:36Z,Mobile,Organic
S02151,U05146,2026-02-06T09:31:42Z,Mobile,Organic
S02152,U01351,2026-01-10T04:07:16Z,Desktop,Paid Search
S02153,U00705,2026-02-12T21:11:20Z,Mobile,Social
S02154,U03717,2026-01-27T14:21:51Z,Mobile,Organic
S02155,U03899,2026-02-16T22:33:03Z,Desktop,Social
S02156,U06976,2026-03-09T03:32:43Z,Mobile,Paid Search
S02157,U00894,2026-02-04T05:26:59Z,Desktop,Paid Search
S02158,U06840,2026-03-09T17:13:02Z,Mobile,Paid Search
S02159,U02711,2026-02-14T14:38:36Z,Mobile,Organic
S02160,U03685,2026-02-11T21:14:49Z,Mobile,Social
S02161,U02764,2026-01-22T05:01:56Z,Mobile,Organic
S02162,U04820,2026-03-27T10:10:49Z,Mobile,Organic
S02163,U02495,2026-02-10T22:20:32Z,Mobile,Paid Search
S02164,U02723,2026-01-16T03:01:16Z,Desktop,Paid Search
S02165,U01881,2026-01-06T05:40:39Z,Desktop,Paid Search
S02166,U03937,2026-02-10T02:31:15Z,Mobile,Organic
S02167,U02326,2026-02-24T20:13:36Z,Desktop,Social
S02168,U04020,2026-02-19T14:02:50Z,Mobile,Email
S02169,U03001,2026-02-07T15:02:49Z,Mobile,Organic
S02170,U00571,2026-01-22T13:25:43Z,Mobile,Email
S02171,U01640,2026-01-14T04:52:07Z,Mobile,Organic
S02172,U01671,2026-03-08T08:54:39Z,Mobile,Paid Search
S02173,U03864,2026-03-01T12:33:40Z,Mobile,Organic
S02174,U02629,2026-01-23T06:34:40Z,Desktop,Paid Search
S02175,U04680,2026-02-04T17:36:57Z,Mobile,Organic
S02176,U06354,2026-02-11T05:11:10Z,Desktop,Paid Search
S02177,U05977,2026-02-28T13:55:23Z,Desktop,Paid Search
S02178,U01439,2026-01-24T16:00:10Z,Tablet,Paid Search
S02179,U07587,2026-03-25T21:12:36Z,Tablet,Email
S02180,U07827,2026-03-20T07:47:42Z,Desktop,Social
S02181,U04532,2026-03-26T21:18:20Z,Mobile,Organic
S02182,U04732,2026-02-11T13:14:29Z,Desktop,Organic
S02183,U02186,2026-03-11T07:23:52Z,Mobile,Email
S02184,U02375,2026-03-01T17:57:11Z,Mobile,Social
S02185,U04081,2026-02-03T09:14:38Z,Mobile,Email
S02186,U05462,2026-02-26T02:32:39Z,Mobile,Organic
S02187,U01756,2026-03-01T19:11:14Z,Desktop,Social
S02188,U05532,2026-03-08T08:50:54Z,Mobile,Organic
S02189,U06477,2026-01-13T04:54:17Z,Desktop,Paid Search
S02190,U00365,2026-01-07T19:57:04Z,Mobile,Organic
S02191,U04661,2026-03-29T16:57:07Z,Mobile,Paid Search
S02192,U04383,2026-02-17T18:43:34Z,Mobile,Organic
S02193,U01936,2026-01-06T07:21:15Z,Mobile,Email
S02194,U04701,2026-03-24T02:59:09Z,Desktop,Social
S02195,U04729,2026-03-15T03:24:24Z,Mobile,Organic
S02196,U02271,2026-03-26T00:52:29Z,Mobile,Organic
S02197,U01724,2026-01-01T20:59:29Z,Mobile,Paid Search
S02198,U05627,2026-01-20T04:12:26Z,Mobile,Organic
S02199,U00439,2026-02-28T14:55:54Z,Mobile,Social
S02200,U01115,2026-01-06T04:24:14Z,Desktop,Organic
S02201,U01622,2026-03-26T19:15:57Z,Desktop,Email
S02202,U03116,2026-01-28T01:20:52Z,Mobile,Organic
S02203,U00823,2026-01-14T05:26:52Z,Desktop,Organic
S02204,U02762,2026-03-29T14:22:25Z,Desktop,Organic
S02205,U02349,2026-03-15T11:53:33Z,Tablet,Organic
S02206,U07928,2026-03-17T07:03:02Z,Desktop,Paid Search
S02207,U05464,2026-01-09T00:02:42Z,Desktop,Organic
S02208,U03473,2026-01-30T16:31:11Z,Mobile,Organic
S02209,U06247,2026-03-12T11:53:33Z,Mobile,Paid Search
S02210,U06084,2026-01-28T00:59:04Z,Mobile,Organic
S02211,U03461,2026-01-04T05:07:40Z,Tablet,Email
S02212,U00184,2026-02-26T03:06:30Z,Mobile,Social
S02213,U05820,2026-01-21T23:00:02Z,Desktop,Organic
S02214,U02976,2026-01-05T09:05:28Z,Mobile,Organic
S02215,U03699,2026-02-21T18:04:22Z,Mobile,Social
S02216,U02852,2026-02-17T16:07:20Z,Mobile,Social
S02217,U06855,2026-02-01T09:08:55Z,Mobile,Organic
S02218,U00487,2026-03-01T15:48:29Z,Mobile,Organic
S02219,U07467,2026-03-07T04:27:54Z,Mobile,Organic
S02220,U02263,2026-02-22T20:09:53Z,Mobile,Paid Search
S02221,U04460,2026-01-12T17:48:12Z,Mobile,Paid Search
S02222,U00250,2026-03-27T13:20:04Z,Mobile,Organic
S02223,U01602,2026-01-14T12:28:40Z,Desktop,Paid Search
S02224,U00653,2026-02-01T01:57:42Z,Mobile,Organic
S02225,U04031,2026-02-06T13:08:52Z,Tablet,Email
S02226,U04884,2026-03-09T12:56:14Z,Mobile,Social
S02227,U07533,2026-01-26T22:05:55Z,Mobile,Social
S02228,U01220,2026-02-02T15:55:40Z,Desktop,Paid Search
S02229,U02180,2026-03-31T17:17:39Z,Mobile,Organic
S02230,U03829,2026-01-15T01:50:29Z,Mobile,Paid Search
S02231,U05734,2026-03-12T02:28:25Z,Desktop,Paid Search
S02232,U05470,2026-03-22T09:48:51Z,Mobile,Organic
S02233,U05002,2026-01-09T11:31:46Z,Desktop,Organic
S02234,U03236,2026-02-08T21:46:12Z,Desktop,Email
S02235,U04836,2026-03-23T08:08:38Z,Desktop,Organic
S02236,U03366,2026-02-18T21:57:14Z,Mobile,Organic
S02237,U00403,2026-01-13T05:24:16Z,Mobile,Organic
S02238,U07922,2026-02-11T15:54:24Z,Mobile,Social
S02239,U03655,2026-03-16T20:41:49Z,Desktop,Email
S02240,U07830,2026-01-09T09:36:57Z,Mobile,Paid Search
S02241,U05413,2026-01-14T03:14:28Z,Mobile,Social
S02242,U07389,2026-03-26T22:51:23Z,Mobile,Social
S02243,U05040,2026-01-11T08:33:49Z,Mobile,Social
S02244,U00685,2026-03-16T16:19:56Z,Desktop,Social
S02245,U02374,2026-01-03T19:34:11Z,Mobile,Paid Search
S02246,U07951,2026-03-07T01:06:42Z,Desktop,Social
S02247,U03697,2026-02-08T19:28:57Z,Mobile,Social
S02248,U04679,2026-02-15T19:00:12Z,Mobile,Email
S02249,U01414,2026-03-06T13:36:34Z,Mobile,Organic
S02250,U04880,2026-01-24T06:52:41Z,Mobile,Organic
S02251,U04837,2026-01-21T18:36:04Z,Desktop,Social
S02252,U05950,2026-02-24T20:22:39Z,Desktop,Organic
S02253,U00354,2026-03-16T17:22:19Z,Desktop,Organic
S02254,U02905,2026-02-03T03:13:11Z,Desktop,Paid Search
S02255,U07322,2026-03-24T09:02:00Z,Mobile,Organic
S02256,U02901,2026-03-12T20:19:22Z,Mobile,Social
S02257,U07249,2026-03-26T14:29:47Z,Mobile,Paid Search
S02258,U05902,2026-02-06T22:12:10Z,Mobile,Paid Search
S02259,U03637,2026-02-04T16:29:43Z,Mobile,Organic
S02260,U01025,2026-02-01T22:56:56Z,Mobile,Paid Search
S02261,U04111,2026-01-29T09:40:54Z,Mobile,Paid Search
S02262,U06168,2026-01-18T09:24:46Z,Mobile,Organic
S02263,U02457,2026-02-24T00:48:10Z,Desktop,Organic
S02264,U05244,2026-02-01T13:01:30Z,Desktop,Email
S02265,U05896,2026-01-27T14:49:56Z,Mobile,Organic
S02266,U04187,2026-02-01T01:35:39Z,Desktop,Organic
S02267,U07833,2026-03-31T00:47:54Z,Desktop,Paid Search
S02268,U05328,2026-02-03T04:32:07Z,Desktop,Paid Search
S02269,U06924,2026-02-05T01:01:43Z,Desktop,Paid Search
S02270,U04410,2026-01-09T18:46:45Z,Mobile,Organic
S02271,U07097,2026-03-11T19:41:55Z,Tablet,Social
S02272,U03085,2026-02-11T22:39:58Z,Mobile,Paid Search
S02273,U06593,2026-03-11T15:22:16Z,Desktop,Paid Search
S02274,U03608,2026-03-31T21:10:53Z,Mobile,Paid Search
S02275,U02569,2026-02-09T03:17:15Z,Mobile,Paid Search
S02276,U04908,2026-01-07T04:01:42Z,Mobile,Organic
S02277,U07284,2026-03-03T13:09:18Z,Mobile,Email
S02278,U03366,2026-03-13T14:22:38Z,Mobile,Organic
S02279,U02685,2026-03-24T04:34:44Z,Mobile,Paid Search
S02280,U04690,2026-01-01T01:47:22Z,Mobile,Social
S02281,U03083,2026-03-16T09:06:36Z,Mobile,Organic
S02282,U04561,2026-03-29T09:58:30Z,Desktop,Social
S02283,U00118,2026-01-07T11:54:04Z,Desktop,Organic
S02284,U06196,2026-02-09T11:27:34Z,Mobile,Paid Search
S02285,U02613,2026-03-15T16:24:23Z,Desktop,Organic
S02286,U01072,2026-01-25T18:26:17Z,Desktop,Organic
S02287,U05740,2026-01-17T23:03:58Z,Mobile,Paid Search
S02288,U00440,2026-02-12T21:58:41Z,Desktop,Organic
S02289,U02589,2026-03-03T17:15:21Z,Mobile,Organic
S02290,U00492,2026-02-02T19:25:14Z,Desktop,Paid Search
S02291,U04879,2026-01-17T07:07:54Z,Desktop,Organic
S02292,U07627,2026-02-15T16:10:07Z,Desktop,Social
S02293,U02156,2026-02-27T04:54:42Z,Tablet,Paid Search
S02294,U07533,2026-03-23T15:28:24Z,Mobile,Social
S02295,U05706,2026-01-30T17:25:47Z,Mobile,Paid Search
S02296,U06710,2026-03-10T01:45:03Z,Mobile,Paid Search
S02297,U04567,2026-03-07T06:21:55Z,Mobile,Organic
S02298,U02199,2026-02-02T13:10:51Z,Desktop,Email
S02299,U07657,2026-01-10T04:03:21Z,Mobile,Organic
S02300,U06034,2026-02-27T10:23:36Z,Desktop,Paid Search
S02301,U03693,2026-03-04T22:36:08Z,Desktop,Email
S02302,U01363,2026-02-01T10:41:05Z,Desktop,Social
S02303,U00498,2026-03-02T12:52:31Z,Desktop,Social
S02304,U06773,2026-01-09T22:05:26Z,Desktop,Email
S02305,U01881,2026-01-25T01:12:31Z,Mobile,Email
S02306,U06945,2026-01-19T09:42:45Z,Desktop,Organic
S02307,U03885,2026-03-07T02:31:00Z,Desktop,Paid Search
S02308,U02084,2026-02-24T12:34:24Z,Tablet,Organic
S02309,U04356,2026-02-16T09:31:35Z,Mobile,Organic
S02310,U03690,2026-03-30T02:24:05Z,Mobile,Paid Search
S02311,U02093,2026-03-10T16:37:13Z,Tablet,Paid Search
S02312,U04804,2026-02-19T22:38:59Z,Mobile,Paid Search
S02313,U02577,2026-03-30T21:48:12Z,Mobile,Email
S02314,U02080,2026-01-14T09:59:05Z,Desktop,Social
S02315,U02070,2026-03-18T19:40:37Z,Desktop,Paid Search
S02316,U01929,2026-03-13T08:14:32Z,Mobile,Organic
S02317,U06693,2026-03-26T20:00:51Z,Mobile,Paid Search
S02318,U00993,2026-03-15T20:16:53Z,Desktop,Organic
S02319,U04161,2026-02-25T13:48:49Z,Mobile,Email
S02320,U05857,2026-03-18T20:19:12Z,Desktop,Social
S02321,U02366,2026-02-07T06:53:38Z,Mobile,Social
S02322,U00697,2026-02-07T11:37:34Z,Desktop,Paid Search
S02323,U04509,2026-02-05T15:19:59Z,Desktop,Social
S02324,U00801,2026-02-22T21:26:02Z,Mobile,Social
S02325,U01495,2026-01-03T16:38:25Z,Desktop,Paid Search
S02326,U00161,2026-03-17T13:48:21Z,Mobile,Organic
S02327,U03195,2026-01-06T15:52:15Z,Mobile,Social
S02328,U02654,2026-01-29T10:16:27Z,Mobile,Paid Search
S02329,U04283,2026-03-17T09:47:20Z,Desktop,Paid Search
S02330,U04539,2026-01-25T15:39:07Z,Mobile,Organic
S02331,U03762,2026-03-14T22:38:24Z,Mobile,Paid Search
S02332,U04261,2026-03-09T08:31:21Z,Mobile,Paid Search
S02333,U05411,2026-03-14T04:18:27Z,Mobile,Email
S02334,U05679,2026-01-10T20:43:45Z,Mobile,Paid Search
S02335,U00645,2026-03-13T06:48:00Z,Mobile,Organic
S02336,U06423,2026-03-15T13:25:05Z,Desktop,Email
S02337,U00740,2026-01-16T16:46:07Z,Mobile,Organic
S02338,U04439,2026-02-19T21:55:21Z,Mobile,Organic
S02339,U07701,2026-02-05T03:20:45Z,Desktop,Paid Search
S02340,U07506,2026-01-07T09:37:26Z,Desktop,Paid Search
S02341,U02613,2026-02-07T13:34:29Z,Mobile,Social
S02342,U00520,2026-01-01T20:55:03Z,Mobile,Social
S02343,U01407,2026-02-13T14:55:40Z,Mobile,Organic
S02344,U07270,2026-03-06T05:55:58Z,Desktop,Paid Search
S02345,U05341,2026-02-05T00:11:02Z,Mobile,Paid Search
S02346,U03708,2026-03-08T06:39:15Z,Mobile,Organic
S02347,U07629,2026-01-10T14:10:50Z,Desktop,Paid Search
S02348,U02879,2026-02-17T00:13:38Z,Mobile,Organic
S02349,U07985,2026-03-24T02:08:53Z,Mobile,Paid Search
S02350,U06124,2026-01-14T03:08:14Z,Mobile,Paid Search
S02351,U03610,2026-02-16T08:16:47Z,Desktop,Social
S02352,U03964,2026-03-17T11:25:44Z,Desktop,Organic
S02353,U03385,2026-01-30T05:07:41Z,Desktop,Paid Search
S02354,U04217,2026-02-22T03:12:26Z,Tablet,Social
S02355,U00678,2026-03-02T07:21:40Z,Desktop,Social
S02356,U00563,2026-03-26T22:14:15Z,Mobile,Social
S02357,U04342,2026-01-31T12:17:03Z,Desktop,Organic
S02358,U04820,2026-02-25T01:25:01Z,Desktop,Paid Search
S02359,U01449,2026-03-11T18:19:39Z,Mobile,Organic
S02360,U00389,2026-03-22T10:50:48Z,Mobile,Organic
S02361,U03679,2026-02-26T10:04:27Z,Desktop,Paid Search
S02362,U00349,2026-03-11T12:08:07Z,Desktop,Organic
S02363,U07791,2026-03-27T21:50:54Z,Mobile,Organic
S02364,U00157,2026-03-06T14:07:22Z,Mobile,Email
S02365,U01378,2026-02-26T14:09:55Z,Mobile,Social
S02366,U02196,2026-02-17T08:30:45Z,Mobile,Email
S02367,U07382,2026-01-01T03:00:38Z,Desktop,Organic
S02368,U06656,2026-01-08T00:23:06Z,Mobile,Paid Search
S02369,U05060,2026-02-14T21:24:56Z,Mobile,Paid Search
S02370,U02899,2026-01-17T16:52:57Z,Mobile,Organic
S02371,U06794,2026-03-24T01:01:16Z,Desktop,Social
S02372,U05910,2026-02-06T22:38:52Z,Mobile,Organic
S02373,U06229,2026-02-24T01:39:37Z,Mobile,Social
S02374,U05358,2026-03-22T22:20:03Z,Desktop,Email
S02375,U01996,2026-01-23T19:51:32Z,Mobile,Social
S02376,U03178,2026-03-29T20:38:48Z,Mobile,Organic
S02377,U00158,2026-03-04T20:43:51Z,Desktop,Organic
S02378,U03599,2026-03-12T02:08:25Z,Mobile,Paid Search
S02379,U01027,2026-01-31T17:26:21Z,Mobile,Social
S02380,U04760,2026-01-28T07:03:27Z,Mobile,Organic
S02381,U06216,2026-01-03T00:06:04Z,Mobile,Paid Search
S02382,U05185,2026-01-21T12:10:00Z,Mobile,Organic
S02383,U02342,2026-02-10T09:17:16Z,Mobile,Paid Search
S02384,U02712,2026-03-15T05:26:28Z,Mobile,Organic
S02385,U00327,2026-01-09T00:33:16Z,Desktop,Organic
S02386,U07857,2026-01-06T12:58:03Z,Mobile,Paid Search
S02387,U00725,2026-02-01T00:30:27Z,Mobile,Email
S02388,U04559,2026-02-28T12:09:48Z,Desktop,Email
S02389,U04863,2026-03-14T06:46:28Z,Mobile,Paid Search
S02390,U06908,2026-02-09T06:05:52Z,Mobile,Organic
S02391,U01529,2026-03-30T05:09:02Z,Mobile,Paid Search
S02392,U00939,2026-01-04T21:41:37Z,Mobile,Email
S02393,U05738,2026-01-29T20:03:05Z,Mobile,Organic
S02394,U02889,2026-01-13T22:08:11Z,Desktop,Organic
S02395,U05922,2026-03-09T04:31:57Z,Mobile,Email
S02396,U01733,2026-02-25T03:52:28Z,Desktop,Paid Search
S02397,U03800,2026-01-11T21:25:41Z,Desktop,Paid Search
S02398,U05730,2026-02-13T08:36:16Z,Mobile,Social
S02399,U02262,2026-03-16T17:27:41Z,Desktop,Social
S02400,U05918,2026-03-26T03:29:39Z,Tablet,Organic
S02401,U05039,2026-01-21T00:02:39Z,Mobile,Paid Search
S02402,U02065,2026-01-30T04:55:30Z,Desktop,Organic
S02403,U07048,2026-02-05T07:41:51Z,Desktop,Email
S02404,U00416,2026-01-02T04:38:42Z,Mobile,Organic
S02405,U00340,2026-01-17T03:45:31Z,Mobile,Social
S02406,U00386,2026-01-17T18:19:33Z,Mobile,Organic
S02407,U04402,2026-02-15T14:29:11Z,Desktop,Organic
S02408,U05593,2026-03-25T05:53:40Z,Tablet,Organic
S02409,U04982,2026-03-29T02:41:42Z,Mobile,Paid Search
S02410,U02160,2026-03-09T07:56:35Z,Mobile,Social
S02411,U04649,2026-01-09T22:34:36Z,Mobile,Organic
S02412,U03325,2026-02-23T17:43:32Z,Mobile,Organic
S02413,U07299,2026-02-23T14:19:04Z,Mobile,Social
S02414,U02966,2026-01-20T03:03:44Z,Mobile,Social
S02415,U03535,2026-02-02T10:56:27Z,Desktop,Paid Search
S02416,U02817,2026-03-19T06:51:55Z,Desktop,Paid Search
S02417,U03157,2026-01-22T16:30:56Z,Mobile,Social
S02418,U01240,2026-02-13T20:11:59Z,Desktop,Organic
S02419,U04868,2026-03-23T01:25:49Z,Mobile,Paid Search
S02420,U01209,2026-03-21T03:34:16Z,Desktop,Email
S02421,U01808,2026-01-11T21:52:26Z,Mobile,Paid Search
S02422,U01530,2026-01-18T10:15:27Z,Desktop,Email
S02423,U02012,2026-03-27T02:05:50Z,Mobile,Organic
S02424,U02997,2026-01-05T08:46:13Z,Mobile,Social
S02425,U05889,2026-03-09T18:11:11Z,Mobile,Paid Search
S02426,U06522,2026-02-19T20:31:27Z,Desktop,Paid Search
S02427,U07923,2026-02-04T23:08:46Z,Mobile,Organic
S02428,U06365,2026-02-04T14:18:34Z,Mobile,Social
S02429,U03031,2026-02-05T04:36:17Z,Mobile,Organic
S02430,U01519,2026-03-21T11:09:13Z,Mobile,Social
S02431,U04717,2026-03-18T05:11:30Z,Mobile,Email
S02432,U03713,2026-01-24T04:06:30Z,Desktop,Organic
S02433,U04822,2026-02-05T04:58:38Z,Mobile,Social
S02434,U02343,2026-02-04T06:36:41Z,Mobile,Email
S02435,U07709,2026-03-16T07:06:53Z,Mobile,Social
S02436,U03710,2026-02-10T11:14:54Z,Mobile,Social
S02437,U07403,2026-02-28T08:13:42Z,Mobile,Email
S02438,U07535,2026-01-16T18:02:50Z,Desktop,Social
S02439,U07285,2026-03-26T10:10:16Z,Desktop,Organic
S02440,U07294,2026-02-28T09:27:27Z,Mobile,Social
S02441,U02798,2026-03-28T00:55:18Z,Desktop,Paid Search
S02442,U01082,2026-01-19T08:06:11Z,Desktop,Paid Search
S02443,U02283,2026-02-22T06:51:20Z,Mobile,Organic
S02444,U02926,2026-03-24T01:41:53Z,Desktop,Paid Search
S02445,U03011,2026-02-26T19:33:06Z,Mobile,Email
S02446,U07016,2026-01-06T01:19:26Z,Mobile,Organic
S02447,U01858,2026-01-25T04:21:57Z,Mobile,Paid Search
S02448,U03261,2026-03-30T04:29:36Z,Desktop,Organic
S02449,U01623,2026-03-05T05:59:18Z,Desktop,Organic
S02450,U05906,2026-01-20T18:51:48Z,Desktop,Organic
S02451,U05042,2026-02-01T12:31:24Z,Mobile,Paid Search
S02452,U06315,2026-01-31T05:24:05Z,Mobile,Paid Search
S02453,U04981,2026-01-30T22:25:33Z,Mobile,Paid Search
S02454,U01857,2026-03-02T08:05:05Z,Desktop,Organic
S02455,U04516,2026-01-05T17:05:43Z,Mobile,Email
S02456,U06455,2026-01-06T18:37:16Z,Mobile,Paid Search
S02457,U00317,2026-03-06T05:46:01Z,Desktop,Organic
S02458,U04590,2026-03-12T08:05:32Z,Desktop,Paid Search
S02459,U02148,2026-03-05T22:56:50Z,Mobile,Social
S02460,U01074,2026-03-03T07:17:34Z,Mobile,Social
S02461,U04165,2026-01-20T05:09:24Z,Tablet,Email
S02462,U05492,2026-02-07T09:14:20Z,Tablet,Organic
S02463,U05615,2026-03-14T05:37:02Z,Desktop,Social
S02464,U03192,2026-02-13T07:41:04Z,Mobile,Organic
S02465,U04355,2026-03-03T08:54:25Z,Mobile,Paid Search
S02466,U03978,2026-03-04T10:02:26Z,Mobile,Organic
S02467,U00112,2026-02-09T04:26:34Z,Desktop,Organic
S02468,U05416,2026-01-10T08:00:03Z,Desktop,Organic
S02469,U02994,2026-01-30T20:47:10Z,Desktop,Paid Search
S02470,U00596,2026-03-02T01:38:22Z,Mobile,Organic
S02471,U05902,2026-03-22T02:27:00Z,Mobile,Paid Search
S02472,U04666,2026-03-28T12:27:35Z,Mobile,Organic
S02473,U01733,2026-01-12T20:58:47Z,Desktop,Paid Search
S02474,U06646,2026-02-15T06:43:50Z,Mobile,Social
S02475,U00736,2026-03-25T18:03:48Z,Mobile,Social
S02476,U07755,2026-03-15T08:52:15Z,Desktop,Paid Search
S02477,U04287,2026-03-24T16:31:34Z,Mobile,Paid Search
S02478,U01519,2026-01-30T02:54:33Z,Desktop,Email
S02479,U05222,2026-03-02T19:49:54Z,Mobile,Organic
S02480,U02530,2026-03-22T20:48:49Z,Desktop,Social
S02481,U01186,2026-03-16T23:11:24Z,Mobile,Organic
S02482,U03098,2026-02-15T00:51:22Z,Desktop,Paid Search
S02483,U00010,2026-02-28T10:20:36Z,Mobile,Social
S02484,U04067,2026-02-09T11:15:25Z,Mobile,Social
S02485,U06687,2026-02-27T11:16:08Z,Desktop,Organic
S02486,U03332,2026-01-05T09:21:16Z,Desktop,Organic
S02487,U07988,2026-03-02T07:15:06Z,Mobile,Social
S02488,U04633,2026-03-01T16:04:12Z,Mobile,Social
S02489,U03039,2026-02-18T08:06:34Z,Mobile,Organic
S02490,U02573,2026-02-24T10:54:43Z,Mobile,Organic
S02491,U02857,2026-03-13T20:45:00Z,Desktop,Paid Search
S02492,U06175,2026-02-22T15:49:27Z,Mobile,Email
S02493,U02502,2026-02-09T09:22:17Z,Desktop,Social
S02494,U06831,2026-03-19T21:26:52Z,Mobile,Paid Search
S02495,U06855,2026-02-22T09:36:16Z,Mobile,Social
S02496,U01791,2026-01-17T22:02:36Z,Desktop,Social
S02497,U04773,2026-03-27T19:24:44Z,Desktop,Social
S02498,U00066,2026-02-04T03:37:55Z,Mobile,Organic
S02499,U00944,2026-03-15T16:13:18Z,Mobile,Social
S02500,U04249,2026-01-06T17:26:14Z,Mobile,Social
S02501,U01081,2026-02-22T13:29:27Z,Mobile,Social
S02502,U02279,2026-01-17T01:21:27Z,Mobile,Organic
S02503,U00448,2026-01-09T05:24:08Z,Desktop,Organic
S02504,U01672,2026-01-19T12:57:11Z,Mobile,Social
S02505,U04332,2026-03-01T12:08:08Z,Desktop,Social
S02506,U04700,2026-03-13T15:39:52Z,Tablet,Organic
S02507,U04512,2026-01-29T03:04:54Z,Mobile,Email
S02508,U02172,2026-02-01T07:05:46Z,Mobile,Organic
S02509,U05391,2026-02-23T18:21:57Z,Desktop,Social
S02510,U05335,2026-01-05T20:06:13Z,Desktop,Email
S02511,U01254,2026-02-05T13:53:14Z,Desktop,Email
S02512,U03590,2026-03-25T03:15:53Z,Desktop,Email
S02513,U02475,2026-01-09T16:57:35Z,Mobile,Email
S02514,U02297,2026-01-21T05:53:51Z,Desktop,Paid Search
S02515,U01256,2026-01-21T07:14:39Z,Mobile,Paid Search
S02516,U00180,2026-01-14T07:50:49Z,Mobile,Organic
S02517,U07381,2026-02-26T02:27:56Z,Desktop,Organic
S02518,U03919,2026-01-02T15:55:49Z,Desktop,Organic
S02519,U02278,2026-02-10T09:04:13Z,Desktop,Organic
S02520,U01398,2026-03-16T20:14:52Z,Desktop,Social
S02521,U00558,2026-01-17T01:41:56Z,Mobile,Organic
S02522,U07845,2026-03-16T00:35:47Z,Mobile,Social
S02523,U03389,2026-02-17T02:07:46Z,Mobile,Social
S02524,U00833,2026-02-03T19:53:46Z,Mobile,Social
S02525,U02134,2026-03-02T23:09:29Z,Desktop,Organic
S02526,U02948,2026-03-18T06:39:30Z,Desktop,Organic
S02527,U01216,2026-02-26T05:36:36Z,Desktop,Paid Search
S02528,U05838,2026-02-13T14:01:39Z,Mobile,Paid Search
S02529,U03698,2026-01-19T09:00:27Z,Mobile,Paid Search
S02530,U00977,2026-01-13T04:43:58Z,Mobile,Email
S02531,U00410,2026-03-12T15:08:36Z,Desktop,Social
S02532,U05156,2026-01-07T17:38:54Z,Mobile,Organic
S02533,U05075,2026-03-18T05:29:58Z,Mobile,Paid Search
S02534,U07417,2026-01-15T17:59:08Z,Mobile,Organic
S02535,U00176,2026-02-01T08:01:16Z,Mobile,Organic
S02536,U06964,2026-03-29T09:29:26Z,Mobile,Paid Search
S02537,U01658,2026-01-25T00:03:17Z,Desktop,Social
S02538,U00152,2026-02-07T10:59:49Z,Mobile,Email
S02539,U03807,2026-03-18T21:07:16Z,Desktop,Organic
S02540,U02566,2026-03-29T12:43:11Z,Mobile,Social
S02541,U01714,2026-03-21T06:36:50Z,Mobile,Paid Search
S02542,U04080,2026-02-23T08:29:22Z,Mobile,Paid Search
S02543,U05359,2026-01-11T05:09:40Z,Desktop,Organic
S02544,U02588,2026-02-22T07:57:01Z,Mobile,Paid Search
S02545,U03796,2026-03-31T21:10:26Z,Mobile,Paid Search
S02546,U07815,2026-01-23T22:39:42Z,Desktop,Social
S02547,U05479,2026-02-12T09:26:15Z,Desktop,Organic
S02548,U06972,2026-01-06T01:35:15Z,Mobile,Paid Search
S02549,U00923,2026-02-17T10:46:46Z,Mobile,Email
S02550,U04775,2026-02-21T10:50:53Z,Desktop,Organic
S02551,U04670,2026-01-18T00:02:05Z,Mobile,Paid Search
S02552,U06815,2026-03-05T16:06:05Z,Desktop,Paid Search
S02553,U03272,2026-02-19T23:13:18Z,Mobile,Email
S02554,U05002,2026-01-17T07:55:35Z,Mobile,Organic
S02555,U05654,2026-01-23T02:44:03Z,Mobile,Organic
S02556,U03658,2026-03-14T04:04:29Z,Mobile,Social
S02557,U00791,2026-03-18T22:19:02Z,Mobile,Social
S02558,U03539,2026-01-15T20:00:30Z,Mobile,Organic
S02559,U01612,2026-01-22T00:04:39Z,Mobile,Organic
S02560,U07152,2026-03-11T12:15:26Z,Mobile,Paid Search
S02561,U07366,2026-02-11T06:32:02Z,Mobile,Social
S02562,U05046,2026-03-12T05:53:32Z,Desktop,Social
S02563,U03541,2026-01-08T02:10:17Z,Mobile,Paid Search
S02564,U07288,2026-02-01T08:16:11Z,Mobile,Paid Search
S02565,U07374,2026-02-19T07:25:18Z,Mobile,Paid Search
S02566,U07893,2026-03-06T12:14:29Z,Desktop,Social
S02567,U01285,2026-01-10T06:54:46Z,Mobile,Paid Search
S02568,U05990,2026-01-20T03:36:35Z,Desktop,Social
S02569,U07014,2026-02-14T06:48:08Z,Mobile,Paid Search
S02570,U03033,2026-01-13T01:34:54Z,Mobile,Paid Search
S02571,U04282,2026-01-22T00:13:42Z,Desktop,Email
S02572,U03643,2026-02-01T02:43:58Z,Desktop,Paid Search
S02573,U02887,2026-01-15T16:46:17Z,Desktop,Social
S02574,U04433,2026-02-23T21:06:03Z,Desktop,Paid Search
S02575,U01235,2026-01-23T00:36:20Z,Tablet,Social
S02576,U07127,2026-02-21T19:26:14Z,Mobile,Organic
S02577,U02236,2026-03-14T05:55:00Z,Mobile,Organic
S02578,U04980,2026-02-26T10:50:41Z,Desktop,Paid Search
S02579,U02495,2026-01-19T22:28:36Z,Mobile,Paid Search
S02580,U06405,2026-02-20T17:38:15Z,Mobile,Organic
S02581,U06969,2026-03-05T09:16:51Z,Mobile,Social
S02582,U06939,2026-03-07T07:02:47Z,Desktop,Social
S02583,U01690,2026-02-06T16:41:14Z,Mobile,Paid Search
S02584,U04787,2026-03-10T03:53:20Z,Tablet,Organic
S02585,U00082,2026-01-22T23:18:07Z,Mobile,Paid Search
S02586,U07387,2026-01-06T14:26:37Z,Mobile,Paid Search
S02587,U04558,2026-02-15T18:56:08Z,Mobile,Organic
S02588,U00338,2026-03-15T20:13:36Z,Mobile,Social
S02589,U03881,2026-03-11T20:03:49Z,Mobile,Paid Search
S02590,U03663,2026-02-23T08:36:46Z,Mobile,Email
S02591,U06378,2026-03-28T14:41:00Z,Mobile,Social
S02592,U05448,2026-03-14T06:58:31Z,Desktop,Email
S02593,U06236,2026-02-07T15:43:42Z,Mobile,Organic
S02594,U06584,2026-03-09T17:11:19Z,Mobile,Social
S02595,U00390,2026-01-27T15:34:23Z,Mobile,Social
S02596,U03223,2026-02-02T04:47:19Z,Desktop,Email
S02597,U02465,2026-03-13T14:35:42Z,Desktop,Paid Search
S02598,U02651,2026-02-18T05:09:41Z,Desktop,Organic
S02599,U02584,2026-03-20T21:44:56Z,Mobile,Paid Search
S02600,U04989,2026-01-23T06:42:28Z,Desktop,Organic
S02601,U02364,2026-02-09T17:29:27Z,Desktop,Organic
S02602,U06948,2026-01-29T21:52:25Z,Mobile,Organic
S02603,U06803,2026-01-30T19:27:21Z,Mobile,Organic
S02604,U01047,2026-03-18T02:03:06Z,Mobile,Organic
S02605,U01173,2026-01-09T17:11:45Z,Mobile,Social
S02606,U02019,2026-02-24T09:51:21Z,Mobile,Paid Search
S02607,U03327,2026-02-14T05:05:42Z,Desktop,Organic
S02608,U00760,2026-03-09T23:10:57Z,Mobile,Organic
S02609,U05995,2026-02-15T05:08:20Z,Mobile,Social
S02610,U00976,2026-02-07T04:04:57Z,Desktop,Social
S02611,U07384,2026-03-15T16:43:42Z,Mobile,Organic
S02612,U01647,2026-02-23T03:01:38Z,Desktop,Organic
S02613,U03887,2026-03-18T06:38:03Z,Mobile,Organic
S02614,U04451,2026-03-13T02:29:14Z,Mobile,Organic
S02615,U03348,2026-02-10T06:36:34Z,Mobile,Social
S02616,U07074,2026-03-03T18:38:10Z,Mobile,Paid Search
S02617,U00718,2026-01-25T10:39:03Z,Mobile,Paid Search
S02618,U03257,2026-02-26T13:47:43Z,Desktop,Paid Search
S02619,U04953,2026-01-29T07:38:32Z,Desktop,Organic
S02620,U04994,2026-02-25T09:32:19Z,Tablet,Organic
S02621,U04540,2026-03-30T01:20:40Z,Mobile,Paid Search
S02622,U02789,2026-03-10T08:31:04Z,Desktop,Social
S02623,U05330,2026-02-22T19:00:28Z,Mobile,Organic
S02624,U07381,2026-03-07T18:48:45Z,Mobile,Social
S02625,U04597,2026-03-20T16:40:07Z,Mobile,Paid Search
S02626,U02856,2026-02-17T17:51:01Z,Mobile,Social
S02627,U00421,2026-01-17T18:52:16Z,Desktop,Social
S02628,U07350,2026-03-16T16:50:54Z,Desktop,Paid Search
S02629,U04985,2026-01-18T10:53:41Z,Mobile,Organic
S02630,U06150,2026-02-27T02:59:01Z,Mobile,Email
S02631,U06512,2026-02-03T11:58:07Z,Desktop,Social
S02632,U03205,2026-02-24T18:04:16Z,Desktop,Organic
S02633,U00244,2026-01-14T03:01:18Z,Mobile,Organic
S02634,U02014,2026-02-25T19:31:43Z,Mobile,Organic
S02635,U00094,2026-01-11T10:00:58Z,Desktop,Organic
S02636,U06912,2026-01-03T22:28:17Z,Desktop,Social
S02637,U04728,2026-03-22T06:04:39Z,Desktop,Paid Search
S02638,U00733,2026-03-16T07:33:47Z,Mobile,Social
S02639,U03807,2026-03-06T19:36:17Z,Desktop,Social
S02640,U00164,2026-01-02T11:35:35Z,Mobile,Social
S02641,U00654,2026-01-16T04:26:12Z,Mobile,Social
S02642,U00994,2026-02-09T04:53:36Z,Desktop,Organic
S02643,U02685,2026-01-13T18:17:15Z,Desktop,Organic
S02644,U03294,2026-03-31T19:19:50Z,Mobile,Paid Search
S02645,U02736,2026-01-31T22:31:31Z,Mobile,Organic
S02646,U03161,2026-02-27T08:58:04Z,Mobile,Organic
S02647,U02841,2026-01-31T21:17:28Z,Mobile,Organic
S02648,U07836,2026-01-15T03:41:12Z,Mobile,Organic
S02649,U00231,2026-03-07T08:44:15Z,Mobile,Organic
S02650,U03099,2026-03-11T21:38:42Z,Mobile,Social
S02651,U02089,2026-02-07T06:26:51Z,Mobile,Paid Search
S02652,U07146,2026-02-11T23:06:19Z,Desktop,Organic
S02653,U03059,2026-02-08T14:54:46Z,Desktop,Organic
S02654,U01109,2026-01-05T06:52:40Z,Desktop,Paid Search
S02655,U00951,2026-02-03T23:04:28Z,Mobile,Organic
S02656,U03428,2026-01-03T20:56:51Z,Mobile,Social
S02657,U00030,2026-03-26T22:05:36Z,Desktop,Social
S02658,U07137,2026-02-05T22:20:34Z,Mobile,Social
S02659,U06930,2026-02-12T19:34:29Z,Desktop,Paid Search
S02660,U06875,2026-03-13T04:21:44Z,Desktop,Social
S02661,U04839,2026-02-04T01:16:42Z,Mobile,Email
S02662,U05341,2026-03-06T17:57:53Z,Mobile,Paid Search
S02663,U02327,2026-03-07T08:05:56Z,Desktop,Organic
S02664,U05878,2026-02-27T00:30:25Z,Desktop,Organic
S02665,U07155,2026-01-15T12:42:38Z,Mobile,Social
S02666,U07127,2026-02-03T02:28:09Z,Desktop,Organic
S02667,U02200,2026-03-25T12:57:54Z,Mobile,Organic
S02668,U05649,2026-01-09T00:42:59Z,Mobile,Social
S02669,U03955,2026-01-31T20:03:19Z,Desktop,Organic
S02670,U01182,2026-02-09T03:35:48Z,Tablet,Email
S02671,U01238,2026-01-04T21:23:09Z,Desktop,Paid Search
S02672,U03058,2026-02-02T20:54:39Z,Mobile,Organic
S02673,U07292,2026-01-19T06:45:16Z,Mobile,Organic
S02674,U00412,2026-03-09T15:42:53Z,Mobile,Paid Search
S02675,U06382,2026-02-27T06:11:00Z,Mobile,Email
S02676,U04455,2026-01-09T20:47:53Z,Mobile,Paid Search
S02677,U03780,2026-02-12T20:30:04Z,Tablet,Organic
S02678,U07247,2026-02-18T20:37:15Z,Mobile,Paid Search
S02679,U02591,2026-01-24T04:22:02Z,Mobile,Social
S02680,U00909,2026-02-05T14:50:13Z,Desktop,Email
S02681,U02510,2026-01-09T17:15:23Z,Desktop,Paid Search
S02682,U06444,2026-01-19T08:12:47Z,Desktop,Organic
S02683,U03255,2026-01-17T06:41:13Z,Mobile,Organic
S02684,U01477,2026-02-09T16:14:28Z,Desktop,Paid Search
S02685,U04938,2026-01-17T17:07:26Z,Mobile,Social
S02686,U02215,2026-03-13T00:52:39Z,Tablet,Social
S02687,U03132,2026-03-30T13:04:26Z,Mobile,Paid Search
S02688,U03315,2026-01-12T06:12:57Z,Desktop,Paid Search
S02689,U07250,2026-03-31T10:23:45Z,Desktop,Social
S02690,U00482,2026-03-07T15:20:20Z,Mobile,Paid Search
S02691,U00194,2026-03-06T19:08:00Z,Mobile,Paid Search
S02692,U00898,2026-03-26T20:17:51Z,Tablet,Email
S02693,U05123,2026-03-09T07:20:24Z,Mobile,Email
S02694,U02216,2026-01-30T10:08:36Z,Mobile,Paid Search
S02695,U02610,2026-01-16T08:09:20Z,Mobile,Paid Search
S02696,U07198,2026-01-19T00:31:46Z,Mobile,Organic
S02697,U00040,2026-02-21T16:30:32Z,Mobile,Organic
S02698,U06540,2026-03-14T03:16:34Z,Mobile,Organic
S02699,U01248,2026-01-12T13:59:54Z,Mobile,Social
S02700,U06814,2026-01-18T18:00:11Z,Mobile,Paid Search
S02701,U03181,2026-03-15T16:44:30Z,Desktop,Paid Search
S02702,U02007,2026-03-12T15:28:59Z,Mobile,Organic
S02703,U03560,2026-03-17T18:45:08Z,Mobile,Organic
S02704,U07229,2026-02-01T16:13:34Z,Mobile,Organic
S02705,U01160,2026-03-13T13:26:55Z,Desktop,Organic
S02706,U02129,2026-02-09T05:27:51Z,Tablet,Organic
S02707,U06248,2026-03-27T00:26:17Z,Mobile,Organic
S02708,U04893,2026-02-27T11:42:39Z,Mobile,Paid Search
S02709,U00440,2026-02-04T14:43:28Z,Mobile,Organic
S02710,U01247,2026-01-18T19:37:37Z,Desktop,Social
S02711,U06284,2026-03-25T08:06:02Z,Mobile,Paid Search
S02712,U06469,2026-03-30T11:49:27Z,Desktop,Paid Search
S02713,U07624,2026-03-23T07:00:51Z,Mobile,Organic
S02714,U03430,2026-03-12T12:05:17Z,Mobile,Organic
S02715,U02835,2026-03-22T06:25:59Z,Desktop,Email
S02716,U04929,2026-02-20T04:09:57Z,Desktop,Organic
S02717,U06109,2026-02-28T03:09:19Z,Mobile,Social
S02718,U05138,2026-01-26T04:37:46Z,Mobile,Email
S02719,U06156,2026-02-17T00:25:11Z,Mobile,Paid Search
S02720,U03433,2026-02-09T06:28:12Z,Desktop,Email
S02721,U00878,2026-03-23T10:55:01Z,Mobile,Email
S02722,U02865,2026-02-09T17:54:23Z,Desktop,Organic
S02723,U01502,2026-01-13T04:35:43Z,Desktop,Social
S02724,U06416,2026-02-23T14:06:20Z,Desktop,Email
S02725,U03621,2026-02-05T02:47:18Z,Tablet,Paid Search
S02726,U02209,2026-02-22T19:52:16Z,Mobile,Social
S02727,U01308,2026-02-07T17:13:57Z,Mobile,Organic
S02728,U07976,2026-02-08T18:13:34Z,Mobile,Email
S02729,U06054,2026-02-09T01:57:11Z,Mobile,Paid Search
S02730,U02755,2026-03-12T05:32:50Z,Desktop,Organic
S02731,U01341,2026-02-25T09:12:12Z,Desktop,Social
S02732,U02319,2026-01-03T14:33:05Z,Desktop,Organic
S02733,U04510,2026-01-13T22:17:56Z,Mobile,Organic
S02734,U05548,2026-01-01T15:37:14Z,Mobile,Organic
S02735,U02272,2026-03-06T06:30:31Z,Desktop,Paid Search
S02736,U02846,2026-02-21T14:45:04Z,Mobile,Social
S02737,U07194,2026-01-13T01:35:33Z,Mobile,Organic
S02738,U07072,2026-02-05T02:59:42Z,Desktop,Organic
S02739,U04069,2026-03-09T15:25:59Z,Mobile,Email
S02740,U00512,2026-02-19T01:55:29Z,Tablet,Organic
S02741,U04852,2026-01-26T03:49:27Z,Mobile,Paid Search
S02742,U00811,2026-01-31T03:53:36Z,Desktop,Paid Search
S02743,U07247,2026-03-13T15:06:27Z,Mobile,Social
S02744,U06155,2026-01-20T12:55:01Z,Desktop,Paid Search
S02745,U06926,2026-03-06T09:24:25Z,Mobile,Paid Search
S02746,U00078,2026-03-01T19:04:26Z,Mobile,Paid Search
S02747,U04330,2026-01-16T00:49:26Z,Mobile,Organic
S02748,U06230,2026-01-01T17:10:23Z,Mobile,Paid Search
S02749,U04195,2026-02-23T03:51:05Z,Mobile,Paid Search
S02750,U07202,2026-01-20T04:43:30Z,Desktop,Social
S02751,U00989,2026-03-23T13:59:17Z,Mobile,Paid Search
S02752,U00123,2026-01-14T00:15:14Z,Mobile,Organic
S02753,U00121,2026-02-15T16:56:56Z,Desktop,Paid Search
S02754,U07179,2026-02-07T07:04:08Z,Desktop,Organic
S02755,U02887,2026-02-19T21:56:06Z,Desktop,Paid Search
S02756,U06561,2026-02-03T14:30:20Z,Desktop,Organic
S02757,U06871,2026-01-19T03:15:23Z,Mobile,Social
S02758,U01783,2026-02-19T02:38:48Z,Mobile,Email
S02759,U01283,2026-03-25T19:01:48Z,Desktop,Social
S02760,U04735,2026-03-30T04:05:46Z,Desktop,Social
S02761,U07479,2026-03-06T02:24:05Z,Mobile,Organic
S02762,U01208,2026-01-10T00:33:47Z,Mobile,Organic
S02763,U03312,2026-02-16T20:01:36Z,Tablet,Social
S02764,U07066,2026-02-01T08:24:49Z,Desktop,Email
S02765,U07213,2026-01-12T00:06:51Z,Mobile,Social
S02766,U04019,2026-03-05T15:18:50Z,Mobile,Email
S02767,U02630,2026-01-16T11:39:10Z,Mobile,Paid Search
S02768,U03679,2026-01-15T04:58:52Z,Mobile,Organic
S02769,U06268,2026-02-12T03:35:08Z,Mobile,Paid Search
S02770,U03784,2026-03-23T01:39:38Z,Desktop,Social
S02771,U03790,2026-02-25T13:27:51Z,Desktop,Paid Search
S02772,U06775,2026-02-26T03:42:16Z,Mobile,Organic
S02773,U01884,2026-02-03T17:30:04Z,Mobile,Paid Search
S02774,U02472,2026-01-24T16:06:13Z,Mobile,Organic
S02775,U01416,2026-03-27T06:35:32Z,Mobile,Organic
S02776,U04229,2026-02-21T05:22:13Z,Desktop,Organic
S02777,U00085,2026-01-06T16:20:11Z,Mobile,Organic
S02778,U05787,2026-01-19T17:24:43Z,Desktop,Social
S02779,U04946,2026-02-21T17:19:35Z,Mobile,Organic
S02780,U05504,2026-03-06T17:18:03Z,Desktop,Paid Search
S02781,U00472,2026-03-08T14:19:21Z,Mobile,Organic
S02782,U04300,2026-02-03T00:13:09Z,Mobile,Organic
S02783,U06081,2026-03-19T05:16:17Z,Mobile,Paid Search
S02784,U02575,2026-02-27T15:37:18Z,Tablet,Social
S02785,U04878,2026-02-22T16:23:32Z,Mobile,Paid Search
S02786,U06968,2026-03-05T12:20:33Z,Mobile,Organic
S02787,U05785,2026-01-17T16:34:55Z,Desktop,Organic
S02788,U04029,2026-02-17T17:50:37Z,Mobile,Organic
S02789,U03071,2026-03-12T14:42:52Z,Mobile,Organic
S02790,U01468,2026-03-16T00:17:10Z,Mobile,Social
S02791,U07295,2026-03-14T20:00:36Z,Mobile,Email
S02792,U07569,2026-01-03T07:51:56Z,Desktop,Organic
S02793,U01625,2026-03-29T00:23:32Z,Desktop,Organic
S02794,U01834,2026-01-24T09:14:26Z,Desktop,Paid Search
S02795,U03550,2026-02-26T05:49:19Z,Mobile,Social
S02796,U00267,2026-03-13T00:11:38Z,Mobile,Email
S02797,U00891,2026-03-20T22:18:34Z,Desktop,Paid Search
S02798,U06211,2026-01-29T04:37:55Z,Mobile,Organic
S02799,U02852,2026-01-21T20:50:50Z,Mobile,Paid Search
S02800,U05887,2026-03-14T15:37:41Z,Mobile,Social
S02801,U02489,2026-01-22T16:30:56Z,Desktop,Paid Search
S02802,U00192,2026-02-03T22:41:54Z,Desktop,Paid Search
S02803,U06130,2026-03-11T15:49:56Z,Mobile,Organic
S02804,U05857,2026-01-03T06:10:35Z,Mobile,Organic
S02805,U06322,2026-03-14T06:15:12Z,Mobile,Organic
S02806,U04442,2026-02-08T08:40:20Z,Desktop,Organic
S02807,U01690,2026-01-23T05:42:42Z,Mobile,Organic
S02808,U05065,2026-02-12T12:31:35Z,Desktop,Organic
S02809,U05595,2026-01-29T12:17:35Z,Mobile,Social
S02810,U06624,2026-01-29T14:44:20Z,Mobile,Social
S02811,U02018,2026-02-01T07:01:03Z,Desktop,Organic
S02812,U04623,2026-01-17T00:15:49Z,Desktop,Organic
S02813,U06461,2026-03-10T08:23:30Z,Mobile,Social
S02814,U05037,2026-02-20T11:23:52Z,Desktop,Paid Search
S02815,U04817,2026-02-21T07:12:43Z,Mobile,Paid Search
S02816,U02801,2026-02-04T03:22:57Z,Mobile,Email
S02817,U00819,2026-01-24T14:24:02Z,Mobile,Social
S02818,U02610,2026-01-17T15:25:15Z,Desktop,Organic
S02819,U01163,2026-02-21T09:10:13Z,Mobile,Social
S02820,U01298,2026-02-27T08:19:18Z,Mobile,Paid Search
S02821,U05777,2026-02-10T05:00:13Z,Mobile,Organic
S02822,U01720,2026-02-12T12:54:41Z,Mobile,Organic
S02823,U01948,2026-01-18T03:39:15Z,Mobile,Organic
S02824,U01145,2026-02-26T17:39:44Z,Desktop,Paid Search
S02825,U00766,2026-02-17T09:09:01Z,Desktop,Organic
S02826,U07634,2026-02-02T22:52:30Z,Desktop,Organic
S02827,U00340,2026-01-01T11:00:50Z,Desktop,Paid Search
S02828,U06206,2026-03-15T07:13:08Z,Tablet,Social
S02829,U07724,2026-02-25T12:53:57Z,Mobile,Social
S02830,U07237,2026-03-11T10:33:09Z,Tablet,Organic
S02831,U04436,2026-02-15T19:11:53Z,Mobile,Social
S02832,U06060,2026-03-03T04:54:51Z,Mobile,Organic
S02833,U07570,2026-03-26T21:16:51Z,Desktop,Paid Search
S02834,U04551,2026-02-17T02:55:05Z,Desktop,Paid Search
S02835,U06520,2026-01-02T03:52:11Z,Mobile,Paid Search
S02836,U04825,2026-02-08T16:16:58Z,Mobile,Paid Search
S02837,U06496,2026-01-24T00:27:46Z,Mobile,Email
S02838,U03633,2026-03-25T15:12:03Z,Mobile,Social
S02839,U04758,2026-02-03T12:28:37Z,Desktop,Organic
S02840,U00614,2026-03-24T01:25:56Z,Mobile,Organic
S02841,U01456,2026-02-01T13:29:53Z,Desktop,Paid Search
S02842,U06982,2026-01-12T03:09:42Z,Desktop,Organic
S02843,U00306,2026-01-03T19:15:20Z,Mobile,Paid Search
S02844,U07993,2026-03-29T15:13:06Z,Desktop,Organic
S02845,U00121,2026-01-28T19:08:27Z,Desktop,Paid Search
S02846,U03487,2026-01-26T09:52:49Z,Mobile,Paid Search
S02847,U05267,2026-01-27T07:13:02Z,Desktop,Organic
S02848,U03566,2026-03-21T09:25:44Z,Mobile,Organic
S02849,U00953,2026-02-19T12:42:19Z,Mobile,Social
S02850,U07330,2026-01-26T16:44:22Z,Mobile,Paid Search
S02851,U06473,2026-02-23T01:09:07Z,Mobile,Social
S02852,U00820,2026-02-24T02:31:44Z,Mobile,Social
S02853,U02456,2026-03-05T22:33:48Z,Desktop,Organic
S02854,U06321,2026-02-06T20:24:07Z,Mobile,Organic
S02855,U06233,2026-03-06T14:09:10Z,Mobile,Paid Search
S02856,U03029,2026-01-22T13:04:06Z,Desktop,Social
S02857,U02301,2026-02-18T04:58:52Z,Mobile,Paid Search
S02858,U00027,2026-02-04T02:18:06Z,Desktop,Email
S02859,U07731,2026-02-13T22:47:07Z,Desktop,Paid Search
S02860,U00132,2026-02-05T08:32:10Z,Mobile,Paid Search
S02861,U00637,2026-01-05T21:10:25Z,Desktop,Paid Search
S02862,U03733,2026-03-23T14:56:53Z,Desktop,Organic
S02863,U07890,2026-01-11T19:44:31Z,Desktop,Social
S02864,U01077,2026-02-23T09:20:07Z,Desktop,Social
S02865,U06408,2026-02-21T20:09:02Z,Desktop,Email
S02866,U03895,2026-03-15T01:13:18Z,Desktop,Organic
S02867,U04236,2026-01-22T21:00:10Z,Desktop,Organic
S02868,U01935,2026-03-25T20:27:55Z,Mobile,Organic
S02869,U03605,2026-02-01T07:41:32Z,Mobile,Paid Search
S02870,U06021,2026-03-02T04:22:40Z,Mobile,Organic
S02871,U05033,2026-03-02T20:55:18Z,Desktop,Social
S02872,U06226,2026-03-24T18:27:42Z,Mobile,Organic
S02873,U03398,2026-01-06T14:05:52Z,Mobile,Organic
S02874,U03946,2026-03-30T22:29:51Z,Desktop,Paid Search
S02875,U06949,2026-01-04T11:27:56Z,Desktop,Paid Search
S02876,U04466,2026-03-13T15:23:09Z,Desktop,Social
S02877,U01531,2026-03-29T16:07:16Z,Mobile,Paid Search
S02878,U07882,2026-01-09T14:38:39Z,Desktop,Paid Search
S02879,U06876,2026-03-16T21:09:59Z,Mobile,Social
S02880,U05755,2026-01-21T17:51:35Z,Mobile,Organic
S02881,U07554,2026-01-30T16:52:51Z,Mobile,Social
S02882,U02392,2026-02-09T22:14:11Z,Mobile,Paid Search
S02883,U07967,2026-03-17T19:29:57Z,Desktop,Social
S02884,U05241,2026-03-28T08:38:37Z,Tablet,Organic
S02885,U04906,2026-03-20T15:14:19Z,Mobile,Email
S02886,U06356,2026-02-04T08:26:48Z,Mobile,Paid Search
S02887,U06735,2026-03-31T05:20:28Z,Desktop,Social
S02888,U07046,2026-03-01T19:36:58Z,Mobile,Paid Search
S02889,U05434,2026-02-19T23:05:01Z,Mobile,Paid Search
S02890,U07397,2026-03-24T19:12:47Z,Mobile,Social
S02891,U06328,2026-01-14T13:49:16Z,Desktop,Organic
S02892,U01279,2026-01-15T17:19:44Z,Mobile,Paid Search
S02893,U07037,2026-01-05T18:50:40Z,Desktop,Social
S02894,U01425,2026-03-09T06:01:46Z,Desktop,Paid Search
S02895,U06969,2026-03-09T11:52:42Z,Desktop,Organic
S02896,U01507,2026-03-26T21:05:50Z,Tablet,Email
S02897,U07677,2026-01-12T02:44:24Z,Mobile,Organic
S02898,U03211,2026-02-19T04:00:41Z,Mobile,Paid Search
S02899,U06205,2026-01-31T22:45:06Z,Mobile,Organic
S02900,U02299,2026-02-23T07:05:09Z,Desktop,Social
S02901,U02737,2026-02-18T22:56:43Z,Desktop,Paid Search
S02902,U00090,2026-03-29T17:38:31Z,Desktop,Organic
S02903,U03064,2026-02-07T05:11:31Z,Mobile,Social
S02904,U01497,2026-01-20T08:06:46Z,Mobile,Organic
S02905,U06235,2026-02-21T02:08:26Z,Mobile,Paid Search
S02906,U06266,2026-02-07T08:49:16Z,Mobile,Organic
S02907,U06260,2026-02-09T01:31:48Z,Mobile,Organic
S02908,U06381,2026-03-31T19:23:53Z,Desktop,Social
S02909,U06776,2026-03-28T00:35:32Z,Tablet,Social
S02910,U04083,2026-01-16T12:49:33Z,Desktop,Paid Search
S02911,U03798,2026-01-30T15:34:44Z,Mobile,Paid Search
S02912,U04764,2026-02-22T10:19:45Z,Mobile,Organic
S02913,U02102,2026-03-27T06:20:30Z,Mobile,Organic
S02914,U03145,2026-01-22T14:57:15Z,Mobile,Organic
S02915,U02825,2026-03-14T21:14:28Z,Mobile,Organic
S02916,U06481,2026-03-18T05:37:07Z,Mobile,Social
S02917,U06020,2026-03-12T09:01:39Z,Mobile,Social
S02918,U07507,2026-03-01T18:02:17Z,Mobile,Organic
S02919,U01415,2026-01-02T10:57:46Z,Mobile,Organic
S02920,U06112,2026-02-01T03:28:56Z,Mobile,Paid Search
S02921,U05054,2026-01-07T16:58:53Z,Desktop,Organic
S02922,U06988,2026-01-09T11:06:11Z,Desktop,Social
S02923,U01673,2026-03-14T02:34:29Z,Mobile,Organic
S02924,U00272,2026-01-20T23:08:25Z,Desktop,Paid Search
S02925,U05466,2026-02-11T13:58:18Z,Mobile,Social
S02926,U07944,2026-01-18T10:48:28Z,Desktop,Organic
S02927,U07728,2026-02-24T22:09:34Z,Desktop,Organic
S02928,U00279,2026-03-14T19:51:00Z,Desktop,Email
S02929,U07662,2026-01-11T17:15:09Z,Desktop,Organic
S02930,U03935,2026-01-13T19:09:29Z,Mobile,Organic
S02931,U02031,2026-03-24T10:34:20Z,Desktop,Organic
S02932,U02605,2026-02-09T17:52:03Z,Mobile,Social
S02933,U00105,2026-03-03T22:31:30Z,Mobile,Paid Search
S02934,U02865,2026-03-24T06:10:24Z,Mobile,Email
S02935,U05096,2026-01-23T01:38:16Z,Mobile,Organic
S02936,U04225,2026-03-16T21:45:31Z,Desktop,Paid Search
S02937,U06978,2026-01-25T10:51:34Z,Desktop,Social
S02938,U06388,2026-02-05T16:19:52Z,Mobile,Paid Search
S02939,U05668,2026-02-10T02:23:29Z,Desktop,Social
S02940,U00585,2026-02-22T11:42:00Z,Mobile,Social
S02941,U06991,2026-03-22T01:14:31Z,Tablet,Social
S02942,U05386,2026-02-15T03:16:13Z,Mobile,Organic
S02943,U02096,2026-01-11T09:45:25Z,Mobile,Organic
S02944,U06079,2026-02-15T18:31:40Z,Mobile,Organic
S02945,U04030,2026-03-27T04:15:31Z,Desktop,Organic
S02946,U07310,2026-01-01T01:50:29Z,Mobile,Paid Search
S02947,U04421,2026-01-02T11:20:26Z,Mobile,Organic
S02948,U01226,2026-02-01T21:59:54Z,Desktop,Social
S02949,U04457,2026-01-06T08:41:06Z,Mobile,Email
S02950,U00102,2026-03-30T00:45:57Z,Desktop,Paid Search
S02951,U03421,2026-01-27T07:25:02Z,Desktop,Organic
S02952,U04122,2026-03-19T17:03:17Z,Mobile,Social
S02953,U07905,2026-01-07T15:43:43Z,Mobile,Paid Search
S02954,U05863,2026-01-06T21:43:15Z,Mobile,Email
S02955,U07014,2026-02-06T08:05:44Z,Mobile,Organic
S02956,U02259,2026-02-19T13:47:00Z,Mobile,Organic
S02957,U05376,2026-01-31T06:47:21Z,Desktop,Organic
S02958,U04921,2026-03-29T05:47:11Z,Mobile,Organic
S02959,U02977,2026-03-28T00:15:18Z,Mobile,Email
S02960,U05562,2026-03-31T02:03:52Z,Desktop,Social
S02961,U02370,2026-03-23T07:09:40Z,Mobile,Social
S02962,U03451,2026-03-15T12:20:27Z,Desktop,Paid Search
S02963,U03338,2026-03-04T14:06:28Z,Tablet,Organic
S02964,U07998,2026-03-15T13:41:13Z,Desktop,Paid Search
S02965,U00397,2026-01-01T07:52:02Z,Desktop,Paid Search
S02966,U00069,2026-01-06T14:25:34Z,Mobile,Paid Search
S02967,U06861,2026-03-24T03:11:38Z,Desktop,Paid Search
S02968,U01351,2026-01-02T07:52:38Z,Mobile,Paid Search
S02969,U02777,2026-01-19T13:16:59Z,Mobile,Paid Search
S02970,U03004,2026-02-28T13:30:31Z,Mobile,Social
S02971,U04370,2026-01-24T14:17:15Z,Mobile,Paid Search
S02972,U07655,2026-03-01T12:42:00Z,Desktop,Email
S02973,U04562,2026-03-17T04:59:25Z,Mobile,Organic
S02974,U00742,2026-02-06T10:23:16Z,Desktop,Organic
S02975,U02871,2026-01-16T19:57:10Z,Mobile,Organic
S02976,U07103,2026-02-06T12:01:16Z,Mobile,Paid Search
S02977,U01144,2026-01-31T14:52:08Z,Mobile,Paid Search
S02978,U00516,2026-02-21T00:35:01Z,Mobile,Paid Search
S02979,U05947,2026-03-29T00:09:32Z,Mobile,Organic
S02980,U03605,2026-01-13T11:30:23Z,Mobile,Organic
S02981,U02165,2026-03-14T09:39:39Z,Mobile,Paid Search
S02982,U05689,2026-02-16T07:47:02Z,Mobile,Social
S02983,U01009,2026-03-01T21:14:43Z,Mobile,Social
S02984,U07901,2026-03-09T23:12:02Z,Mobile,Paid Search
S02985,U03182,2026-02-08T14:43:53Z,Mobile,Paid Search
S02986,U04975,2026-03-12T08:33:28Z,Mobile,Organic
S02987,U05626,2026-02-28T14:25:02Z,Mobile,Organic
S02988,U00727,2026-03-30T17:24:47Z,Desktop,Social
S02989,U04944,2026-03-24T03:39:01Z,Mobile,Organic
S02990,U05592,2026-01-19T21:58:48Z,Desktop,Organic
S02991,U04594,2026-02-21T10:31:32Z,Mobile,Organic
S02992,U07658,2026-02-11T08:44:26Z,Desktop,Social
S02993,U01531,2026-02-28T13:41:31Z,Desktop,Paid Search
S02994,U05906,2026-01-31T22:38:40Z,Desktop,Organic
S02995,U04713,2026-01-06T04:58:32Z,Mobile,Organic
S02996,U05406,2026-02-07T05:02:07Z,Mobile,Organic
S02997,U06717,2026-03-19T00:19:51Z,Desktop,Paid Search
S02998,U04992,2026-01-08T16:06:47Z,Mobile,Paid Search
S02999,U03223,2026-01-29T04:31:34Z,Mobile,Social
S03000,U06213,2026-02-01T07:46:16Z,Desktop,Organic
S03001,U01789,2026-01-20T04:40:14Z,Mobile,Paid Search
S03002,U02448,2026-03-06T01:13:46Z,Tablet,Paid Search
S03003,U00429,2026-01-04T16:07:38Z,Mobile,Paid Search
S03004,U00308,2026-01-18T22:56:38Z,Mobile,Social
S03005,U07116,2026-01-17T18:03:39Z,Mobile,Social
S03006,U07586,2026-02-24T16:30:33Z,Mobile,Paid Search
S03007,U06594,2026-01-02T01:27:24Z,Mobile,Paid Search
S03008,U02317,2026-02-21T09:33:09Z,Desktop,Social
S03009,U01783,2026-03-04T21:20:34Z,Mobile,Paid Search
S03010,U06871,2026-03-31T20:46:47Z,Desktop,Social
S03011,U04146,2026-03-18T02:49:03Z,Mobile,Email
S03012,U05753,2026-02-10T11:25:01Z,Mobile,Organic
S03013,U03576,2026-01-27T05:12:13Z,Desktop,Social
S03014,U05887,2026-02-02T13:52:19Z,Mobile,Organic
S03015,U07642,2026-01-10T03:47:54Z,Mobile,Organic
S03016,U02492,2026-01-25T21:32:19Z,Tablet,Social
S03017,U01324,2026-02-08T06:17:06Z,Desktop,Email
S03018,U04106,2026-03-31T17:54:07Z,Mobile,Paid Search
S03019,U03178,2026-02-12T19:54:11Z,Tablet,Organic
S03020,U02507,2026-01-26T09:17:58Z,Mobile,Paid Search
S03021,U04222,2026-02-04T14:15:03Z,Mobile,Social
S03022,U01978,2026-03-14T14:05:01Z,Mobile,Social
S03023,U00978,2026-03-21T16:11:37Z,Mobile,Paid Search
S03024,U05607,2026-02-11T12:58:24Z,Desktop,Social
S03025,U06158,2026-03-27T19:01:56Z,Desktop,Organic
S03026,U02088,2026-03-05T12:49:05Z,Mobile,Email
S03027,U03398,2026-01-17T10:36:04Z,Desktop,Paid Search
S03028,U03870,2026-02-03T02:30:06Z,Desktop,Paid Search
S03029,U01652,2026-01-01T05:13:57Z,Desktop,Social
S03030,U06723,2026-01-03T18:39:42Z,Desktop,Social
S03031,U00374,2026-02-27T00:43:25Z,Tablet,Paid Search
S03032,U05268,2026-02-08T09:44:58Z,Mobile,Organic
S03033,U04987,2026-03-11T22:15:45Z,Desktop,Organic
S03034,U00100,2026-02-05T02:31:05Z,Mobile,Social
S03035,U07531,2026-03-19T17:19:01Z,Mobile,Social
S03036,U01253,2026-03-15T17:43:49Z,Mobile,Organic
S03037,U06159,2026-03-01T07:27:03Z,Mobile,Social
S03038,U07810,2026-01-02T20:51:49Z,Mobile,Paid Search
S03039,U00370,2026-02-13T21:16:48Z,Desktop,Social
S03040,U06249,2026-01-12T12:52:49Z,Desktop,Paid Search
S03041,U03771,2026-02-26T16:44:31Z,Mobile,Paid Search
S03042,U06045,2026-01-15T11:14:30Z,Mobile,Social
S03043,U01058,2026-01-26T00:08:04Z,Mobile,Social
S03044,U06603,2026-02-10T18:55:57Z,Desktop,Social
S03045,U06279,2026-01-14T20:46:23Z,Mobile,Organic
S03046,U07603,2026-01-22T16:43:14Z,Mobile,Paid Search
S03047,U01490,2026-02-26T07:00:27Z,Desktop,Paid Search
S03048,U04339,2026-01-28T03:08:51Z,Mobile,Email
S03049,U06382,2026-01-12T17:03:58Z,Mobile,Organic
S03050,U04864,2026-02-13T20:30:10Z,Mobile,Paid Search
S03051,U01184,2026-02-23T05:33:42Z,Mobile,Paid Search
S03052,U00295,2026-01-30T17:10:03Z,Desktop,Paid Search
S03053,U07280,2026-03-11T22:51:12Z,Desktop,Organic
S03054,U06481,2026-03-16T11:45:31Z,Desktop,Organic
S03055,U03707,2026-03-11T19:41:22Z,Desktop,Organic
S03056,U02625,2026-03-01T18:43:15Z,Mobile,Paid Search
S03057,U05835,2026-02-08T13:27:23Z,Mobile,Paid Search
S03058,U03632,2026-03-12T07:38:57Z,Mobile,Paid Search
S03059,U04864,2026-03-29T17:26:21Z,Mobile,Organic
S03060,U00723,2026-03-19T01:00:51Z,Desktop,Organic
S03061,U00218,2026-01-13T18:35:44Z,Desktop,Social
S03062,U04830,2026-03-17T04:48:15Z,Mobile,Social
S03063,U05430,2026-01-30T08:09:07Z,Mobile,Social
S03064,U00379,2026-02-25T11:03:38Z,Desktop,Paid Search
S03065,U00109,2026-01-29T06:57:15Z,Mobile,Social
S03066,U06881,2026-02-26T08:35:49Z,Desktop,Social
S03067,U00350,2026-01-28T03:38:46Z,Mobile,Organic
S03068,U03920,2026-01-05T13:00:55Z,Mobile,Organic
S03069,U04171,2026-02-05T09:35:25Z,Mobile,Paid Search
S03070,U00422,2026-02-09T02:19:34Z,Mobile,Paid Search
S03071,U04389,2026-01-30T11:44:57Z,Desktop,Organic
S03072,U07655,2026-01-15T11:48:26Z,Desktop,Paid Search
S03073,U03588,2026-03-19T02:43:04Z,Desktop,Paid Search
S03074,U07230,2026-02-27T22:29:50Z,Mobile,Organic
S03075,U02158,2026-03-22T09:43:17Z,Mobile,Paid Search
S03076,U06713,2026-02-07T00:54:02Z,Desktop,Email
S03077,U05023,2026-01-03T02:25:02Z,Mobile,Email
S03078,U07741,2026-03-06T07:35:03Z,Desktop,Paid Search
S03079,U05428,2026-01-21T21:53:49Z,Desktop,Social
S03080,U06799,2026-03-13T07:35:12Z,Desktop,Organic
S03081,U01858,2026-03-26T11:04:45Z,Desktop,Email
S03082,U03823,2026-03-16T15:45:35Z,Desktop,Organic
S03083,U05809,2026-02-08T10:37:05Z,Desktop,Social
S03084,U05328,2026-02-14T23:01:02Z,Mobile,Paid Search
S03085,U02759,2026-03-20T04:11:00Z,Mobile,Paid Search
S03086,U04521,2026-01-10T18:42:01Z,Desktop,Paid Search
S03087,U02241,2026-01-13T08:17:54Z,Desktop,Organic
S03088,U05686,2026-01-08T21:30:37Z,Mobile,Paid Search
S03089,U06314,2026-02-06T23:11:22Z,Tablet,Email
S03090,U07941,2026-01-20T15:27:53Z,Tablet,Paid Search
S03091,U05793,2026-01-04T20:56:24Z,Desktop,Paid Search
S03092,U03707,2026-01-15T20:18:35Z,Desktop,Paid Search
S03093,U01144,2026-02-23T15:04:05Z,Mobile,Organic
S03094,U07551,2026-02-20T08:45:24Z,Mobile,Social
S03095,U04537,2026-01-10T07:36:02Z,Desktop,Email
S03096,U05033,2026-03-21T00:35:16Z,Mobile,Social
S03097,U05053,2026-02-05T14:41:41Z,Mobile,Organic
S03098,U07439,2026-02-14T02:16:53Z,Mobile,Social
S03099,U01051,2026-01-15T20:00:35Z,Mobile,Paid Search
S03100,U02917,2026-02-15T13:53:09Z,Desktop,Paid Search
S03101,U06652,2026-03-04T15:58:17Z,Mobile,Social
S03102,U06567,2026-03-12T11:46:25Z,Mobile,Organic
S03103,U02096,2026-01-27T09:52:11Z,Desktop,Email
S03104,U04391,2026-02-21T17:31:00Z,Mobile,Paid Search
S03105,U05991,2026-01-09T09:12:00Z,Desktop,Organic
S03106,U06795,2026-01-11T13:36:33Z,Desktop,Organic
S03107,U00067,2026-02-10T07:46:44Z,Mobile,Social
S03108,U00777,2026-02-01T16:02:58Z,Mobile,Paid Search
S03109,U05708,2026-02-17T18:16:44Z,Mobile,Organic
S03110,U00852,2026-02-25T17:31:35Z,Mobile,Organic
S03111,U03737,2026-01-02T17:41:25Z,Desktop,Organic
S03112,U02709,2026-03-22T19:05:47Z,Mobile,Organic
S03113,U00019,2026-01-07T14:48:06Z,Desktop,Social
S03114,U00591,2026-03-26T07:12:22Z,Mobile,Social
S03115,U05664,2026-03-06T15:43:08Z,Desktop,Email
S03116,U01132,2026-03-31T00:41:12Z,Desktop,Email
S03117,U00157,2026-02-02T11:38:31Z,Desktop,Paid Search
S03118,U01055,2026-02-01T07:29:35Z,Desktop,Paid Search
S03119,U00387,2026-01-30T21:22:33Z,Mobile,Social
S03120,U00933,2026-01-13T22:21:11Z,Desktop,Social
S03121,U00828,2026-02-02T19:26:56Z,Mobile,Organic
S03122,U06820,2026-01-21T08:51:24Z,Desktop,Organic
S03123,U01522,2026-03-28T10:18:53Z,Mobile,Organic
S03124,U01420,2026-02-08T22:11:16Z,Mobile,Social
S03125,U06638,2026-01-25T09:44:37Z,Mobile,Organic
S03126,U05121,2026-02-01T10:04:31Z,Desktop,Paid Search
S03127,U02742,2026-01-30T12:58:09Z,Mobile,Social
S03128,U00544,2026-02-21T13:30:18Z,Desktop,Paid Search
S03129,U05076,2026-02-17T08:58:01Z,Desktop,Paid Search
S03130,U03027,2026-02-23T10:55:40Z,Mobile,Paid Search
S03131,U06369,2026-03-31T13:30:10Z,Mobile,Social
S03132,U01912,2026-02-04T14:20:17Z,Mobile,Organic
S03133,U06275,2026-03-30T14:50:40Z,Mobile,Paid Search
S03134,U06185,2026-01-20T10:32:43Z,Mobile,Email
S03135,U03890,2026-03-05T21:34:05Z,Mobile,Organic
S03136,U04482,2026-03-24T15:13:53Z,Tablet,Social
S03137,U03366,2026-02-11T09:52:59Z,Mobile,Social
S03138,U03222,2026-02-01T21:02:06Z,Mobile,Social
S03139,U01937,2026-01-19T10:46:41Z,Mobile,Paid Search
S03140,U05520,2026-01-10T15:07:11Z,Mobile,Social
S03141,U05373,2026-01-11T03:41:44Z,Mobile,Social
S03142,U07725,2026-03-30T06:02:44Z,Desktop,Social
S03143,U07342,2026-03-03T20:09:59Z,Desktop,Organic
S03144,U03263,2026-01-16T04:47:57Z,Tablet,Email
S03145,U06868,2026-02-26T14:26:57Z,Mobile,Paid Search
S03146,U02822,2026-03-23T05:59:14Z,Mobile,Social
S03147,U06129,2026-01-27T06:57:48Z,Mobile,Paid Search
S03148,U03240,2026-03-17T22:57:35Z,Desktop,Organic
S03149,U05471,2026-02-03T18:24:33Z,Desktop,Organic
S03150,U03359,2026-02-19T10:38:10Z,Mobile,Organic
S03151,U00909,2026-03-12T08:09:45Z,Mobile,Organic
S03152,U02023,2026-03-15T01:00:09Z,Mobile,Social
S03153,U07964,2026-01-05T02:57:36Z,Mobile,Organic
S03154,U05617,2026-02-23T17:33:00Z,Desktop,Organic
S03155,U02057,2026-02-25T17:58:20Z,Desktop,Organic
S03156,U04738,2026-01-12T03:46:36Z,Mobile,Email
S03157,U07365,2026-01-11T00:54:25Z,Mobile,Organic
S03158,U03418,2026-01-05T05:28:49Z,Mobile,Social
S03159,U06128,2026-01-16T14:42:59Z,Desktop,Email
S03160,U01000,2026-03-21T21:55:34Z,Mobile,Organic
S03161,U02697,2026-01-26T09:23:12Z,Mobile,Social
S03162,U00503,2026-01-08T07:37:43Z,Mobile,Organic
S03163,U00817,2026-01-13T17:40:56Z,Desktop,Email
S03164,U00801,2026-01-15T07:24:04Z,Desktop,Social
S03165,U07107,2026-01-03T04:55:41Z,Mobile,Paid Search
S03166,U06885,2026-03-25T03:12:49Z,Mobile,Organic
S03167,U07945,2026-03-31T02:44:01Z,Desktop,Paid Search
S03168,U00588,2026-02-18T10:43:29Z,Desktop,Organic
S03169,U02346,2026-03-26T13:47:49Z,Mobile,Paid Search
S03170,U05436,2026-02-12T07:55:46Z,Mobile,Paid Search
S03171,U05374,2026-02-13T06:05:17Z,Tablet,Organic
S03172,U05904,2026-01-01T05:03:29Z,Desktop,Organic
S03173,U02261,2026-03-01T21:15:13Z,Mobile,Social
S03174,U04898,2026-03-19T10:16:45Z,Mobile,Email
S03175,U07513,2026-02-13T15:45:13Z,Mobile,Email
S03176,U01279,2026-01-24T16:19:13Z,Desktop,Organic
S03177,U07160,2026-02-16T14:44:56Z,Mobile,Organic
S03178,U02249,2026-01-11T10:42:23Z,Desktop,Social
S03179,U06374,2026-02-03T01:28:31Z,Desktop,Paid Search
S03180,U03374,2026-01-01T00:07:29Z,Tablet,Email
S03181,U03865,2026-01-13T17:41:22Z,Mobile,Organic
S03182,U01322,2026-01-15T04:25:53Z,Mobile,Social
S03183,U04392,2026-01-24T06:22:16Z,Mobile,Organic
S03184,U04879,2026-03-09T07:00:45Z,Mobile,Paid Search
S03185,U01870,2026-03-12T09:45:24Z,Mobile,Social
S03186,U07748,2026-02-01T12:38:05Z,Desktop,Social
S03187,U07600,2026-01-25T11:36:10Z,Tablet,Email
S03188,U00964,2026-01-17T00:16:43Z,Desktop,Paid Search
S03189,U01969,2026-03-13T01:29:25Z,Mobile,Paid Search
S03190,U07141,2026-02-12T08:49:56Z,Mobile,Paid Search
S03191,U03847,2026-03-07T03:28:51Z,Desktop,Organic
S03192,U06194,2026-03-13T22:13:05Z,Mobile,Paid Search
S03193,U00946,2026-01-04T08:16:38Z,Mobile,Paid Search
S03194,U02720,2026-02-21T21:42:33Z,Mobile,Organic
S03195,U00171,2026-02-17T21:34:01Z,Mobile,Social
S03196,U02442,2026-03-19T15:39:11Z,Mobile,Organic
S03197,U00398,2026-03-11T15:37:29Z,Mobile,Organic
S03198,U07322,2026-01-30T16:28:10Z,Desktop,Paid Search
S03199,U05203,2026-03-17T20:05:30Z,Mobile,Paid Search
S03200,U06860,2026-02-20T10:46:05Z,Mobile,Paid Search
S03201,U00262,2026-01-23T07:44:24Z,Mobile,Organic
S03202,U07720,2026-02-09T04:01:37Z,Desktop,Organic
S03203,U03757,2026-03-18T03:55:57Z,Mobile,Organic
S03204,U03104,2026-02-19T06:20:21Z,Desktop,Paid Search
S03205,U01821,2026-02-13T21:50:14Z,Mobile,Organic
S03206,U04304,2026-02-11T23:18:10Z,Mobile,Social
S03207,U07224,2026-01-18T22:01:51Z,Mobile,Organic
S03208,U00713,2026-03-18T05:03:17Z,Desktop,Organic
S03209,U01443,2026-01-23T04:20:26Z,Mobile,Organic
S03210,U06834,2026-02-18T21:59:43Z,Mobile,Social
S03211,U01890,2026-02-15T01:12:07Z,Tablet,Organic
S03212,U00781,2026-02-15T00:16:34Z,Mobile,Organic
S03213,U05294,2026-03-04T03:05:08Z,Desktop,Organic
S03214,U02790,2026-02-25T03:37:15Z,Mobile,Organic
S03215,U04913,2026-01-09T18:43:07Z,Desktop,Paid Search
S03216,U06387,2026-03-21T05:11:34Z,Mobile,Organic
S03217,U00619,2026-03-01T16:56:50Z,Desktop,Paid Search
S03218,U02423,2026-02-26T00:28:04Z,Desktop,Organic
S03219,U00856,2026-02-15T07:07:45Z,Desktop,Social
S03220,U03447,2026-03-27T16:26:00Z,Tablet,Paid Search
S03221,U05310,2026-02-13T02:07:36Z,Mobile,Social
S03222,U01312,2026-02-23T02:26:08Z,Mobile,Social
S03223,U05910,2026-03-12T02:00:01Z,Mobile,Organic
S03224,U05183,2026-02-26T00:52:31Z,Mobile,Social
S03225,U05903,2026-01-10T05:01:35Z,Mobile,Paid Search
S03226,U01248,2026-01-29T18:07:51Z,Mobile,Organic
S03227,U02013,2026-02-01T16:30:48Z,Desktop,Social
S03228,U00600,2026-03-31T05:24:24Z,Desktop,Social
S03229,U05019,2026-03-18T22:48:19Z,Mobile,Paid Search
S03230,U01653,2026-03-10T09:23:17Z,Mobile,Social
S03231,U02793,2026-03-05T15:01:37Z,Mobile,Organic
S03232,U02252,2026-03-09T05:04:39Z,Mobile,Organic
S03233,U01508,2026-02-15T05:57:32Z,Desktop,Paid Search
S03234,U02291,2026-02-17T02:18:57Z,Desktop,Paid Search
S03235,U04334,2026-02-19T22:20:25Z,Mobile,Paid Search
S03236,U02360,2026-01-21T05:59:45Z,Mobile,Social
S03237,U02735,2026-03-14T15:14:53Z,Mobile,Paid Search
S03238,U06150,2026-01-19T01:58:28Z,Desktop,Social
S03239,U05753,2026-01-23T21:44:46Z,Desktop,Social
S03240,U01135,2026-01-28T09:22:18Z,Desktop,Organic
S03241,U06451,2026-03-26T13:31:00Z,Desktop,Organic
S03242,U04037,2026-03-30T00:13:39Z,Mobile,Organic
S03243,U02387,2026-03-01T04:59:09Z,Mobile,Social
S03244,U00767,2026-01-27T08:22:49Z,Desktop,Paid Search
S03245,U07216,2026-01-19T08:50:52Z,Mobile,Paid Search
S03246,U03234,2026-03-31T09:49:13Z,Mobile,Social
S03247,U01134,2026-03-08T15:31:21Z,Mobile,Organic
S03248,U07302,2026-01-20T00:59:07Z,Desktop,Social
S03249,U01037,2026-03-28T18:51:34Z,Mobile,Email
S03250,U03465,2026-03-11T07:24:38Z,Mobile,Social
S03251,U04174,2026-03-28T20:58:51Z,Mobile,Email
S03252,U00072,2026-03-05T23:14:01Z,Mobile,Organic
S03253,U03563,2026-03-23T09:13:06Z,Desktop,Organic
S03254,U07514,2026-03-18T04:50:43Z,Mobile,Email
S03255,U05093,2026-01-07T04:08:26Z,Desktop,Organic
S03256,U07291,2026-01-28T13:37:27Z,Mobile,Social
S03257,U00899,2026-01-10T03:56:32Z,Desktop,Organic
S03258,U07796,2026-03-24T02:11:06Z,Mobile,Organic
S03259,U02309,2026-01-05T10:24:25Z,Mobile,Organic
S03260,U04220,2026-01-25T19:01:17Z,Desktop,Organic
S03261,U02309,2026-01-14T14:41:03Z,Mobile,Organic
S03262,U07596,2026-02-27T19:59:07Z,Mobile,Organic
S03263,U05685,2026-03-26T03:44:22Z,Mobile,Paid Search
S03264,U07601,2026-01-14T15:52:18Z,Mobile,Paid Search
S03265,U06813,2026-01-15T03:06:05Z,Mobile,Paid Search
S03266,U00538,2026-03-08T07:21:11Z,Desktop,Organic
S03267,U03072,2026-01-04T12:07:05Z,Tablet,Paid Search
S03268,U05781,2026-01-09T21:24:38Z,Mobile,Organic
S03269,U02313,2026-03-16T21:36:00Z,Desktop,Paid Search
S03270,U02746,2026-01-13T17:02:38Z,Desktop,Social
S03271,U03973,2026-03-11T09:44:45Z,Desktop,Paid Search
S03272,U04854,2026-03-01T06:30:31Z,Mobile,Paid Search
S03273,U03037,2026-01-08T05:59:35Z,Mobile,Social
S03274,U04460,2026-02-24T03:52:38Z,Tablet,Organic
S03275,U01025,2026-01-01T19:29:05Z,Desktop,Email
S03276,U04552,2026-01-02T23:15:43Z,Mobile,Social
S03277,U07536,2026-01-22T17:36:50Z,Desktop,Paid Search
S03278,U01149,2026-01-15T04:24:02Z,Desktop,Paid Search
S03279,U00071,2026-02-19T07:13:27Z,Mobile,Paid Search
S03280,U04005,2026-02-05T05:07:36Z,Mobile,Social
S03281,U03663,2026-03-26T17:36:03Z,Desktop,Social
S03282,U07400,2026-01-13T22:32:19Z,Desktop,Social
S03283,U05815,2026-03-16T22:58:12Z,Mobile,Paid Search
S03284,U04993,2026-02-21T16:34:31Z,Mobile,Organic
S03285,U06382,2026-02-18T19:04:43Z,Desktop,Organic
S03286,U02307,2026-02-16T05:32:47Z,Mobile,Social
S03287,U06393,2026-03-28T13:49:49Z,Desktop,Paid Search
S03288,U06228,2026-01-24T04:37:50Z,Desktop,Paid Search
S03289,U05504,2026-02-28T00:46:25Z,Mobile,Organic
S03290,U00677,2026-02-12T17:56:37Z,Desktop,Paid Search
S03291,U00568,2026-02-12T01:21:08Z,Desktop,Organic
S03292,U04592,2026-01-04T18:20:49Z,Mobile,Paid Search
S03293,U07525,2026-03-01T12:14:34Z,Mobile,Social
S03294,U01696,2026-01-29T11:36:05Z,Mobile,Paid Search
S03295,U00748,2026-01-14T10:19:43Z,Mobile,Paid Search
S03296,U07571,2026-02-19T08:49:40Z,Tablet,Social
S03297,U01702,2026-02-06T08:44:25Z,Desktop,Organic
S03298,U04248,2026-03-26T14:50:33Z,Mobile,Organic
S03299,U04081,2026-02-03T21:33:46Z,Desktop,Email
S03300,U06471,2026-01-07T03:08:39Z,Mobile,Social
S03301,U04060,2026-03-13T12:18:11Z,Mobile,Social
S03302,U05703,2026-02-21T07:23:16Z,Desktop,Social
S03303,U07452,2026-01-31T11:39:38Z,Desktop,Social
S03304,U05918,2026-01-26T00:28:06Z,Mobile,Organic
S03305,U04269,2026-03-18T21:25:54Z,Mobile,Paid Search
S03306,U05274,2026-02-09T19:21:30Z,Tablet,Organic
S03307,U02746,2026-01-30T12:13:50Z,Desktop,Organic
S03308,U07566,2026-03-21T01:50:28Z,Desktop,Organic
S03309,U03227,2026-02-23T15:27:45Z,Mobile,Social
S03310,U07088,2026-02-24T18:55:46Z,Mobile,Social
S03311,U06301,2026-02-08T16:42:24Z,Desktop,Email
S03312,U00724,2026-01-29T02:40:53Z,Tablet,Social
S03313,U04074,2026-01-28T08:54:08Z,Mobile,Paid Search
S03314,U01143,2026-03-19T16:18:22Z,Desktop,Organic
S03315,U03887,2026-02-09T05:05:41Z,Desktop,Paid Search
S03316,U06655,2026-02-15T01:02:52Z,Desktop,Organic
S03317,U07356,2026-01-13T18:32:07Z,Mobile,Paid Search
S03318,U04309,2026-01-28T14:53:50Z,Desktop,Paid Search
S03319,U03249,2026-03-27T13:01:02Z,Mobile,Social
S03320,U04851,2026-03-23T05:52:43Z,Mobile,Paid Search
S03321,U04669,2026-02-26T18:44:25Z,Desktop,Paid Search
S03322,U02662,2026-02-20T03:07:03Z,Desktop,Email
S03323,U02388,2026-03-19T19:34:47Z,Tablet,Organic
S03324,U05100,2026-03-14T19:29:43Z,Mobile,Organic
S03325,U01540,2026-03-05T13:50:31Z,Mobile,Paid Search
S03326,U00594,2026-02-17T19:22:36Z,Mobile,Organic
S03327,U07760,2026-02-07T04:32:37Z,Desktop,Organic
S03328,U00574,2026-02-12T17:34:47Z,Mobile,Organic
S03329,U07106,2026-01-18T21:29:22Z,Tablet,Social
S03330,U02527,2026-02-26T02:55:22Z,Desktop,Social
S03331,U07766,2026-02-04T21:38:24Z,Desktop,Organic
S03332,U06341,2026-03-01T01:48:46Z,Desktop,Paid Search
S03333,U04155,2026-01-20T12:22:30Z,Desktop,Organic
S03334,U03343,2026-01-20T06:35:44Z,Mobile,Social
S03335,U06410,2026-01-03T13:59:49Z,Mobile,Organic
S03336,U02144,2026-03-23T07:07:13Z,Mobile,Organic
S03337,U04704,2026-02-19T15:25:05Z,Mobile,Social
S03338,U02676,2026-03-23T10:29:45Z,Tablet,Social
S03339,U04896,2026-02-05T11:06:26Z,Mobile,Social
S03340,U07400,2026-03-05T09:18:36Z,Mobile,Paid Search
S03341,U02706,2026-02-08T09:13:01Z,Desktop,Organic
S03342,U07989,2026-02-05T13:51:54Z,Desktop,Social
S03343,U04151,2026-03-07T07:13:54Z,Desktop,Social
S03344,U05161,2026-01-30T12:51:31Z,Desktop,Email
S03345,U04241,2026-01-28T15:48:28Z,Tablet,Social
S03346,U04161,2026-03-02T13:17:10Z,Mobile,Organic
S03347,U03347,2026-02-07T08:52:22Z,Mobile,Social
S03348,U02063,2026-03-20T20:25:12Z,Mobile,Social
S03349,U00195,2026-03-30T12:16:39Z,Desktop,Organic
S03350,U05905,2026-02-09T11:37:08Z,Desktop,Paid Search
S03351,U00419,2026-02-21T16:52:29Z,Mobile,Social
S03352,U07494,2026-03-14T01:39:47Z,Desktop,Paid Search
S03353,U07554,2026-01-19T21:29:30Z,Mobile,Paid Search
S03354,U03455,2026-01-01T08:47:58Z,Mobile,Organic
S03355,U05712,2026-01-15T12:54:05Z,Mobile,Organic
S03356,U01719,2026-01-03T06:44:07Z,Tablet,Organic
S03357,U01541,2026-03-04T22:35:22Z,Desktop,Social
S03358,U03557,2026-01-24T16:46:27Z,Desktop,Organic
S03359,U05669,2026-02-18T06:40:09Z,Desktop,Organic
S03360,U02856,2026-03-09T07:00:23Z,Mobile,Social
S03361,U00769,2026-03-19T22:47:06Z,Mobile,Organic
S03362,U03718,2026-02-15T11:23:01Z,Desktop,Organic
S03363,U06930,2026-02-02T14:01:38Z,Mobile,Social
S03364,U06121,2026-02-17T15:24:26Z,Desktop,Social
S03365,U05091,2026-03-07T16:05:43Z,Mobile,Organic
S03366,U03535,2026-02-24T20:47:24Z,Mobile,Paid Search
S03367,U04048,2026-03-18T12:14:03Z,Desktop,Paid Search
S03368,U05043,2026-02-09T12:13:06Z,Mobile,Organic
S03369,U05548,2026-03-11T05:12:02Z,Desktop,Organic
S03370,U01764,2026-03-28T03:38:21Z,Desktop,Email
S03371,U04114,2026-03-09T20:14:43Z,Mobile,Organic
S03372,U06684,2026-03-25T05:32:36Z,Mobile,Paid Search
S03373,U01946,2026-03-28T05:16:13Z,Mobile,Social
S03374,U00524,2026-02-26T13:47:03Z,Mobile,Paid Search
S03375,U06971,2026-03-22T09:25:16Z,Mobile,Organic
S03376,U00313,2026-02-17T08:11:34Z,Desktop,Organic
S03377,U00879,2026-03-16T17:36:53Z,Mobile,Social
S03378,U01751,2026-02-19T12:22:09Z,Desktop,Email
S03379,U05034,2026-03-07T04:03:40Z,Desktop,Organic
S03380,U00803,2026-03-04T08:19:21Z,Desktop,Organic
S03381,U03565,2026-01-10T11:43:59Z,Mobile,Social
S03382,U05591,2026-01-15T00:58:46Z,Mobile,Paid Search
S03383,U06886,2026-02-07T12:36:24Z,Desktop,Social
S03384,U00419,2026-02-17T07:09:15Z,Mobile,Organic
S03385,U02837,2026-01-05T07:45:24Z,Desktop,Organic
S03386,U06237,2026-01-22T21:38:35Z,Mobile,Paid Search
S03387,U06461,2026-01-07T09:54:37Z,Mobile,Social
S03388,U05825,2026-02-28T12:40:11Z,Mobile,Organic
S03389,U00619,2026-01-31T15:26:09Z,Mobile,Organic
S03390,U07139,2026-03-12T04:48:42Z,Mobile,Organic
S03391,U00824,2026-01-13T08:52:20Z,Mobile,Paid Search
S03392,U06064,2026-02-16T08:35:39Z,Mobile,Social
S03393,U05220,2026-03-28T14:04:50Z,Mobile,Social
S03394,U00705,2026-01-31T19:34:07Z,Mobile,Social
S03395,U04854,2026-02-18T21:51:13Z,Mobile,Social
S03396,U01061,2026-03-03T06:42:21Z,Mobile,Organic
S03397,U02204,2026-03-02T00:19:18Z,Mobile,Paid Search
S03398,U01478,2026-03-27T19:24:38Z,Desktop,Organic
S03399,U00660,2026-01-11T04:00:34Z,Desktop,Paid Search
S03400,U02820,2026-02-23T22:02:45Z,Mobile,Paid Search
S03401,U03655,2026-02-28T15:34:30Z,Mobile,Organic
S03402,U06935,2026-01-15T18:14:30Z,Mobile,Social
S03403,U03127,2026-01-14T04:53:45Z,Desktop,Social
S03404,U02978,2026-02-26T19:48:10Z,Mobile,Organic
S03405,U00382,2026-03-09T17:23:49Z,Desktop,Social
S03406,U06451,2026-02-06T13:51:49Z,Tablet,Organic
S03407,U01427,2026-02-28T15:08:58Z,Desktop,Social
S03408,U04358,2026-02-07T18:37:04Z,Mobile,Paid Search
S03409,U02051,2026-01-27T15:08:01Z,Mobile,Organic
S03410,U07594,2026-03-14T14:06:30Z,Mobile,Email
S03411,U03985,2026-01-30T00:06:31Z,Mobile,Paid Search
S03412,U07823,2026-03-15T06:35:40Z,Desktop,Organic
S03413,U06086,2026-01-09T01:35:25Z,Desktop,Organic
S03414,U01396,2026-01-19T21:04:51Z,Mobile,Paid Search
S03415,U03936,2026-03-16T14:34:51Z,Desktop,Social
S03416,U02334,2026-03-08T09:10:35Z,Desktop,Paid Search
S03417,U00873,2026-01-08T11:29:42Z,Mobile,Social
S03418,U06044,2026-02-22T12:13:27Z,Tablet,Paid Search
S03419,U05177,2026-01-14T00:20:33Z,Mobile,Paid Search
S03420,U03342,2026-02-10T14:47:45Z,Desktop,Organic
S03421,U07101,2026-02-16T12:49:49Z,Mobile,Organic
S03422,U01786,2026-01-14T15:14:20Z,Mobile,Paid Search
S03423,U06988,2026-01-12T20:53:49Z,Desktop,Organic
S03424,U01366,2026-03-16T01:56:59Z,Mobile,Email
S03425,U04045,2026-03-24T00:28:19Z,Mobile,Paid Search
S03426,U06862,2026-03-30T07:04:49Z,Mobile,Organic
S03427,U06946,2026-03-09T11:59:38Z,Mobile,Organic
S03428,U06142,2026-02-01T17:20:19Z,Desktop,Paid Search
S03429,U07928,2026-03-06T08:11:19Z,Mobile,Paid Search
S03430,U06807,2026-01-31T21:45:41Z,Desktop,Paid Search
S03431,U02640,2026-01-28T21:58:55Z,Desktop,Organic
S03432,U06830,2026-02-13T03:51:12Z,Mobile,Organic
S03433,U05761,2026-02-23T06:32:07Z,Desktop,Organic
S03434,U04441,2026-01-25T14:46:31Z,Desktop,Organic
S03435,U06329,2026-02-15T09:24:03Z,Mobile,Organic
S03436,U06037,2026-01-02T17:07:22Z,Mobile,Paid Search
S03437,U04608,2026-01-18T22:55:27Z,Mobile,Social
S03438,U03776,2026-03-20T22:02:24Z,Desktop,Social
S03439,U07188,2026-01-12T15:14:18Z,Mobile,Organic
S03440,U00992,2026-02-24T16:29:12Z,Mobile,Social
S03441,U05295,2026-01-02T06:33:46Z,Mobile,Social
S03442,U06009,2026-01-08T14:59:34Z,Desktop,Organic
S03443,U06988,2026-01-22T10:47:46Z,Desktop,Paid Search
S03444,U00967,2026-02-22T12:46:51Z,Desktop,Email
S03445,U02335,2026-02-23T09:58:29Z,Mobile,Social
S03446,U01578,2026-03-21T19:37:47Z,Desktop,Organic
S03447,U06756,2026-03-29T23:03:45Z,Desktop,Paid Search
S03448,U02618,2026-01-10T00:59:20Z,Desktop,Organic
S03449,U01982,2026-03-17T06:23:13Z,Mobile,Email
S03450,U04669,2026-03-26T15:24:59Z,Mobile,Social
S03451,U05121,2026-01-12T20:42:18Z,Mobile,Social
S03452,U06497,2026-01-25T22:10:00Z,Desktop,Social
S03453,U01568,2026-01-23T18:39:19Z,Desktop,Organic
S03454,U01710,2026-03-10T22:00:34Z,Mobile,Organic
S03455,U05994,2026-03-09T13:52:51Z,Mobile,Paid Search
S03456,U04605,2026-02-16T10:29:04Z,Mobile,Organic
S03457,U01673,2026-03-12T12:00:23Z,Mobile,Paid Search
S03458,U05191,2026-02-14T05:56:16Z,Tablet,Social
S03459,U07202,2026-03-08T22:37:36Z,Tablet,Paid Search
S03460,U03498,2026-03-03T22:59:39Z,Desktop,Organic
S03461,U04923,2026-03-19T15:21:45Z,Mobile,Organic
S03462,U04285,2026-01-06T09:24:57Z,Mobile,Social
S03463,U07779,2026-03-17T12:23:13Z,Mobile,Paid Search
S03464,U03553,2026-03-20T14:38:06Z,Desktop,Paid Search
S03465,U00873,2026-03-16T09:24:04Z,Mobile,Paid Search
S03466,U07892,2026-03-21T16:01:52Z,Desktop,Organic
S03467,U07638,2026-03-09T09:29:31Z,Desktop,Email
S03468,U03432,2026-01-14T12:15:34Z,Mobile,Social
S03469,U07265,2026-02-19T17:53:28Z,Desktop,Organic
S03470,U07910,2026-01-24T07:26:32Z,Mobile,Organic
S03471,U07589,2026-03-15T18:49:40Z,Mobile,Social
S03472,U07770,2026-02-22T14:52:26Z,Desktop,Paid Search
S03473,U03864,2026-02-03T06:28:43Z,Desktop,Paid Search
S03474,U03652,2026-03-10T21:24:07Z,Mobile,Organic
S03475,U01972,2026-02-12T02:01:40Z,Tablet,Social
S03476,U06469,2026-01-23T13:42:14Z,Desktop,Organic
S03477,U06216,2026-02-01T18:50:03Z,Desktop,Paid Search
S03478,U04196,2026-03-13T01:53:05Z,Desktop,Organic
S03479,U01158,2026-01-11T00:47:28Z,Desktop,Social
S03480,U01708,2026-02-12T03:03:37Z,Tablet,Paid Search
S03481,U05801,2026-03-06T13:25:48Z,Mobile,Social
S03482,U03400,2026-03-02T01:46:32Z,Desktop,Paid Search
S03483,U05152,2026-01-28T09:14:16Z,Mobile,Organic
S03484,U01906,2026-03-18T13:44:42Z,Desktop,Social
S03485,U03455,2026-01-20T07:08:33Z,Mobile,Paid Search
S03486,U07098,2026-01-29T04:30:57Z,Desktop,Organic
S03487,U07727,2026-01-23T15:03:15Z,Desktop,Paid Search
S03488,U04062,2026-03-19T17:46:53Z,Desktop,Organic
S03489,U01962,2026-02-17T22:19:43Z,Mobile,Organic
S03490,U01559,2026-03-06T12:10:15Z,Mobile,Paid Search
S03491,U04568,2026-01-04T08:44:20Z,Mobile,Paid Search
S03492,U00623,2026-03-18T16:12:26Z,Mobile,Organic
S03493,U06462,2026-03-25T07:34:17Z,Mobile,Paid Search
S03494,U02926,2026-02-05T01:13:10Z,Desktop,Paid Search
S03495,U02814,2026-01-20T08:49:01Z,Desktop,Social
S03496,U07486,2026-02-24T13:18:21Z,Mobile,Email
S03497,U05498,2026-02-25T01:09:40Z,Desktop,Email
S03498,U06676,2026-03-15T02:51:52Z,Mobile,Social
S03499,U04112,2026-01-10T02:51:50Z,Desktop,Social
S03500,U02608,2026-01-11T03:09:32Z,Mobile,Social
S03501,U02511,2026-02-05T14:37:43Z,Mobile,Organic
S03502,U02300,2026-03-07T14:52:04Z,Mobile,Social
S03503,U06406,2026-03-16T14:59:10Z,Mobile,Social
S03504,U03055,2026-03-12T05:21:41Z,Desktop,Organic
S03505,U03072,2026-02-17T14:42:48Z,Mobile,Paid Search
S03506,U00030,2026-02-05T05:58:25Z,Desktop,Social
S03507,U07008,2026-03-15T06:46:10Z,Mobile,Email
S03508,U07493,2026-03-29T08:48:35Z,Desktop,Paid Search
S03509,U04521,2026-03-04T11:11:48Z,Mobile,Organic
S03510,U00845,2026-01-01T06:50:38Z,Mobile,Organic
S03511,U02928,2026-01-29T18:22:12Z,Mobile,Organic
S03512,U07083,2026-03-10T14:47:32Z,Mobile,Email
S03513,U01158,2026-02-16T02:46:47Z,Mobile,Organic
S03514,U07665,2026-03-10T02:51:33Z,Mobile,Email
S03515,U00475,2026-02-11T12:30:53Z,Desktop,Social
S03516,U07975,2026-03-08T11:03:11Z,Desktop,Social
S03517,U06878,2026-03-12T13:39:26Z,Mobile,Social
S03518,U01457,2026-01-15T13:43:06Z,Mobile,Social
S03519,U07821,2026-01-13T21:23:37Z,Mobile,Paid Search
S03520,U00533,2026-01-06T02:01:12Z,Tablet,Email
S03521,U06689,2026-02-19T06:53:02Z,Mobile,Social
S03522,U06252,2026-03-15T16:52:07Z,Desktop,Organic
S03523,U01268,2026-03-17T03:41:57Z,Mobile,Paid Search
S03524,U07801,2026-03-24T12:58:28Z,Mobile,Social
S03525,U05503,2026-02-07T00:22:25Z,Mobile,Paid Search
S03526,U02954,2026-01-07T22:27:04Z,Tablet,Social
S03527,U05800,2026-02-10T11:38:32Z,Mobile,Social
S03528,U01506,2026-02-08T04:21:26Z,Desktop,Social
S03529,U02514,2026-03-18T09:43:03Z,Mobile,Organic
S03530,U05692,2026-01-14T00:50:02Z,Mobile,Organic
S03531,U00483,2026-03-24T13:51:17Z,Desktop,Organic
S03532,U02049,2026-03-31T19:10:01Z,Desktop,Organic
S03533,U01245,2026-01-19T15:11:49Z,Desktop,Email
S03534,U03122,2026-02-15T23:13:48Z,Mobile,Social
S03535,U01586,2026-03-14T13:53:18Z,Tablet,Organic
S03536,U01140,2026-01-12T00:08:28Z,Mobile,Paid Search
S03537,U04516,2026-03-23T12:48:17Z,Mobile,Social
S03538,U05415,2026-01-21T05:18:26Z,Mobile,Email
S03539,U01568,2026-03-20T17:57:43Z,Desktop,Organic
S03540,U05176,2026-03-07T00:50:23Z,Desktop,Organic
S03541,U04526,2026-02-21T00:34:48Z,Desktop,Organic
S03542,U03270,2026-02-08T17:22:15Z,Mobile,Email
S03543,U05199,2026-01-06T21:06:05Z,Mobile,Social
S03544,U00289,2026-02-25T14:16:38Z,Tablet,Organic
S03545,U02848,2026-03-07T18:35:05Z,Mobile,Social
S03546,U00430,2026-01-31T02:41:48Z,Mobile,Social
S03547,U00801,2026-01-18T21:32:19Z,Mobile,Organic
S03548,U03949,2026-01-25T20:14:37Z,Mobile,Email
S03549,U04731,2026-02-05T16:16:57Z,Desktop,Organic
S03550,U02101,2026-01-27T11:59:18Z,Mobile,Social
S03551,U05979,2026-03-08T21:22:01Z,Desktop,Social
S03552,U06173,2026-03-14T10:33:10Z,Mobile,Paid Search
S03553,U04595,2026-01-07T13:10:07Z,Mobile,Paid Search
S03554,U04624,2026-02-22T17:15:58Z,Mobile,Organic
S03555,U06838,2026-02-21T22:49:14Z,Mobile,Social
S03556,U06344,2026-02-18T05:26:02Z,Mobile,Organic
S03557,U04396,2026-01-24T05:47:00Z,Mobile,Organic
S03558,U01718,2026-01-15T19:11:07Z,Mobile,Organic
S03559,U06815,2026-02-24T19:29:06Z,Desktop,Social
S03560,U02654,2026-03-06T00:40:21Z,Desktop,Paid Search
S03561,U04707,2026-01-29T17:27:46Z,Tablet,Social
S03562,U00665,2026-01-19T02:53:20Z,Mobile,Paid Search
S03563,U04913,2026-02-11T12:32:49Z,Desktop,Social
S03564,U02265,2026-03-04T09:59:44Z,Mobile,Paid Search
S03565,U07607,2026-02-07T19:10:17Z,Mobile,Social
S03566,U03477,2026-01-16T04:17:22Z,Desktop,Paid Search
S03567,U03610,2026-02-25T11:18:41Z,Desktop,Paid Search
S03568,U04132,2026-01-07T20:35:50Z,Tablet,Paid Search
S03569,U00309,2026-01-08T04:00:51Z,Mobile,Organic
S03570,U01185,2026-03-25T23:16:34Z,Mobile,Email
S03571,U03929,2026-01-28T11:06:57Z,Desktop,Paid Search
S03572,U06502,2026-03-23T18:25:42Z,Tablet,Organic
S03573,U01983,2026-01-10T12:08:51Z,Desktop,Paid Search
S03574,U02233,2026-03-04T03:47:54Z,Desktop,Organic
S03575,U07296,2026-03-16T05:36:56Z,Desktop,Organic
S03576,U00394,2026-02-21T23:02:47Z,Desktop,Paid Search
S03577,U04910,2026-03-31T10:52:59Z,Desktop,Organic
S03578,U05594,2026-02-14T14:52:58Z,Mobile,Paid Search
S03579,U07777,2026-01-06T06:12:55Z,Tablet,Social
S03580,U05518,2026-03-25T07:55:09Z,Mobile,Social
S03581,U01495,2026-03-12T05:03:07Z,Mobile,Organic
S03582,U02364,2026-02-17T14:28:42Z,Mobile,Paid Search
S03583,U00184,2026-01-01T16:13:53Z,Mobile,Social
S03584,U05710,2026-02-13T02:59:32Z,Desktop,Social
S03585,U01255,2026-01-09T16:36:19Z,Mobile,Paid Search
S03586,U05513,2026-02-05T22:34:13Z,Mobile,Paid Search
S03587,U03605,2026-03-08T12:14:45Z,Desktop,Paid Search
S03588,U02963,2026-02-10T21:12:09Z,Desktop,Paid Search
S03589,U06560,2026-03-26T17:56:09Z,Mobile,Social
S03590,U00441,2026-03-16T09:40:16Z,Desktop,Social
S03591,U03823,2026-01-15T12:35:21Z,Mobile,Paid Search
S03592,U03788,2026-01-15T04:28:50Z,Desktop,Paid Search
S03593,U07328,2026-03-20T09:34:09Z,Mobile,Organic
S03594,U04100,2026-01-23T12:49:49Z,Desktop,Paid Search
S03595,U02573,2026-02-12T13:37:13Z,Mobile,Paid Search
S03596,U05523,2026-02-17T12:43:32Z,Mobile,Social
S03597,U03997,2026-02-14T17:41:38Z,Desktop,Organic
S03598,U01585,2026-03-09T09:33:25Z,Desktop,Organic
S03599,U03810,2026-03-23T10:59:37Z,Mobile,Organic
S03600,U04037,2026-02-26T23:04:07Z,Desktop,Organic
S03601,U02862,2026-03-30T08:56:25Z,Tablet,Organic
S03602,U01776,2026-03-15T12:22:50Z,Tablet,Paid Search
S03603,U04985,2026-02-21T01:21:00Z,Mobile,Organic
S03604,U05553,2026-01-13T00:42:09Z,Mobile,Organic
S03605,U06477,2026-02-26T01:17:02Z,Desktop,Paid Search
S03606,U00900,2026-03-29T03:33:47Z,Mobile,Social
S03607,U04503,2026-02-16T21:03:19Z,Desktop,Organic
S03608,U02892,2026-03-16T15:26:43Z,Mobile,Social
S03609,U05520,2026-02-24T17:43:26Z,Tablet,Paid Search
S03610,U03723,2026-03-09T21:38:22Z,Mobile,Paid Search
S03611,U02830,2026-02-04T03:06:30Z,Tablet,Organic
S03612,U00387,2026-01-25T22:17:08Z,Mobile,Organic
S03613,U04652,2026-01-29T11:25:10Z,Mobile,Social
S03614,U06289,2026-02-04T18:56:18Z,Tablet,Organic
S03615,U05518,2026-03-27T00:24:02Z,Desktop,Email
S03616,U06754,2026-02-25T13:16:49Z,Mobile,Organic
S03617,U01944,2026-02-13T06:36:26Z,Desktop,Social
S03618,U06553,2026-03-02T21:31:42Z,Desktop,Social
S03619,U00725,2026-03-08T14:12:42Z,Mobile,Paid Search
S03620,U01362,2026-03-28T04:40:32Z,Tablet,Social
S03621,U00887,2026-02-11T05:47:29Z,Desktop,Organic
S03622,U03231,2026-01-19T12:07:46Z,Desktop,Social
S03623,U02236,2026-02-10T16:26:19Z,Tablet,Paid Search
S03624,U02347,2026-01-24T13:38:43Z,Desktop,Organic
S03625,U04361,2026-01-15T18:57:38Z,Mobile,Social
S03626,U01183,2026-01-25T18:36:45Z,Tablet,Social
S03627,U03642,2026-03-24T19:39:22Z,Mobile,Paid Search
S03628,U06379,2026-02-24T18:40:38Z,Mobile,Organic
S03629,U01359,2026-03-05T02:55:21Z,Mobile,Social
S03630,U07986,2026-03-08T08:52:39Z,Mobile,Organic
S03631,U06372,2026-01-02T07:07:17Z,Mobile,Paid Search
S03632,U03456,2026-03-03T01:40:56Z,Desktop,Organic
S03633,U06066,2026-03-11T08:38:15Z,Desktop,Paid Search
S03634,U03409,2026-03-25T17:34:38Z,Desktop,Organic
S03635,U03234,2026-01-06T10:15:54Z,Mobile,Social
S03636,U01853,2026-03-06T14:11:49Z,Desktop,Organic
S03637,U02692,2026-03-27T05:53:32Z,Mobile,Organic
S03638,U04824,2026-02-02T22:22:57Z,Mobile,Organic
S03639,U06150,2026-03-14T01:12:30Z,Tablet,Social
S03640,U00567,2026-03-18T16:24:24Z,Desktop,Organic
S03641,U04464,2026-02-17T20:20:23Z,Mobile,Organic
S03642,U02721,2026-01-02T16:50:03Z,Mobile,Organic
S03643,U05969,2026-01-09T21:47:08Z,Mobile,Email
S03644,U04681,2026-02-21T00:07:31Z,Mobile,Organic
S03645,U06494,2026-01-04T20:02:22Z,Desktop,Paid Search
S03646,U02967,2026-01-25T22:37:48Z,Desktop,Organic
S03647,U04702,2026-03-03T11:20:28Z,Mobile,Organic
S03648,U01234,2026-02-08T01:42:51Z,Desktop,Social
S03649,U04205,2026-02-01T06:53:44Z,Mobile,Organic
S03650,U01807,2026-03-16T17:33:21Z,Mobile,Organic
S03651,U00220,2026-03-05T17:56:51Z,Mobile,Paid Search
S03652,U01062,2026-02-27T02:04:28Z,Desktop,Organic
S03653,U05171,2026-02-02T19:41:32Z,Desktop,Social
S03654,U07027,2026-02-21T16:39:26Z,Mobile,Social
S03655,U05853,2026-02-09T11:49:05Z,Desktop,Social
S03656,U00656,2026-02-28T23:07:13Z,Desktop,Organic
S03657,U06482,2026-01-06T08:17:18Z,Mobile,Organic
S03658,U04447,2026-02-03T12:23:21Z,Mobile,Organic
S03659,U05943,2026-03-17T11:02:56Z,Desktop,Email
S03660,U00161,2026-01-15T19:42:42Z,Mobile,Organic
S03661,U06386,2026-02-07T05:54:19Z,Mobile,Paid Search
S03662,U03911,2026-02-16T21:06:25Z,Desktop,Organic
S03663,U02797,2026-02-16T10:33:21Z,Desktop,Paid Search
S03664,U01722,2026-02-28T05:31:23Z,Mobile,Social
S03665,U04988,2026-03-29T00:54:01Z,Desktop,Paid Search
S03666,U05928,2026-02-14T15:10:38Z,Mobile,Paid Search
S03667,U03357,2026-02-22T02:27:50Z,Mobile,Organic
S03668,U07235,2026-03-02T01:13:46Z,Desktop,Social
S03669,U04666,2026-02-17T17:03:12Z,Mobile,Social
S03670,U02930,2026-01-11T02:00:31Z,Desktop,Social
S03671,U04421,2026-01-23T06:49:27Z,Desktop,Organic
S03672,U01578,2026-03-25T06:06:50Z,Mobile,Organic
S03673,U06672,2026-02-02T10:11:30Z,Mobile,Social
S03674,U01857,2026-02-18T20:36:26Z,Tablet,Organic
S03675,U07209,2026-02-14T04:45:06Z,Mobile,Paid Search
S03676,U05861,2026-01-12T04:58:16Z,Mobile,Organic
S03677,U04351,2026-01-05T13:55:40Z,Desktop,Organic
S03678,U07759,2026-03-13T12:14:43Z,Mobile,Paid Search
S03679,U07410,2026-02-02T06:04:12Z,Mobile,Email
S03680,U07043,2026-02-16T12:07:29Z,Desktop,Paid Search
S03681,U04460,2026-02-24T20:02:54Z,Mobile,Email
S03682,U03937,2026-01-22T04:27:15Z,Mobile,Organic
S03683,U01711,2026-02-11T20:23:44Z,Mobile,Paid Search
S03684,U04297,2026-03-15T04:47:44Z,Mobile,Paid Search
S03685,U05732,2026-01-21T18:54:38Z,Mobile,Social
S03686,U06697,2026-03-14T13:11:26Z,Desktop,Organic
S03687,U06228,2026-02-08T04:10:54Z,Mobile,Organic
S03688,U00339,2026-03-02T00:09:48Z,Mobile,Organic
S03689,U02957,2026-03-25T00:07:55Z,Mobile,Social
S03690,U02618,2026-02-04T14:46:27Z,Mobile,Social
S03691,U03665,2026-02-15T06:13:48Z,Mobile,Social
S03692,U06284,2026-01-30T14:29:58Z,Mobile,Paid Search
S03693,U04159,2026-01-25T07:20:32Z,Mobile,Email
S03694,U04382,2026-01-19T08:39:43Z,Desktop,Organic
S03695,U01258,2026-01-12T09:27:08Z,Mobile,Email
S03696,U05087,2026-02-04T19:21:08Z,Mobile,Social
S03697,U07991,2026-03-14T15:44:20Z,Mobile,Email
S03698,U01952,2026-01-20T20:00:51Z,Desktop,Paid Search
S03699,U06972,2026-02-27T00:08:11Z,Desktop,Paid Search
S03700,U04388,2026-03-06T05:52:51Z,Mobile,Organic
S03701,U00634,2026-03-22T13:32:32Z,Desktop,Social
S03702,U07976,2026-03-24T16:09:07Z,Mobile,Paid Search
S03703,U06773,2026-02-09T06:40:54Z,Mobile,Social
S03704,U05351,2026-03-11T08:39:20Z,Desktop,Organic
S03705,U01408,2026-01-31T15:48:37Z,Desktop,Paid Search
S03706,U05159,2026-02-03T10:48:57Z,Mobile,Organic
S03707,U01350,2026-02-08T22:40:10Z,Desktop,Paid Search
S03708,U06975,2026-01-15T12:17:24Z,Desktop,Social
S03709,U04681,2026-03-24T01:33:57Z,Desktop,Paid Search
S03710,U04650,2026-02-23T01:50:27Z,Desktop,Social
S03711,U06827,2026-02-21T13:54:22Z,Desktop,Email
S03712,U04878,2026-01-29T15:01:19Z,Desktop,Organic
S03713,U05561,2026-02-04T22:55:13Z,Tablet,Email
S03714,U02119,2026-01-24T06:38:11Z,Mobile,Email
S03715,U05001,2026-03-23T02:23:41Z,Mobile,Organic
S03716,U02236,2026-01-28T12:00:48Z,Desktop,Email
S03717,U07468,2026-03-24T11:45:41Z,Desktop,Social
S03718,U06469,2026-01-11T12:50:56Z,Mobile,Paid Search
S03719,U03299,2026-01-21T10:57:58Z,Mobile,Social
S03720,U05761,2026-01-19T22:01:53Z,Mobile,Paid Search
S03721,U00554,2026-01-08T15:44:25Z,Mobile,Paid Search
S03722,U04005,2026-03-24T11:21:03Z,Mobile,Paid Search
S03723,U05073,2026-02-06T06:24:33Z,Desktop,Organic
S03724,U07071,2026-01-08T15:45:36Z,Mobile,Paid Search
S03725,U01737,2026-02-21T21:23:22Z,Mobile,Organic
S03726,U05644,2026-03-27T21:28:47Z,Desktop,Social
S03727,U06777,2026-03-30T08:05:54Z,Mobile,Organic
S03728,U07654,2026-03-07T03:35:24Z,Desktop,Organic
S03729,U03467,2026-03-22T07:34:48Z,Mobile,Email
S03730,U05854,2026-01-03T23:03:59Z,Mobile,Paid Search
S03731,U02656,2026-01-21T02:00:04Z,Mobile,Organic
S03732,U02676,2026-02-21T01:45:17Z,Mobile,Social
S03733,U07039,2026-01-12T13:18:44Z,Desktop,Organic
S03734,U01245,2026-02-04T23:05:06Z,Tablet,Organic
S03735,U00584,2026-03-28T10:53:30Z,Desktop,Paid Search
S03736,U00292,2026-01-17T11:40:40Z,Mobile,Social
S03737,U06737,2026-03-08T02:44:38Z,Mobile,Social
S03738,U05974,2026-02-14T00:46:34Z,Mobile,Social
S03739,U02730,2026-01-09T22:26:42Z,Desktop,Paid Search
S03740,U07855,2026-01-16T14:17:03Z,Mobile,Organic
S03741,U06981,2026-02-25T04:22:51Z,Desktop,Organic
S03742,U06383,2026-02-25T08:38:42Z,Mobile,Organic
S03743,U04974,2026-02-10T01:30:44Z,Mobile,Organic
S03744,U00634,2026-02-15T15:17:33Z,Mobile,Paid Search
S03745,U06105,2026-02-24T00:52:22Z,Desktop,Paid Search
S03746,U06270,2026-01-05T03:58:46Z,Mobile,Email
S03747,U04297,2026-01-28T21:50:29Z,Mobile,Social
S03748,U03201,2026-01-27T01:23:35Z,Mobile,Email
S03749,U03876,2026-03-13T19:02:31Z,Mobile,Email
S03750,U05414,2026-03-18T01:39:56Z,Tablet,Paid Search
S03751,U01443,2026-03-13T19:31:34Z,Desktop,Paid Search
S03752,U05230,2026-01-20T17:46:39Z,Mobile,Organic
S03753,U03753,2026-01-15T10:34:21Z,Mobile,Paid Search
S03754,U07802,2026-01-29T01:48:36Z,Desktop,Paid Search
S03755,U00846,2026-03-18T21:15:44Z,Desktop,Paid Search
S03756,U00651,2026-03-19T19:58:29Z,Mobile,Paid Search
S03757,U03053,2026-02-18T19:10:55Z,Mobile,Paid Search
S03758,U02877,2026-01-11T15:28:23Z,Mobile,Paid Search
S03759,U04127,2026-01-27T11:03:22Z,Mobile,Social
S03760,U00266,2026-01-27T21:25:45Z,Desktop,Organic
S03761,U01968,2026-02-14T15:36:07Z,Mobile,Social
S03762,U01639,2026-03-03T17:33:11Z,Desktop,Organic
S03763,U03406,2026-03-03T03:56:30Z,Mobile,Organic
S03764,U02152,2026-03-28T05:35:45Z,Mobile,Organic
S03765,U02803,2026-02-07T12:16:13Z,Mobile,Social
S03766,U01711,2026-01-05T20:31:10Z,Mobile,Paid Search
S03767,U02539,2026-02-28T08:37:31Z,Mobile,Paid Search
S03768,U00487,2026-02-06T09:03:21Z,Mobile,Social
S03769,U04640,2026-03-04T10:07:15Z,Mobile,Email
S03770,U03175,2026-02-22T11:26:08Z,Tablet,Paid Search
S03771,U03094,2026-01-25T13:04:44Z,Mobile,Paid Search
S03772,U03050,2026-01-17T08:10:19Z,Desktop,Organic
S03773,U04249,2026-01-14T06:42:56Z,Mobile,Social
S03774,U07062,2026-01-14T18:48:29Z,Desktop,Organic
S03775,U02408,2026-01-28T21:05:05Z,Mobile,Paid Search
S03776,U03127,2026-03-04T23:06:55Z,Desktop,Paid Search
S03777,U05010,2026-02-23T03:01:05Z,Mobile,Paid Search
S03778,U01312,2026-02-06T11:01:21Z,Mobile,Organic
S03779,U06852,2026-02-03T20:13:07Z,Mobile,Paid Search
S03780,U01250,2026-01-10T04:00:01Z,Desktop,Organic
S03781,U02037,2026-01-16T09:35:46Z,Desktop,Paid Search
S03782,U06807,2026-01-12T18:15:14Z,Mobile,Social
S03783,U03100,2026-03-20T04:33:29Z,Desktop,Social
S03784,U03983,2026-03-28T21:49:04Z,Mobile,Organic
S03785,U02145,2026-01-28T10:32:20Z,Mobile,Organic
S03786,U02801,2026-03-13T23:03:52Z,Mobile,Organic
S03787,U03645,2026-03-31T08:25:37Z,Mobile,Paid Search
S03788,U04116,2026-03-27T00:04:51Z,Mobile,Paid Search
S03789,U03713,2026-02-05T01:44:20Z,Desktop,Email
S03790,U00857,2026-02-28T19:10:18Z,Mobile,Organic
S03791,U06264,2026-02-19T09:53:40Z,Mobile,Organic
S03792,U05945,2026-03-02T21:49:56Z,Mobile,Organic
S03793,U01882,2026-03-20T19:07:27Z,Mobile,Paid Search
S03794,U05162,2026-02-20T22:23:12Z,Mobile,Organic
S03795,U07766,2026-01-09T20:15:44Z,Mobile,Paid Search
S03796,U03327,2026-01-05T02:57:24Z,Mobile,Paid Search
S03797,U03183,2026-01-13T06:02:04Z,Mobile,Paid Search
S03798,U04269,2026-01-03T02:14:12Z,Mobile,Organic
S03799,U00569,2026-03-08T21:30:55Z,Mobile,Organic
S03800,U03984,2026-02-28T17:03:31Z,Mobile,Organic
S03801,U04879,2026-01-29T17:29:36Z,Mobile,Email
S03802,U07250,2026-01-05T16:10:15Z,Mobile,Organic
S03803,U00194,2026-02-24T01:53:45Z,Tablet,Organic
S03804,U04252,2026-02-05T08:16:52Z,Mobile,Social
S03805,U04650,2026-03-31T12:28:04Z,Mobile,Organic
S03806,U02951,2026-03-03T00:57:55Z,Desktop,Social
S03807,U04781,2026-01-08T11:19:38Z,Desktop,Social
S03808,U07842,2026-02-14T07:48:27Z,Desktop,Social
S03809,U01774,2026-03-03T16:36:56Z,Mobile,Email
S03810,U04150,2026-02-08T15:34:02Z,Desktop,Organic
S03811,U03082,2026-01-26T20:23:40Z,Desktop,Social
S03812,U03926,2026-03-26T08:52:09Z,Desktop,Organic
S03813,U07581,2026-03-26T03:22:02Z,Mobile,Organic
S03814,U06268,2026-02-05T20:59:23Z,Mobile,Organic
S03815,U05252,2026-01-05T15:40:16Z,Mobile,Paid Search
S03816,U00995,2026-03-01T22:07:09Z,Mobile,Social
S03817,U06715,2026-02-17T09:34:28Z,Mobile,Paid Search
S03818,U02685,2026-01-14T10:46:33Z,Desktop,Paid Search
S03819,U01084,2026-01-30T21:49:11Z,Desktop,Organic
S03820,U01237,2026-02-20T14:28:25Z,Tablet,Paid Search
S03821,U01423,2026-03-25T01:59:37Z,Mobile,Paid Search
S03822,U00605,2026-01-15T02:00:59Z,Mobile,Organic
S03823,U06120,2026-03-13T09:23:26Z,Desktop,Email
S03824,U01147,2026-01-01T01:42:24Z,Desktop,Paid Search
S03825,U06261,2026-02-08T13:40:13Z,Desktop,Paid Search
S03826,U00603,2026-03-03T04:39:18Z,Mobile,Email
S03827,U03381,2026-03-05T16:58:26Z,Desktop,Organic
S03828,U01135,2026-02-16T11:32:31Z,Desktop,Organic
S03829,U03365,2026-03-09T19:54:49Z,Mobile,Organic
S03830,U05228,2026-02-20T10:27:53Z,Mobile,Paid Search
S03831,U05655,2026-01-20T06:54:09Z,Mobile,Social
S03832,U00123,2026-01-09T15:04:01Z,Desktop,Paid Search
S03833,U05842,2026-01-19T08:12:14Z,Desktop,Social
S03834,U07255,2026-02-13T05:05:38Z,Desktop,Paid Search
S03835,U07276,2026-02-21T16:32:14Z,Desktop,Organic
S03836,U01356,2026-03-19T22:44:29Z,Mobile,Social
S03837,U02108,2026-02-10T06:44:09Z,Desktop,Paid Search
S03838,U03564,2026-03-22T15:37:36Z,Desktop,Social
S03839,U06889,2026-01-04T11:40:05Z,Mobile,Paid Search
S03840,U05723,2026-03-26T02:01:52Z,Desktop,Email
S03841,U01407,2026-03-03T19:19:12Z,Mobile,Paid Search
S03842,U05978,2026-03-15T03:34:00Z,Desktop,Organic
S03843,U05935,2026-03-01T06:07:39Z,Mobile,Organic
S03844,U04168,2026-02-20T00:49:07Z,Mobile,Organic
S03845,U04829,2026-01-23T22:39:50Z,Mobile,Social
S03846,U01603,2026-01-30T16:34:46Z,Tablet,Social
S03847,U07879,2026-03-16T11:29:58Z,Desktop,Organic
S03848,U03488,2026-02-20T16:36:15Z,Mobile,Social
S03849,U01314,2026-03-25T16:51:28Z,Desktop,Organic
S03850,U00263,2026-03-11T01:33:51Z,Mobile,Email
S03851,U04577,2026-03-15T06:02:54Z,Desktop,Email
S03852,U01661,2026-01-06T17:10:27Z,Desktop,Paid Search
S03853,U02859,2026-02-24T12:51:27Z,Desktop,Organic
S03854,U04509,2026-01-01T02:19:55Z,Desktop,Social
S03855,U04015,2026-03-28T02:31:30Z,Mobile,Social
S03856,U05118,2026-01-27T22:54:34Z,Mobile,Organic
S03857,U00160,2026-02-11T12:52:11Z,Mobile,Social
S03858,U04406,2026-01-05T18:41:15Z,Mobile,Organic
S03859,U05654,2026-01-17T04:41:24Z,Mobile,Organic
S03860,U01258,2026-02-27T04:54:07Z,Mobile,Organic
S03861,U05486,2026-03-09T08:24:26Z,Mobile,Email
S03862,U06610,2026-03-23T09:59:59Z,Mobile,Paid Search
S03863,U07082,2026-03-15T05:09:12Z,Desktop,Paid Search
S03864,U03493,2026-01-29T04:30:48Z,Mobile,Social
S03865,U00012,2026-03-28T11:07:28Z,Mobile,Organic
S03866,U02162,2026-01-09T00:41:12Z,Mobile,Paid Search
S03867,U03336,2026-01-13T11:59:08Z,Desktop,Organic
S03868,U02423,2026-03-30T06:11:16Z,Mobile,Paid Search
S03869,U01001,2026-02-23T03:35:38Z,Desktop,Social
S03870,U01091,2026-02-17T05:49:04Z,Desktop,Social
S03871,U03736,2026-02-11T18:19:17Z,Desktop,Organic
S03872,U07688,2026-01-08T11:08:36Z,Mobile,Paid Search
S03873,U06360,2026-01-06T03:52:40Z,Mobile,Email
S03874,U01452,2026-03-01T16:12:49Z,Desktop,Paid Search
S03875,U05790,2026-02-15T19:25:46Z,Desktop,Paid Search
S03876,U06548,2026-03-02T04:17:11Z,Desktop,Paid Search
S03877,U01804,2026-02-09T04:46:42Z,Mobile,Email
S03878,U02671,2026-02-07T13:16:11Z,Mobile,Organic
S03879,U04063,2026-02-15T20:31:03Z,Mobile,Organic
S03880,U06215,2026-03-17T19:57:40Z,Mobile,Social
S03881,U00853,2026-02-26T09:06:22Z,Mobile,Social
S03882,U00320,2026-02-15T19:19:07Z,Mobile,Email
S03883,U01651,2026-03-26T06:06:45Z,Mobile,Social
S03884,U02231,2026-02-18T02:12:47Z,Mobile,Paid Search
S03885,U02301,2026-01-30T00:15:21Z,Desktop,Email
S03886,U04730,2026-02-01T20:50:05Z,Desktop,Paid Search
S03887,U07611,2026-03-18T04:36:39Z,Mobile,Paid Search
S03888,U04432,2026-01-29T07:41:28Z,Mobile,Paid Search
S03889,U02995,2026-03-28T12:50:37Z,Desktop,Organic
S03890,U00860,2026-03-13T22:22:59Z,Mobile,Paid Search
S03891,U05831,2026-03-15T17:01:04Z,Mobile,Organic
S03892,U04067,2026-03-14T00:18:41Z,Desktop,Paid Search
S03893,U05604,2026-03-20T10:49:13Z,Desktop,Organic
S03894,U00904,2026-03-26T09:11:55Z,Desktop,Organic
S03895,U01396,2026-01-06T16:27:11Z,Mobile,Email
S03896,U06557,2026-03-14T03:58:23Z,Desktop,Organic
S03897,U01715,2026-02-01T12:24:40Z,Mobile,Email
S03898,U07064,2026-03-08T11:59:33Z,Tablet,Paid Search
S03899,U07005,2026-03-19T20:50:12Z,Tablet,Paid Search
S03900,U06533,2026-03-28T18:05:26Z,Mobile,Social
S03901,U04005,2026-02-09T07:56:24Z,Tablet,Social
S03902,U05489,2026-03-30T07:39:52Z,Mobile,Paid Search
S03903,U07045,2026-02-19T03:25:10Z,Desktop,Social
S03904,U02635,2026-01-20T06:56:41Z,Mobile,Social
S03905,U07815,2026-02-22T21:10:37Z,Mobile,Organic
S03906,U07617,2026-01-29T03:10:03Z,Desktop,Email
S03907,U02569,2026-02-20T11:28:15Z,Mobile,Paid Search
S03908,U05653,2026-02-06T22:41:06Z,Mobile,Organic
S03909,U03473,2026-02-01T09:45:06Z,Mobile,Organic
S03910,U02572,2026-02-12T01:12:55Z,Mobile,Social
S03911,U03853,2026-01-06T05:25:03Z,Mobile,Paid Search
S03912,U04618,2026-02-09T09:39:55Z,Desktop,Social
S03913,U07596,2026-01-15T05:49:46Z,Mobile,Paid Search
S03914,U00117,2026-01-19T17:23:21Z,Desktop,Social
S03915,U07423,2026-02-11T01:04:48Z,Mobile,Paid Search
S03916,U02988,2026-03-11T08:37:25Z,Desktop,Paid Search
S03917,U02103,2026-03-30T12:50:29Z,Mobile,Organic
S03918,U03342,2026-02-13T21:08:24Z,Mobile,Organic
S03919,U06571,2026-03-05T18:08:48Z,Mobile,Paid Search
S03920,U00290,2026-03-18T02:14:49Z,Mobile,Social
S03921,U06715,2026-02-01T14:34:29Z,Mobile,Social
S03922,U01506,2026-02-24T20:29:28Z,Mobile,Email
S03923,U04961,2026-02-13T00:51:02Z,Mobile,Paid Search
S03924,U02792,2026-03-01T00:51:53Z,Desktop,Organic
S03925,U00939,2026-02-25T21:48:49Z,Mobile,Organic
S03926,U04819,2026-01-25T08:39:11Z,Desktop,Social
S03927,U06416,2026-01-10T21:42:34Z,Mobile,Email
S03928,U01191,2026-01-06T02:01:34Z,Desktop,Organic
S03929,U02344,2026-02-05T06:37:12Z,Mobile,Organic
S03930,U07297,2026-03-11T19:29:42Z,Desktop,Social
S03931,U07386,2026-01-22T15:20:32Z,Tablet,Paid Search
S03932,U07218,2026-02-16T18:19:24Z,Mobile,Organic
S03933,U07511,2026-02-03T16:01:06Z,Mobile,Paid Search
S03934,U04507,2026-02-13T06:26:24Z,Mobile,Organic
S03935,U06640,2026-03-12T19:31:39Z,Mobile,Paid Search
S03936,U04211,2026-01-07T15:48:02Z,Mobile,Email
S03937,U00503,2026-01-20T19:52:13Z,Mobile,Paid Search
S03938,U03286,2026-01-18T18:39:53Z,Desktop,Organic
S03939,U02799,2026-02-18T09:21:46Z,Mobile,Organic
S03940,U04447,2026-01-05T12:11:08Z,Mobile,Social
S03941,U04773,2026-03-15T13:23:12Z,Desktop,Organic
S03942,U03057,2026-02-03T04:51:42Z,Mobile,Paid Search
S03943,U04558,2026-01-11T21:00:02Z,Desktop,Email
S03944,U03007,2026-03-29T14:34:39Z,Mobile,Social
S03945,U02335,2026-01-14T01:59:44Z,Mobile,Organic
S03946,U03712,2026-03-16T13:34:48Z,Desktop,Paid Search
S03947,U00552,2026-02-22T03:01:50Z,Desktop,Organic
S03948,U04549,2026-01-07T17:04:30Z,Mobile,Organic
S03949,U02851,2026-01-04T06:25:48Z,Mobile,Organic
S03950,U01439,2026-03-29T22:49:05Z,Mobile,Social
S03951,U07410,2026-01-23T22:34:38Z,Desktop,Paid Search
S03952,U07046,2026-03-24T16:46:26Z,Desktop,Social
S03953,U04875,2026-03-23T08:22:35Z,Desktop,Paid Search
S03954,U02839,2026-02-27T11:15:31Z,Mobile,Social
S03955,U02305,2026-03-20T09:23:25Z,Desktop,Organic
S03956,U01538,2026-03-29T13:20:23Z,Mobile,Social
S03957,U04698,2026-02-26T15:25:41Z,Desktop,Paid Search
S03958,U06092,2026-03-29T22:08:01Z,Mobile,Paid Search
S03959,U00725,2026-01-01T19:18:13Z,Mobile,Paid Search
S03960,U02976,2026-02-28T10:57:56Z,Mobile,Organic
S03961,U05016,2026-03-08T18:32:13Z,Mobile,Organic
S03962,U05057,2026-02-26T09:18:07Z,Mobile,Organic
S03963,U07888,2026-01-14T03:32:16Z,Desktop,Organic
S03964,U05550,2026-03-30T02:34:42Z,Tablet,Organic
S03965,U00626,2026-03-27T11:42:20Z,Mobile,Social
S03966,U05925,2026-03-06T07:37:58Z,Mobile,Social
S03967,U01280,2026-03-10T00:18:09Z,Desktop,Organic
S03968,U04706,2026-02-12T10:47:43Z,Mobile,Organic
S03969,U00527,2026-03-12T03:42:46Z,Desktop,Organic
S03970,U05971,2026-02-06T17:07:46Z,Tablet,Organic
S03971,U06508,2026-03-03T19:56:20Z,Desktop,Social
S03972,U04089,2026-01-11T09:32:53Z,Mobile,Paid Search
S03973,U03472,2026-02-14T05:14:41Z,Desktop,Social
S03974,U04439,2026-03-06T18:52:36Z,Desktop,Paid Search
S03975,U07521,2026-02-07T02:31:19Z,Mobile,Organic
S03976,U00027,2026-03-16T07:45:22Z,Mobile,Social
S03977,U05721,2026-03-31T16:31:04Z,Mobile,Email
S03978,U01986,2026-03-09T10:25:31Z,Desktop,Paid Search
S03979,U01115,2026-01-09T13:06:44Z,Mobile,Social
S03980,U05025,2026-01-08T16:56:32Z,Mobile,Paid Search
S03981,U01070,2026-01-30T03:43:07Z,Mobile,Organic
S03982,U05315,2026-01-23T17:54:55Z,Mobile,Paid Search
S03983,U06607,2026-02-15T15:13:56Z,Mobile,Organic
S03984,U06537,2026-01-24T20:18:05Z,Desktop,Paid Search
S03985,U02715,2026-02-10T10:52:45Z,Mobile,Social
S03986,U07686,2026-03-12T19:00:52Z,Mobile,Organic
S03987,U07581,2026-03-11T13:52:48Z,Mobile,Organic
S03988,U04109,2026-03-19T19:09:00Z,Desktop,Organic
S03989,U00295,2026-03-30T19:23:30Z,Tablet,Paid Search
S03990,U03771,2026-01-22T22:27:37Z,Mobile,Social
S03991,U02401,2026-01-27T15:45:00Z,Desktop,Paid Search
S03992,U04437,2026-03-03T19:50:52Z,Mobile,Paid Search
S03993,U03958,2026-02-01T05:26:40Z,Mobile,Email
S03994,U01491,2026-02-26T02:54:44Z,Tablet,Organic
S03995,U06180,2026-02-04T23:13:08Z,Desktop,Social
S03996,U03484,2026-03-23T13:24:31Z,Mobile,Organic
S03997,U00499,2026-03-09T12:58:40Z,Desktop,Paid Search
S03998,U01037,2026-03-01T08:01:57Z,Desktop,Social
S03999,U02086,2026-02-27T00:49:28Z,Mobile,Organic
S04000,U07311,2026-03-31T08:07:00Z,Tablet,Social
S04001,U03905,2026-02-28T01:24:29Z,Mobile,Organic
S04002,U05224,2026-03-10T02:31:03Z,Mobile,Paid Search
S04003,U04323,2026-02-06T14:33:13Z,Desktop,Paid Search
S04004,U05499,2026-01-02T10:48:51Z,Tablet,Organic
S04005,U01536,2026-02-03T15:42:02Z,Mobile,Organic
S04006,U04460,2026-03-21T02:34:07Z,Tablet,Organic
S04007,U03468,2026-03-30T15:56:10Z,Mobile,Social
S04008,U06884,2026-01-31T22:23:24Z,Mobile,Organic
S04009,U05212,2026-02-23T09:59:50Z,Mobile,Paid Search
S04010,U04087,2026-01-04T04:16:18Z,Mobile,Email
S04011,U00621,2026-01-07T11:40:04Z,Desktop,Paid Search
S04012,U06621,2026-02-16T07:57:13Z,Mobile,Organic
S04013,U04191,2026-01-17T23:09:07Z,Desktop,Paid Search
S04014,U03535,2026-01-10T11:36:21Z,Desktop,Paid Search
S04015,U04656,2026-03-16T10:46:13Z,Mobile,Paid Search
S04016,U05313,2026-02-17T00:55:31Z,Desktop,Organic
S04017,U04211,2026-03-14T22:59:37Z,Mobile,Organic
S04018,U05650,2026-03-13T08:09:53Z,Desktop,Email
S04019,U06338,2026-01-19T02:14:47Z,Desktop,Social
S04020,U04026,2026-01-24T03:22:08Z,Mobile,Email
S04021,U05104,2026-01-06T04:56:01Z,Mobile,Paid Search
S04022,U04481,2026-03-01T07:22:19Z,Mobile,Social
S04023,U04774,2026-02-06T10:24:11Z,Mobile,Social
S04024,U05870,2026-01-03T20:58:01Z,Mobile,Organic
S04025,U04776,2026-02-16T05:59:56Z,Mobile,Paid Search
S04026,U04536,2026-01-20T11:49:47Z,Mobile,Organic
S04027,U07891,2026-01-12T04:08:42Z,Mobile,Organic
S04028,U03875,2026-01-30T09:32:19Z,Desktop,Social
S04029,U03783,2026-03-29T22:41:51Z,Mobile,Organic
S04030,U01670,2026-01-22T22:32:45Z,Mobile,Social
S04031,U04556,2026-01-21T22:30:11Z,Mobile,Paid Search
S04032,U02953,2026-03-16T13:49:47Z,Desktop,Organic
S04033,U01263,2026-01-14T20:57:40Z,Desktop,Organic
S04034,U01913,2026-03-31T07:31:58Z,Mobile,Email
S04035,U07031,2026-03-31T02:31:10Z,Desktop,Organic
S04036,U06249,2026-01-12T22:30:52Z,Mobile,Paid Search
S04037,U04854,2026-01-03T09:03:58Z,Mobile,Social
S04038,U03202,2026-01-10T09:19:27Z,Desktop,Paid Search
S04039,U01246,2026-01-20T13:02:17Z,Desktop,Social
S04040,U05425,2026-01-27T04:17:03Z,Mobile,Social
S04041,U06098,2026-01-10T03:22:46Z,Desktop,Social
S04042,U03601,2026-01-08T11:29:07Z,Desktop,Social
S04043,U03106,2026-01-04T06:50:36Z,Desktop,Paid Search
S04044,U00187,2026-01-27T02:12:00Z,Mobile,Social
S04045,U03254,2026-02-21T21:44:35Z,Desktop,Email
S04046,U00240,2026-01-18T09:01:22Z,Mobile,Paid Search
S04047,U00539,2026-01-02T00:57:43Z,Mobile,Social
S04048,U06918,2026-01-26T09:05:21Z,Mobile,Organic
S04049,U04311,2026-02-07T10:23:16Z,Desktop,Paid Search
S04050,U00043,2026-01-22T08:51:43Z,Mobile,Paid Search
S04051,U02663,2026-03-05T06:47:25Z,Mobile,Social
S04052,U02767,2026-03-30T05:08:50Z,Desktop,Paid Search
S04053,U05081,2026-02-15T11:31:06Z,Tablet,Organic
S04054,U07532,2026-03-15T15:19:19Z,Desktop,Email
S04055,U01690,2026-01-31T15:35:46Z,Mobile,Paid Search
S04056,U00267,2026-01-25T05:17:33Z,Tablet,Paid Search
S04057,U07362,2026-02-26T13:15:22Z,Mobile,Paid Search
S04058,U02178,2026-03-08T15:40:56Z,Desktop,Email
S04059,U03747,2026-01-12T04:44:34Z,Mobile,Organic
S04060,U04206,2026-03-03T14:33:01Z,Mobile,Organic
S04061,U00596,2026-02-09T07:47:52Z,Desktop,Social
S04062,U03275,2026-02-18T02:46:18Z,Mobile,Paid Search
S04063,U02209,2026-01-03T12:07:06Z,Mobile,Social
S04064,U04150,2026-01-23T14:29:57Z,Mobile,Organic
S04065,U06611,2026-01-30T18:11:53Z,Mobile,Email
S04066,U02769,2026-03-28T09:55:42Z,Desktop,Organic
S04067,U01892,2026-02-15T14:56:15Z,Desktop,Organic
S04068,U01128,2026-01-12T03:22:32Z,Desktop,Paid Search
S04069,U02188,2026-03-08T13:42:16Z,Desktop,Paid Search
S04070,U04384,2026-02-26T07:33:38Z,Mobile,Paid Search
S04071,U04797,2026-02-11T22:58:23Z,Mobile,Email
S04072,U07430,2026-03-19T20:53:01Z,Mobile,Social
S04073,U02064,2026-01-03T08:45:29Z,Mobile,Paid Search
S04074,U01415,2026-03-02T16:52:18Z,Mobile,Social
S04075,U07179,2026-03-15T12:02:28Z,Desktop,Paid Search
S04076,U03172,2026-03-18T12:56:22Z,Mobile,Paid Search
S04077,U02898,2026-03-31T17:19:47Z,Desktop,Social
S04078,U07924,2026-01-17T17:16:53Z,Mobile,Paid Search
S04079,U04752,2026-01-09T16:16:06Z,Mobile,Organic
S04080,U00963,2026-02-10T21:18:07Z,Mobile,Organic
S04081,U02282,2026-01-28T20:03:14Z,Mobile,Organic
S04082,U07828,2026-03-07T22:03:54Z,Mobile,Organic
S04083,U05213,2026-01-14T04:34:02Z,Desktop,Paid Search
S04084,U06375,2026-01-10T08:42:59Z,Mobile,Organic
S04085,U07545,2026-03-14T10:59:09Z,Mobile,Organic
S04086,U07288,2026-01-23T22:46:27Z,Desktop,Paid Search
S04087,U07267,2026-02-10T12:45:54Z,Desktop,Social
S04088,U05526,2026-03-11T07:21:15Z,Desktop,Paid Search
S04089,U05403,2026-02-21T17:54:39Z,Mobile,Paid Search
S04090,U05825,2026-02-11T13:46:32Z,Mobile,Paid Search
S04091,U00531,2026-03-13T04:43:45Z,Desktop,Social
S04092,U04871,2026-03-01T01:21:57Z,Desktop,Paid Search
S04093,U00624,2026-03-15T04:23:56Z,Mobile,Paid Search
S04094,U01976,2026-01-11T03:45:09Z,Tablet,Social
S04095,U07523,2026-02-08T06:16:44Z,Desktop,Organic
S04096,U04072,2026-03-25T12:15:03Z,Tablet,Organic
S04097,U06872,2026-03-27T17:34:48Z,Tablet,Paid Search
S04098,U04592,2026-03-05T16:41:35Z,Mobile,Paid Search
S04099,U07631,2026-03-22T05:21:11Z,Mobile,Organic
S04100,U01360,2026-03-13T01:07:16Z,Mobile,Organic
S04101,U05964,2026-01-08T22:22:24Z,Mobile,Paid Search
S04102,U05297,2026-01-27T19:59:59Z,Tablet,Social
S04103,U06761,2026-02-28T02:18:00Z,Mobile,Paid Search
S04104,U03870,2026-01-01T00:30:18Z,Mobile,Email
S04105,U04262,2026-01-03T16:16:31Z,Mobile,Organic
S04106,U07529,2026-03-09T22:59:33Z,Mobile,Social
S04107,U06559,2026-02-25T21:07:07Z,Mobile,Organic
S04108,U01922,2026-01-05T20:46:34Z,Tablet,Social
S04109,U03607,2026-03-28T15:50:41Z,Mobile,Organic
S04110,U06984,2026-03-29T06:24:28Z,Desktop,Organic
S04111,U03499,2026-02-04T12:23:25Z,Mobile,Paid Search
S04112,U03660,2026-01-12T21:46:31Z,Mobile,Paid Search
S04113,U07038,2026-02-04T18:08:47Z,Mobile,Paid Search
S04114,U06184,2026-01-06T07:03:25Z,Mobile,Social
S04115,U00478,2026-01-23T14:27:42Z,Desktop,Email
S04116,U07803,2026-02-02T12:34:20Z,Mobile,Email
S04117,U03122,2026-03-01T09:23:24Z,Desktop,Organic
S04118,U03275,2026-02-13T05:20:20Z,Desktop,Organic
S04119,U01640,2026-02-17T04:26:53Z,Mobile,Social
S04120,U06868,2026-01-04T02:15:06Z,Desktop,Paid Search
S04121,U01115,2026-02-21T14:51:42Z,Desktop,Organic
S04122,U04257,2026-03-31T14:34:21Z,Mobile,Email
S04123,U06152,2026-01-29T18:06:21Z,Desktop,Organic
S04124,U02558,2026-03-31T01:56:13Z,Mobile,Social
S04125,U06642,2026-01-26T04:30:25Z,Desktop,Paid Search
S04126,U01796,2026-03-12T22:47:22Z,Desktop,Organic
S04127,U05551,2026-03-24T22:48:10Z,Mobile,Email
S04128,U05144,2026-02-19T19:40:25Z,Mobile,Email
S04129,U01181,2026-02-15T11:11:00Z,Mobile,Social
S04130,U03565,2026-03-11T08:05:57Z,Mobile,Social
S04131,U07878,2026-03-09T13:12:14Z,Desktop,Organic
S04132,U00658,2026-03-28T18:51:19Z,Desktop,Social
S04133,U06385,2026-03-28T15:18:49Z,Tablet,Social
S04134,U00302,2026-03-25T19:04:42Z,Mobile,Social
S04135,U04781,2026-03-15T19:21:56Z,Mobile,Organic
S04136,U04637,2026-02-18T06:08:57Z,Mobile,Organic
S04137,U03397,2026-01-31T16:05:03Z,Mobile,Paid Search
S04138,U02625,2026-02-06T00:15:46Z,Mobile,Paid Search
S04139,U05349,2026-02-06T15:06:03Z,Mobile,Social
S04140,U06049,2026-03-07T17:51:43Z,Mobile,Organic
S04141,U07701,2026-01-03T05:19:58Z,Desktop,Email
S04142,U07522,2026-01-24T06:11:23Z,Desktop,Organic
S04143,U06529,2026-03-18T02:22:40Z,Mobile,Paid Search
S04144,U06189,2026-01-27T05:36:58Z,Mobile,Organic
S04145,U05031,2026-03-22T07:11:53Z,Desktop,Paid Search
S04146,U07525,2026-03-20T00:50:42Z,Mobile,Paid Search
S04147,U06155,2026-03-23T20:21:39Z,Mobile,Organic
S04148,U02089,2026-02-23T15:50:59Z,Tablet,Social
S04149,U07227,2026-01-28T08:30:45Z,Mobile,Social
S04150,U07324,2026-01-12T20:08:19Z,Mobile,Paid Search
S04151,U01937,2026-03-17T19:14:53Z,Desktop,Paid Search
S04152,U04967,2026-02-05T08:56:19Z,Desktop,Paid Search
S04153,U03237,2026-03-07T11:36:40Z,Desktop,Paid Search
S04154,U02443,2026-03-19T23:17:37Z,Mobile,Email
S04155,U04133,2026-01-14T12:56:58Z,Mobile,Social
S04156,U05095,2026-01-06T07:37:49Z,Mobile,Organic
S04157,U01004,2026-02-05T16:43:54Z,Mobile,Email
S04158,U04516,2026-03-29T14:44:52Z,Desktop,Email
S04159,U00364,2026-03-31T02:33:12Z,Desktop,Email
S04160,U04224,2026-02-23T14:36:12Z,Mobile,Social
S04161,U03948,2026-01-04T06:05:34Z,Mobile,Social
S04162,U03071,2026-03-01T03:26:49Z,Tablet,Organic
S04163,U06314,2026-03-25T03:17:57Z,Mobile,Paid Search
S04164,U00990,2026-03-22T13:36:18Z,Mobile,Paid Search
S04165,U05260,2026-03-05T02:47:46Z,Mobile,Paid Search
S04166,U06961,2026-01-27T05:55:56Z,Desktop,Email
S04167,U02892,2026-01-18T02:42:08Z,Desktop,Organic
S04168,U07610,2026-01-28T17:24:12Z,Desktop,Organic
S04169,U04432,2026-02-14T14:01:49Z,Mobile,Paid Search
S04170,U03182,2026-01-17T01:11:42Z,Desktop,Email
S04171,U00903,2026-02-24T11:34:41Z,Mobile,Organic
S04172,U06390,2026-03-27T04:47:50Z,Desktop,Social
S04173,U04782,2026-01-29T07:07:26Z,Mobile,Organic
S04174,U00488,2026-03-07T18:02:02Z,Mobile,Email
S04175,U04137,2026-02-13T21:50:47Z,Mobile,Social
S04176,U03315,2026-03-16T14:05:12Z,Desktop,Paid Search
S04177,U00730,2026-01-07T10:29:35Z,Mobile,Organic
S04178,U02246,2026-02-24T00:12:51Z,Mobile,Paid Search
S04179,U06121,2026-03-30T20:16:20Z,Desktop,Organic
S04180,U05668,2026-02-22T01:32:50Z,Desktop,Social
S04181,U04637,2026-02-04T15:28:06Z,Mobile,Organic
S04182,U06961,2026-01-04T14:42:25Z,Mobile,Social
S04183,U07739,2026-03-06T01:15:52Z,Mobile,Organic
S04184,U04476,2026-03-18T20:17:52Z,Mobile,Paid Search
S04185,U01161,2026-02-14T20:48:27Z,Desktop,Paid Search
S04186,U06947,2026-03-25T16:07:53Z,Desktop,Organic
S04187,U07194,2026-02-28T14:47:26Z,Desktop,Paid Search
S04188,U05835,2026-02-21T04:29:42Z,Mobile,Organic
S04189,U06298,2026-01-11T04:24:14Z,Desktop,Paid Search
S04190,U04889,2026-02-21T15:51:06Z,Mobile,Organic
S04191,U06440,2026-02-21T19:57:58Z,Mobile,Paid Search
S04192,U04077,2026-01-16T14:24:42Z,Mobile,Organic
S04193,U02982,2026-03-29T10:45:12Z,Mobile,Organic
S04194,U01209,2026-03-05T04:48:39Z,Mobile,Social
S04195,U06857,2026-02-19T01:13:56Z,Mobile,Organic
S04196,U00464,2026-02-27T06:32:40Z,Mobile,Email
S04197,U05890,2026-01-30T12:01:53Z,Mobile,Organic
S04198,U05110,2026-02-22T00:36:23Z,Mobile,Email
S04199,U01854,2026-03-16T09:51:43Z,Desktop,Social
S04200,U00254,2026-02-05T23:19:34Z,Desktop,Organic
S04201,U07430,2026-03-10T17:40:32Z,Mobile,Organic
S04202,U04848,2026-01-26T23:07:33Z,Mobile,Social
S04203,U07602,2026-01-20T11:03:31Z,Mobile,Organic
S04204,U00127,2026-03-29T18:49:30Z,Mobile,Organic
S04205,U01333,2026-03-29T20:38:19Z,Mobile,Social
S04206,U06599,2026-02-14T16:51:47Z,Mobile,Paid Search
S04207,U06360,2026-02-16T18:20:51Z,Mobile,Email
S04208,U02462,2026-02-14T04:38:31Z,Mobile,Social
S04209,U01051,2026-01-20T11:27:10Z,Mobile,Social
S04210,U06204,2026-01-09T16:57:51Z,Tablet,Social
S04211,U06032,2026-02-01T09:09:59Z,Mobile,Organic
S04212,U03874,2026-01-21T00:15:32Z,Tablet,Paid Search
S04213,U02452,2026-03-10T04:40:43Z,Mobile,Email
S04214,U01701,2026-03-27T04:42:38Z,Mobile,Paid Search
S04215,U03043,2026-02-19T20:13:23Z,Mobile,Organic
S04216,U00283,2026-01-18T14:25:21Z,Mobile,Social
S04217,U00032,2026-01-11T09:21:15Z,Desktop,Organic
S04218,U03780,2026-03-18T13:54:23Z,Desktop,Paid Search
S04219,U02969,2026-03-03T03:31:12Z,Desktop,Social
S04220,U05041,2026-03-16T16:25:03Z,Mobile,Paid Search
S04221,U04913,2026-03-23T11:00:55Z,Mobile,Organic
S04222,U04289,2026-03-12T15:02:59Z,Desktop,Social
S04223,U01258,2026-01-07T04:45:48Z,Mobile,Paid Search
S04224,U04779,2026-01-29T18:44:58Z,Mobile,Email
S04225,U01877,2026-01-27T07:48:20Z,Mobile,Organic
S04226,U03597,2026-02-11T09:36:48Z,Mobile,Email
S04227,U02537,2026-03-09T07:56:58Z,Desktop,Paid Search
S04228,U01328,2026-01-01T16:21:28Z,Mobile,Social
S04229,U06451,2026-03-12T05:37:50Z,Mobile,Email
S04230,U01352,2026-01-28T18:19:47Z,Mobile,Email
S04231,U04905,2026-01-18T15:32:03Z,Mobile,Social
S04232,U01361,2026-02-16T21:20:38Z,Tablet,Paid Search
S04233,U02887,2026-02-21T14:27:27Z,Mobile,Organic
S04234,U02168,2026-01-13T06:36:56Z,Mobile,Social
S04235,U00922,2026-02-05T21:03:16Z,Desktop,Paid Search
S04236,U02880,2026-03-26T11:15:38Z,Tablet,Social
S04237,U06203,2026-01-31T17:01:40Z,Mobile,Organic
S04238,U00777,2026-01-29T13:41:57Z,Mobile,Email
S04239,U06720,2026-03-16T12:43:44Z,Desktop,Social
S04240,U04094,2026-03-15T09:23:37Z,Mobile,Paid Search
S04241,U02757,2026-01-27T14:55:54Z,Mobile,Social
S04242,U03000,2026-03-01T15:34:15Z,Mobile,Paid Search
S04243,U00732,2026-02-24T02:37:04Z,Mobile,Social
S04244,U01068,2026-02-08T06:31:22Z,Mobile,Paid Search
S04245,U07094,2026-03-28T17:50:26Z,Desktop,Organic
S04246,U05067,2026-01-24T07:14:18Z,Mobile,Organic
S04247,U02049,2026-01-13T13:59:53Z,Desktop,Email
S04248,U06560,2026-03-19T00:40:31Z,Mobile,Paid Search
S04249,U00220,2026-02-13T17:31:12Z,Mobile,Social
S04250,U01487,2026-02-18T16:48:47Z,Desktop,Paid Search
S04251,U06240,2026-03-16T14:21:35Z,Mobile,Social
S04252,U03170,2026-01-29T06:18:54Z,Mobile,Paid Search
S04253,U05445,2026-02-04T13:13:08Z,Desktop,Paid Search
S04254,U05064,2026-03-24T13:15:14Z,Mobile,Social
S04255,U05068,2026-01-16T04:12:36Z,Desktop,Organic
S04256,U06964,2026-01-27T22:46:05Z,Desktop,Social
S04257,U07107,2026-02-13T14:47:34Z,Mobile,Social
S04258,U05518,2026-01-09T01:16:18Z,Desktop,Paid Search
S04259,U06799,2026-03-06T13:46:51Z,Tablet,Paid Search
S04260,U07503,2026-03-17T10:40:49Z,Desktop,Email
S04261,U02873,2026-03-05T15:26:53Z,Desktop,Social
S04262,U05072,2026-03-08T16:10:54Z,Desktop,Paid Search
S04263,U06629,2026-02-26T02:51:03Z,Mobile,Social
S04264,U05307,2026-02-05T16:08:31Z,Desktop,Social
S04265,U00046,2026-01-31T16:07:03Z,Mobile,Paid Search
S04266,U05257,2026-03-09T22:15:03Z,Mobile,Social
S04267,U04539,2026-01-31T16:03:13Z,Desktop,Organic
S04268,U04359,2026-01-05T17:33:01Z,Mobile,Paid Search
S04269,U00991,2026-02-21T21:07:47Z,Mobile,Social
S04270,U06397,2026-03-09T01:33:42Z,Desktop,Organic
S04271,U07209,2026-01-08T10:00:23Z,Mobile,Organic
S04272,U06047,2026-02-02T01:04:02Z,Mobile,Organic
S04273,U03703,2026-02-22T13:08:32Z,Mobile,Social
S04274,U06461,2026-03-01T10:14:08Z,Desktop,Organic
S04275,U06970,2026-02-20T15:43:27Z,Desktop,Organic
S04276,U05074,2026-01-18T17:41:00Z,Mobile,Social
S04277,U02324,2026-01-19T01:57:16Z,Desktop,Social
S04278,U05147,2026-01-09T01:56:35Z,Desktop,Organic
S04279,U00942,2026-03-10T04:00:40Z,Desktop,Paid Search
S04280,U01761,2026-01-31T00:47:27Z,Mobile,Organic
S04281,U04327,2026-02-27T13:30:54Z,Mobile,Email
S04282,U05950,2026-02-22T01:09:15Z,Mobile,Paid Search
S04283,U06932,2026-02-25T17:07:42Z,Mobile,Organic
S04284,U01960,2026-03-11T04:21:35Z,Desktop,Paid Search
S04285,U01044,2026-02-21T03:27:12Z,Desktop,Paid Search
S04286,U07449,2026-03-28T03:43:48Z,Desktop,Email
S04287,U02740,2026-03-05T14:58:20Z,Desktop,Paid Search
S04288,U00368,2026-03-06T00:25:34Z,Mobile,Organic
S04289,U02190,2026-02-16T04:20:11Z,Desktop,Social
S04290,U02469,2026-03-09T07:27:47Z,Desktop,Social
S04291,U06298,2026-01-26T00:23:13Z,Mobile,Paid Search
S04292,U02385,2026-02-12T10:22:02Z,Desktop,Organic
S04293,U05033,2026-03-21T04:42:27Z,Mobile,Paid Search
S04294,U03195,2026-03-12T18:25:28Z,Mobile,Social
S04295,U04035,2026-02-02T08:56:44Z,Desktop,Organic
S04296,U02139,2026-02-11T22:43:31Z,Mobile,Organic
S04297,U02585,2026-01-06T20:03:17Z,Mobile,Paid Search
S04298,U07961,2026-03-17T07:51:00Z,Mobile,Email
S04299,U02804,2026-02-17T15:51:49Z,Mobile,Social
S04300,U06828,2026-01-07T04:31:18Z,Desktop,Organic
S04301,U05100,2026-01-05T04:44:42Z,Desktop,Paid Search
S04302,U02889,2026-01-22T08:57:08Z,Mobile,Email
S04303,U06581,2026-01-04T16:01:33Z,Mobile,Paid Search
S04304,U00963,2026-03-29T16:51:14Z,Mobile,Organic
S04305,U00036,2026-01-28T03:24:04Z,Mobile,Email
S04306,U07443,2026-03-30T13:59:58Z,Desktop,Organic
S04307,U00459,2026-03-30T01:11:04Z,Mobile,Email
S04308,U01782,2026-02-14T10:49:30Z,Mobile,Social
S04309,U03663,2026-02-15T16:08:45Z,Desktop,Paid Search
S04310,U06808,2026-03-17T19:07:49Z,Desktop,Organic
S04311,U03070,2026-03-23T11:55:15Z,Mobile,Social
S04312,U01539,2026-03-10T05:42:33Z,Mobile,Social
S04313,U04808,2026-01-18T15:53:44Z,Desktop,Social
S04314,U03431,2026-01-24T13:11:32Z,Mobile,Paid Search
S04315,U00337,2026-03-09T02:53:09Z,Mobile,Organic
S04316,U04111,2026-03-21T11:57:16Z,Desktop,Organic
S04317,U04199,2026-02-13T00:32:32Z,Desktop,Social
S04318,U02092,2026-02-11T01:06:31Z,Mobile,Organic
S04319,U06553,2026-02-16T12:37:18Z,Desktop,Paid Search
S04320,U00638,2026-01-27T13:24:29Z,Desktop,Paid Search
S04321,U06357,2026-03-06T04:52:57Z,Desktop,Paid Search
S04322,U03049,2026-02-27T22:50:58Z,Mobile,Paid Search
S04323,U06976,2026-01-16T04:35:40Z,Mobile,Paid Search
S04324,U00140,2026-02-01T17:34:05Z,Mobile,Paid Search
S04325,U02544,2026-02-16T21:50:22Z,Tablet,Paid Search
S04326,U05553,2026-02-03T03:50:31Z,Mobile,Organic
S04327,U01811,2026-03-04T04:16:29Z,Mobile,Paid Search
S04328,U06482,2026-02-27T15:41:22Z,Mobile,Paid Search
S04329,U02953,2026-01-20T17:52:12Z,Mobile,Paid Search
S04330,U00846,2026-02-17T04:07:14Z,Desktop,Organic
S04331,U04553,2026-01-08T12:20:31Z,Mobile,Paid Search
S04332,U03565,2026-03-21T12:14:27Z,Desktop,Paid Search
S04333,U05436,2026-01-16T15:26:09Z,Tablet,Email
S04334,U03397,2026-03-26T17:36:33Z,Desktop,Social
S04335,U06583,2026-03-20T12:57:57Z,Desktop,Organic
S04336,U00417,2026-01-12T01:05:28Z,Mobile,Social
S04337,U06275,2026-02-17T12:00:05Z,Desktop,Paid Search
S04338,U03144,2026-02-28T21:13:44Z,Mobile,Paid Search
S04339,U03443,2026-03-20T08:49:54Z,Desktop,Social
S04340,U00201,2026-03-08T18:25:46Z,Mobile,Paid Search
S04341,U01614,2026-01-05T13:25:07Z,Mobile,Social
S04342,U03551,2026-01-25T08:38:31Z,Desktop,Email
S04343,U04328,2026-01-22T02:17:09Z,Mobile,Paid Search
S04344,U07226,2026-02-22T16:29:10Z,Mobile,Organic
S04345,U01521,2026-03-11T08:28:05Z,Mobile,Social
S04346,U02515,2026-03-03T10:07:30Z,Mobile,Social
S04347,U06430,2026-03-18T15:48:17Z,Mobile,Paid Search
S04348,U07638,2026-02-19T19:10:06Z,Mobile,Organic
S04349,U05052,2026-02-19T22:12:15Z,Mobile,Social
S04350,U03104,2026-03-20T10:09:48Z,Mobile,Organic
S04351,U06597,2026-03-16T00:24:16Z,Desktop,Email
S04352,U06478,2026-03-10T06:37:43Z,Desktop,Paid Search
S04353,U01126,2026-03-24T04:57:58Z,Mobile,Paid Search
S04354,U04217,2026-01-07T14:04:59Z,Desktop,Organic
S04355,U07605,2026-03-08T11:53:51Z,Mobile,Organic
S04356,U06479,2026-02-27T14:32:29Z,Desktop,Social
S04357,U00444,2026-02-28T18:17:32Z,Mobile,Social
S04358,U03241,2026-02-13T02:26:35Z,Desktop,Organic
S04359,U01760,2026-02-03T23:16:14Z,Mobile,Paid Search
S04360,U00880,2026-01-29T06:01:46Z,Mobile,Paid Search
S04361,U01237,2026-02-02T09:13:06Z,Mobile,Organic
S04362,U01125,2026-02-02T16:35:57Z,Desktop,Social
S04363,U01834,2026-02-13T14:53:08Z,Mobile,Organic
S04364,U07612,2026-01-24T06:45:53Z,Desktop,Paid Search
S04365,U05668,2026-01-27T06:46:41Z,Desktop,Social
S04366,U00013,2026-02-05T04:41:29Z,Mobile,Paid Search
S04367,U01040,2026-01-10T17:52:44Z,Mobile,Paid Search
S04368,U02965,2026-03-25T10:45:28Z,Mobile,Social
S04369,U05050,2026-01-17T17:13:27Z,Mobile,Organic
S04370,U06731,2026-02-07T07:50:55Z,Mobile,Email
S04371,U06079,2026-01-01T22:50:49Z,Mobile,Social
S04372,U04878,2026-01-16T08:02:24Z,Mobile,Organic
S04373,U02356,2026-01-18T03:57:32Z,Mobile,Paid Search
S04374,U06836,2026-01-15T10:17:09Z,Tablet,Organic
S04375,U01438,2026-02-24T14:58:21Z,Mobile,Social
S04376,U02053,2026-02-13T18:34:31Z,Mobile,Social
S04377,U05526,2026-02-23T16:38:07Z,Desktop,Social
S04378,U00064,2026-01-08T05:14:30Z,Mobile,Organic
S04379,U04744,2026-03-29T15:53:49Z,Mobile,Organic
S04380,U06959,2026-01-10T06:28:28Z,Mobile,Paid Search
S04381,U05704,2026-02-16T06:49:52Z,Mobile,Organic
S04382,U02310,2026-01-03T22:55:28Z,Desktop,Organic
S04383,U03430,2026-03-31T11:38:20Z,Tablet,Social
S04384,U05786,2026-03-16T10:48:22Z,Mobile,Social
S04385,U01169,2026-03-22T12:02:54Z,Desktop,Paid Search
S04386,U00531,2026-02-08T02:30:20Z,Desktop,Social
S04387,U01560,2026-01-05T11:30:26Z,Mobile,Paid Search
S04388,U02587,2026-01-29T15:10:10Z,Mobile,Organic
S04389,U04733,2026-01-25T16:56:49Z,Desktop,Organic
S04390,U01912,2026-02-06T04:21:05Z,Mobile,Email
S04391,U05099,2026-01-15T06:41:48Z,Mobile,Social
S04392,U05259,2026-03-22T20:35:07Z,Desktop,Organic
S04393,U03102,2026-03-11T13:37:15Z,Mobile,Organic
S04394,U00469,2026-03-14T08:42:03Z,Mobile,Social
S04395,U04491,2026-03-17T03:03:25Z,Desktop,Paid Search
S04396,U02871,2026-03-19T09:22:57Z,Desktop,Organic
S04397,U03827,2026-02-12T20:47:13Z,Mobile,Social
S04398,U01474,2026-02-18T13:25:22Z,Mobile,Organic
S04399,U01206,2026-03-02T19:35:14Z,Desktop,Organic
S04400,U07638,2026-03-16T05:49:46Z,Mobile,Social
S04401,U00532,2026-03-26T13:56:43Z,Desktop,Social
S04402,U07695,2026-01-03T04:16:46Z,Mobile,Paid Search
S04403,U02281,2026-02-25T00:07:03Z,Mobile,Organic
S04404,U00402,2026-01-01T20:14:02Z,Mobile,Paid Search
S04405,U04321,2026-01-18T18:11:22Z,Desktop,Social
S04406,U05498,2026-03-04T18:03:00Z,Desktop,Organic
S04407,U04614,2026-03-06T04:42:46Z,Desktop,Organic
S04408,U04022,2026-03-18T14:36:30Z,Mobile,Organic
S04409,U06685,2026-03-17T06:05:20Z,Mobile,Paid Search
S04410,U07598,2026-01-16T07:27:04Z,Mobile,Organic
S04411,U06410,2026-03-14T16:43:55Z,Desktop,Social
S04412,U06120,2026-01-07T18:03:30Z,Mobile,Paid Search
S04413,U01071,2026-03-02T06:53:10Z,Mobile,Organic
S04414,U02312,2026-03-04T18:04:55Z,Mobile,Paid Search
S04415,U04400,2026-03-27T12:07:39Z,Desktop,Organic
S04416,U01185,2026-03-17T17:06:01Z,Desktop,Organic
S04417,U07308,2026-01-11T22:16:08Z,Mobile,Social
S04418,U00730,2026-01-20T13:53:27Z,Desktop,Organic
S04419,U05138,2026-01-27T13:27:19Z,Mobile,Organic
S04420,U01087,2026-01-28T01:26:31Z,Mobile,Paid Search
S04421,U05649,2026-01-31T11:59:38Z,Desktop,Organic
S04422,U04131,2026-02-05T19:59:00Z,Tablet,Organic
S04423,U02379,2026-02-21T21:30:49Z,Desktop,Paid Search
S04424,U06559,2026-01-16T16:27:32Z,Mobile,Email
S04425,U03600,2026-03-14T10:04:54Z,Desktop,Social
S04426,U04055,2026-02-10T11:51:24Z,Tablet,Social
S04427,U07493,2026-03-14T02:52:18Z,Mobile,Organic
S04428,U01153,2026-02-12T18:01:14Z,Mobile,Social
S04429,U00284,2026-02-28T05:44:59Z,Mobile,Organic
S04430,U03693,2026-01-25T13:51:17Z,Mobile,Social
S04431,U03774,2026-02-22T19:30:33Z,Mobile,Social
S04432,U04691,2026-03-08T19:33:19Z,Mobile,Organic
S04433,U06569,2026-01-30T21:05:18Z,Desktop,Organic
S04434,U02281,2026-03-17T17:15:20Z,Mobile,Organic
S04435,U06970,2026-01-20T04:10:38Z,Desktop,Organic
S04436,U05100,2026-03-23T22:23:23Z,Mobile,Social
S04437,U07809,2026-03-22T21:20:37Z,Mobile,Paid Search
S04438,U00308,2026-01-10T03:40:04Z,Mobile,Social
S04439,U00758,2026-02-08T16:40:38Z,Mobile,Organic
S04440,U01322,2026-02-22T10:25:24Z,Desktop,Social
S04441,U00027,2026-02-12T11:46:20Z,Mobile,Email
S04442,U03190,2026-01-16T08:23:34Z,Mobile,Organic
S04443,U02263,2026-01-11T16:11:43Z,Mobile,Organic
S04444,U05613,2026-03-21T12:23:52Z,Desktop,Organic
S04445,U00422,2026-02-01T20:46:40Z,Mobile,Email
S04446,U03995,2026-01-01T06:12:22Z,Mobile,Paid Search
S04447,U06800,2026-01-06T22:06:49Z,Mobile,Organic
S04448,U04893,2026-01-02T05:06:52Z,Mobile,Email
S04449,U07203,2026-01-09T11:58:08Z,Desktop,Social
S04450,U04496,2026-03-20T03:36:03Z,Desktop,Social
S04451,U06672,2026-01-23T11:04:08Z,Mobile,Organic
S04452,U04978,2026-01-14T10:18:31Z,Mobile,Paid Search
S04453,U04756,2026-03-30T14:26:45Z,Desktop,Paid Search
S04454,U06724,2026-01-20T00:12:29Z,Desktop,Social
S04455,U00424,2026-01-14T16:23:31Z,Mobile,Organic
S04456,U04207,2026-03-31T11:11:08Z,Mobile,Email
S04457,U00608,2026-02-20T14:40:54Z,Mobile,Organic
S04458,U07266,2026-03-18T04:32:14Z,Mobile,Paid Search
S04459,U04725,2026-02-23T11:21:56Z,Tablet,Social
S04460,U00505,2026-03-13T00:55:34Z,Desktop,Organic
S04461,U05860,2026-01-31T10:33:07Z,Mobile,Organic
S04462,U07546,2026-01-17T05:22:19Z,Desktop,Social
S04463,U01296,2026-03-03T02:58:25Z,Desktop,Email
S04464,U05072,2026-03-02T14:00:45Z,Mobile,Social
S04465,U06155,2026-01-26T23:06:02Z,Desktop,Social
S04466,U07958,2026-02-24T14:23:11Z,Desktop,Organic
S04467,U01463,2026-01-18T02:43:55Z,Mobile,Social
S04468,U05726,2026-03-30T01:53:04Z,Mobile,Social
S04469,U07514,2026-01-03T21:47:06Z,Desktop,Paid Search
S04470,U02371,2026-01-18T12:32:55Z,Mobile,Paid Search
S04471,U01458,2026-02-25T19:21:50Z,Mobile,Organic
S04472,U01799,2026-01-30T21:09:03Z,Mobile,Social
S04473,U05310,2026-01-22T18:36:55Z,Mobile,Email
S04474,U01903,2026-03-03T01:26:47Z,Mobile,Social
S04475,U04742,2026-01-30T02:52:44Z,Mobile,Paid Search
S04476,U05332,2026-03-29T21:03:57Z,Mobile,Social
S04477,U07002,2026-03-01T02:04:34Z,Mobile,Social
S04478,U04576,2026-01-01T18:02:41Z,Mobile,Organic
S04479,U03273,2026-03-26T21:02:22Z,Desktop,Social
S04480,U06298,2026-03-06T15:09:05Z,Desktop,Paid Search
S04481,U06744,2026-02-11T21:04:24Z,Mobile,Paid Search
S04482,U02727,2026-02-05T06:14:14Z,Mobile,Paid Search
S04483,U02876,2026-01-25T01:15:31Z,Desktop,Paid Search
S04484,U07569,2026-03-26T12:54:10Z,Mobile,Social
S04485,U00879,2026-01-04T21:43:24Z,Mobile,Organic
S04486,U04025,2026-01-02T12:12:12Z,Desktop,Organic
S04487,U07831,2026-03-01T01:26:22Z,Tablet,Organic
S04488,U01147,2026-01-23T07:52:54Z,Desktop,Paid Search
S04489,U07052,2026-03-25T20:45:37Z,Desktop,Paid Search
S04490,U07399,2026-02-10T05:03:42Z,Tablet,Organic
S04491,U06691,2026-02-24T08:53:23Z,Desktop,Paid Search
S04492,U00442,2026-03-10T18:20:43Z,Mobile,Email
S04493,U00216,2026-02-12T21:10:13Z,Desktop,Social
S04494,U04103,2026-03-28T01:21:46Z,Desktop,Organic
S04495,U04242,2026-01-04T19:48:19Z,Mobile,Organic
S04496,U07061,2026-01-09T10:15:03Z,Mobile,Paid Search
S04497,U02295,2026-01-02T07:37:55Z,Desktop,Email
S04498,U01063,2026-02-02T07:45:24Z,Desktop,Organic
S04499,U00538,2026-01-06T00:45:27Z,Mobile,Paid Search
S04500,U01203,2026-01-18T01:43:22Z,Desktop,Social
S04501,U05673,2026-03-18T13:00:37Z,Mobile,Social
S04502,U06214,2026-01-10T19:01:55Z,Desktop,Paid Search
S04503,U03588,2026-03-12T16:31:40Z,Mobile,Paid Search
S04504,U00627,2026-01-09T07:55:39Z,Mobile,Paid Search
S04505,U03740,2026-01-11T19:24:25Z,Tablet,Organic
S04506,U04177,2026-02-10T12:26:11Z,Desktop,Paid Search
S04507,U00930,2026-01-11T16:36:40Z,Desktop,Organic
S04508,U00329,2026-03-16T14:39:47Z,Desktop,Social
S04509,U05078,2026-02-14T17:38:19Z,Desktop,Paid Search
S04510,U04781,2026-02-05T11:07:44Z,Desktop,Social
S04511,U04232,2026-02-10T09:09:45Z,Mobile,Paid Search
S04512,U07894,2026-01-02T05:06:25Z,Tablet,Social
S04513,U05520,2026-03-25T12:40:44Z,Desktop,Social
S04514,U05802,2026-01-05T16:23:25Z,Desktop,Email
S04515,U06575,2026-03-31T18:19:33Z,Desktop,Paid Search
S04516,U00318,2026-01-18T03:51:14Z,Desktop,Organic
S04517,U02543,2026-01-02T10:05:37Z,Mobile,Social
S04518,U03007,2026-01-23T10:44:32Z,Mobile,Social
S04519,U05686,2026-02-05T03:27:02Z,Desktop,Organic
S04520,U03428,2026-03-12T15:33:56Z,Mobile,Organic
S04521,U00942,2026-02-03T20:29:47Z,Mobile,Paid Search
S04522,U01892,2026-01-16T18:16:48Z,Mobile,Social
S04523,U06183,2026-01-07T10:23:10Z,Desktop,Organic
S04524,U00491,2026-03-26T09:20:02Z,Desktop,Social
S04525,U04206,2026-03-23T02:04:37Z,Mobile,Email
S04526,U04098,2026-03-01T16:06:14Z,Desktop,Social
S04527,U01318,2026-03-15T05:11:48Z,Mobile,Social
S04528,U01570,2026-03-09T04:24:47Z,Mobile,Email
S04529,U06449,2026-03-30T13:47:50Z,Desktop,Organic
S04530,U01983,2026-01-11T17:16:50Z,Mobile,Organic
S04531,U02901,2026-02-28T09:51:35Z,Mobile,Social
S04532,U06505,2026-03-29T17:04:32Z,Mobile,Email
S04533,U00749,2026-03-30T12:02:12Z,Mobile,Organic
S04534,U02758,2026-03-27T05:38:14Z,Mobile,Organic
S04535,U04005,2026-01-04T23:18:16Z,Mobile,Paid Search
S04536,U01054,2026-01-27T01:55:15Z,Desktop,Paid Search
S04537,U01640,2026-02-26T08:53:46Z,Desktop,Paid Search
S04538,U06018,2026-03-21T20:47:05Z,Desktop,Organic
S04539,U07192,2026-02-12T11:27:13Z,Mobile,Social
S04540,U02210,2026-01-17T22:45:02Z,Mobile,Paid Search
S04541,U01569,2026-03-16T11:19:16Z,Tablet,Organic
S04542,U05683,2026-03-17T08:22:25Z,Desktop,Paid Search
S04543,U05454,2026-03-05T11:30:38Z,Mobile,Paid Search
S04544,U06459,2026-03-22T16:25:21Z,Desktop,Paid Search
S04545,U05745,2026-02-07T04:47:17Z,Mobile,Organic
S04546,U04812,2026-02-06T09:57:24Z,Mobile,Organic
S04547,U04359,2026-01-07T01:46:37Z,Mobile,Paid Search
S04548,U07867,2026-01-18T14:12:20Z,Mobile,Paid Search
S04549,U04071,2026-02-28T13:15:30Z,Desktop,Social
S04550,U05352,2026-03-13T12:48:09Z,Desktop,Social
S04551,U07258,2026-01-03T21:13:10Z,Mobile,Organic
S04552,U06635,2026-01-04T17:01:53Z,Mobile,Paid Search
S04553,U03557,2026-01-26T21:57:23Z,Mobile,Organic
S04554,U03840,2026-01-29T05:08:45Z,Desktop,Social
S04555,U03046,2026-03-29T14:21:14Z,Desktop,Organic
S04556,U04895,2026-03-30T21:16:50Z,Mobile,Social
S04557,U07575,2026-02-28T20:16:22Z,Mobile,Organic
S04558,U05947,2026-03-05T21:32:13Z,Desktop,Paid Search
S04559,U04154,2026-02-15T22:41:21Z,Mobile,Paid Search
S04560,U04039,2026-01-23T16:20:02Z,Desktop,Social
S04561,U01873,2026-03-26T05:13:58Z,Mobile,Organic
S04562,U01710,2026-02-05T00:51:42Z,Mobile,Paid Search
S04563,U05821,2026-01-14T16:48:31Z,Mobile,Social
S04564,U00662,2026-02-05T14:10:44Z,Mobile,Paid Search
S04565,U07123,2026-01-03T12:45:03Z,Mobile,Organic
S04566,U05324,2026-03-10T21:57:29Z,Mobile,Paid Search
S04567,U04018,2026-01-18T16:06:20Z,Desktop,Social
S04568,U03609,2026-02-28T07:02:45Z,Desktop,Organic
S04569,U00981,2026-03-16T06:48:44Z,Mobile,Email
S04570,U03157,2026-03-22T09:09:09Z,Tablet,Social
S04571,U02813,2026-03-14T13:55:55Z,Tablet,Email
S04572,U01594,2026-02-15T06:36:31Z,Mobile,Paid Search
S04573,U03827,2026-01-07T17:20:30Z,Desktop,Social
S04574,U00424,2026-02-05T03:07:04Z,Desktop,Paid Search
S04575,U04969,2026-01-21T16:31:29Z,Desktop,Email
S04576,U00482,2026-02-22T19:48:37Z,Desktop,Organic
S04577,U02288,2026-01-16T19:01:18Z,Mobile,Social
S04578,U01077,2026-03-24T11:46:22Z,Mobile,Social
S04579,U02874,2026-03-21T22:42:47Z,Mobile,Paid Search
S04580,U06710,2026-03-21T01:04:33Z,Mobile,Organic
S04581,U00025,2026-03-09T19:36:12Z,Mobile,Paid Search
S04582,U07822,2026-02-06T02:26:26Z,Mobile,Organic
S04583,U00386,2026-02-05T04:25:59Z,Desktop,Email
S04584,U02659,2026-03-05T12:43:36Z,Mobile,Social
S04585,U02488,2026-01-01T21:23:51Z,Mobile,Social
S04586,U05096,2026-02-26T06:24:25Z,Desktop,Paid Search
S04587,U07528,2026-03-30T04:53:27Z,Mobile,Social
S04588,U05643,2026-03-26T11:47:41Z,Desktop,Social
S04589,U01649,2026-02-03T07:02:26Z,Desktop,Paid Search
S04590,U07763,2026-02-06T03:52:54Z,Mobile,Social
S04591,U04555,2026-02-18T16:21:08Z,Mobile,Organic
S04592,U07086,2026-03-13T15:16:20Z,Mobile,Social
S04593,U00618,2026-02-16T19:24:08Z,Mobile,Organic
S04594,U03578,2026-01-12T01:59:16Z,Mobile,Social
S04595,U05351,2026-02-07T03:20:12Z,Mobile,Paid Search
S04596,U07922,2026-02-10T07:53:13Z,Mobile,Organic
S04597,U03593,2026-01-19T09:25:05Z,Tablet,Email
S04598,U03187,2026-02-07T01:25:48Z,Mobile,Paid Search
S04599,U03540,2026-02-17T14:20:30Z,Desktop,Organic
S04600,U06337,2026-03-17T05:04:52Z,Desktop,Social
S04601,U02805,2026-01-29T05:47:25Z,Mobile,Organic
S04602,U01513,2026-01-16T05:07:58Z,Mobile,Social
S04603,U02797,2026-01-20T09:04:18Z,Mobile,Paid Search
S04604,U05781,2026-02-14T21:22:16Z,Mobile,Organic
S04605,U05931,2026-02-18T00:43:04Z,Mobile,Paid Search
S04606,U05353,2026-02-12T17:52:50Z,Desktop,Organic
S04607,U04224,2026-02-21T12:19:11Z,Desktop,Organic
S04608,U04083,2026-02-26T16:03:47Z,Desktop,Organic
S04609,U03092,2026-02-24T01:36:04Z,Mobile,Organic
S04610,U02276,2026-02-01T16:12:25Z,Mobile,Organic
S04611,U02325,2026-01-11T17:46:29Z,Tablet,Social
S04612,U01953,2026-03-26T23:11:23Z,Desktop,Email
S04613,U06554,2026-01-11T13:01:35Z,Desktop,Social
S04614,U00999,2026-02-02T13:38:26Z,Desktop,Paid Search
S04615,U04145,2026-03-05T11:11:58Z,Mobile,Organic
S04616,U04101,2026-02-02T03:57:44Z,Desktop,Paid Search
S04617,U04294,2026-01-29T20:58:49Z,Desktop,Social
S04618,U00118,2026-01-21T04:27:58Z,Mobile,Social
S04619,U03957,2026-02-03T12:47:00Z,Mobile,Email
S04620,U07307,2026-03-12T21:26:54Z,Desktop,Paid Search
S04621,U05468,2026-03-25T14:35:16Z,Mobile,Social
S04622,U03153,2026-02-21T13:33:36Z,Desktop,Social
S04623,U04098,2026-02-20T01:42:23Z,Mobile,Organic
S04624,U02627,2026-01-18T21:20:23Z,Mobile,Organic
S04625,U05106,2026-01-10T17:52:37Z,Mobile,Organic
S04626,U03835,2026-03-17T20:19:39Z,Mobile,Email
S04627,U06420,2026-03-19T06:11:44Z,Mobile,Paid Search
S04628,U03924,2026-03-29T10:02:07Z,Mobile,Paid Search
S04629,U06555,2026-02-25T07:21:38Z,Mobile,Organic
S04630,U05705,2026-02-02T08:59:57Z,Mobile,Organic
S04631,U00889,2026-01-31T08:48:15Z,Desktop,Social
S04632,U02062,2026-03-07T09:34:11Z,Desktop,Paid Search
S04633,U02913,2026-03-05T11:38:34Z,Mobile,Social
S04634,U01730,2026-02-02T12:36:48Z,Mobile,Email
S04635,U07582,2026-03-11T07:16:17Z,Desktop,Paid Search
S04636,U01666,2026-03-21T15:43:46Z,Tablet,Organic
S04637,U04401,2026-03-11T20:56:28Z,Mobile,Social
S04638,U00909,2026-03-30T04:27:58Z,Desktop,Social
S04639,U04938,2026-02-25T04:41:36Z,Mobile,Paid Search
S04640,U05604,2026-01-22T21:33:02Z,Mobile,Social
S04641,U06853,2026-02-06T05:00:07Z,Mobile,Social
S04642,U07262,2026-02-25T17:31:36Z,Mobile,Social
S04643,U06691,2026-01-12T00:08:34Z,Mobile,Email
S04644,U05081,2026-01-10T22:05:23Z,Desktop,Social
S04645,U00827,2026-01-25T19:39:42Z,Tablet,Paid Search
S04646,U05194,2026-01-16T13:18:04Z,Desktop,Paid Search
S04647,U05924,2026-02-18T06:14:41Z,Desktop,Social
S04648,U04276,2026-03-19T07:43:25Z,Tablet,Paid Search
S04649,U00749,2026-02-19T04:40:06Z,Mobile,Social
S04650,U02568,2026-01-02T08:33:24Z,Mobile,Paid Search
S04651,U02242,2026-03-18T19:11:21Z,Desktop,Organic
S04652,U01554,2026-01-08T05:08:19Z,Desktop,Paid Search
S04653,U06226,2026-02-14T01:47:37Z,Mobile,Paid Search
S04654,U01509,2026-03-18T07:43:54Z,Desktop,Organic
S04655,U02171,2026-03-14T22:08:25Z,Desktop,Organic
S04656,U03835,2026-01-26T03:07:57Z,Mobile,Paid Search
S04657,U05158,2026-01-31T04:42:16Z,Desktop,Paid Search
S04658,U01043,2026-02-13T09:21:58Z,Mobile,Organic
S04659,U02361,2026-02-13T11:40:07Z,Mobile,Email
S04660,U05799,2026-03-15T04:38:36Z,Desktop,Organic
S04661,U07248,2026-02-14T02:08:36Z,Desktop,Organic
S04662,U07002,2026-03-14T01:50:24Z,Mobile,Paid Search
S04663,U06655,2026-03-20T12:02:07Z,Mobile,Social
S04664,U05642,2026-03-19T01:34:48Z,Mobile,Email
S04665,U02971,2026-02-14T21:49:31Z,Mobile,Social
S04666,U07704,2026-01-24T03:04:06Z,Desktop,Organic
S04667,U05875,2026-03-28T11:50:24Z,Mobile,Organic
S04668,U01314,2026-02-20T09:43:22Z,Mobile,Organic
S04669,U01281,2026-03-14T15:14:00Z,Mobile,Organic
S04670,U07845,2026-03-01T22:54:37Z,Mobile,Email
S04671,U03952,2026-03-06T16:14:23Z,Desktop,Organic
S04672,U00117,2026-01-25T19:40:32Z,Desktop,Organic
S04673,U02803,2026-03-27T15:24:02Z,Mobile,Email
S04674,U03029,2026-03-02T16:14:10Z,Desktop,Organic
S04675,U01977,2026-03-12T11:15:09Z,Tablet,Social
S04676,U02898,2026-01-29T06:41:32Z,Desktop,Social
S04677,U02738,2026-03-09T10:22:41Z,Desktop,Social
S04678,U02569,2026-02-12T04:24:31Z,Mobile,Paid Search
S04679,U06907,2026-01-09T18:44:19Z,Mobile,Social
S04680,U06693,2026-02-20T20:42:44Z,Desktop,Paid Search
S04681,U07550,2026-02-22T00:27:32Z,Mobile,Email
S04682,U03238,2026-02-27T11:27:38Z,Mobile,Paid Search
S04683,U04620,2026-03-08T09:19:52Z,Desktop,Organic
S04684,U05253,2026-03-23T13:24:29Z,Desktop,Organic
S04685,U03520,2026-01-06T09:56:24Z,Mobile,Organic
S04686,U06383,2026-03-17T20:22:23Z,Mobile,Organic
S04687,U05227,2026-02-09T06:55:28Z,Desktop,Organic
S04688,U04563,2026-03-28T11:07:37Z,Mobile,Social
S04689,U00446,2026-03-28T21:32:28Z,Desktop,Organic
S04690,U05377,2026-03-01T19:36:21Z,Desktop,Social
S04691,U03591,2026-03-29T22:42:29Z,Mobile,Email
S04692,U03535,2026-02-18T22:07:14Z,Mobile,Paid Search
S04693,U03347,2026-01-01T20:34:24Z,Desktop,Organic
S04694,U02738,2026-01-03T19:16:26Z,Mobile,Paid Search
S04695,U03089,2026-02-24T06:00:48Z,Mobile,Social
S04696,U07552,2026-03-22T11:04:28Z,Desktop,Social
S04697,U01449,2026-03-02T01:59:49Z,Desktop,Organic
S04698,U00821,2026-02-25T15:09:10Z,Mobile,Organic
S04699,U04480,2026-02-08T21:49:37Z,Desktop,Paid Search
S04700,U06208,2026-02-20T06:08:45Z,Mobile,Paid Search
S04701,U05047,2026-03-08T18:59:50Z,Tablet,Email
S04702,U07287,2026-02-04T09:07:24Z,Desktop,Email
S04703,U03500,2026-03-25T22:40:18Z,Mobile,Paid Search
S04704,U06964,2026-01-12T08:21:27Z,Desktop,Organic
S04705,U03448,2026-02-20T21:05:30Z,Desktop,Organic
S04706,U06432,2026-01-27T17:59:04Z,Tablet,Paid Search
S04707,U01311,2026-01-01T03:18:55Z,Desktop,Social
S04708,U06262,2026-01-04T02:47:43Z,Mobile,Organic
S04709,U06225,2026-01-25T08:49:27Z,Desktop,Paid Search
S04710,U03965,2026-02-01T04:26:56Z,Mobile,Email
S04711,U00113,2026-02-10T14:31:18Z,Desktop,Social
S04712,U00649,2026-03-25T21:11:02Z,Desktop,Social
S04713,U06725,2026-02-18T12:28:45Z,Desktop,Social
S04714,U01792,2026-02-07T11:14:49Z,Mobile,Organic
S04715,U02561,2026-03-07T17:30:40Z,Mobile,Email
S04716,U01153,2026-01-08T20:06:50Z,Mobile,Organic
S04717,U06003,2026-02-02T01:56:16Z,Mobile,Organic
S04718,U05138,2026-01-02T19:51:15Z,Desktop,Organic
S04719,U00928,2026-03-24T04:09:06Z,Mobile,Organic
S04720,U01913,2026-01-28T06:28:44Z,Mobile,Organic
S04721,U04621,2026-01-12T08:01:07Z,Mobile,Paid Search
S04722,U03654,2026-01-04T03:41:45Z,Desktop,Organic
S04723,U04898,2026-03-01T19:33:07Z,Mobile,Organic
S04724,U01402,2026-02-25T16:06:29Z,Mobile,Organic
S04725,U04984,2026-03-28T00:26:03Z,Mobile,Organic
S04726,U04488,2026-01-01T19:12:35Z,Mobile,Organic
S04727,U04997,2026-01-30T18:04:46Z,Mobile,Paid Search
S04728,U05406,2026-01-30T00:51:45Z,Desktop,Paid Search
S04729,U03627,2026-01-21T16:05:16Z,Mobile,Paid Search
S04730,U07437,2026-03-14T00:56:21Z,Mobile,Social
S04731,U00227,2026-01-12T05:44:23Z,Mobile,Organic
S04732,U00324,2026-03-10T01:07:47Z,Mobile,Paid Search
S04733,U00637,2026-03-23T09:56:44Z,Desktop,Paid Search
S04734,U02881,2026-02-28T01:47:05Z,Desktop,Organic
S04735,U03323,2026-02-26T20:38:03Z,Mobile,Paid Search
S04736,U06498,2026-03-22T03:15:39Z,Mobile,Email
S04737,U04449,2026-03-26T21:59:49Z,Mobile,Paid Search
S04738,U01019,2026-03-26T18:58:36Z,Mobile,Organic
S04739,U03808,2026-02-12T14:48:49Z,Mobile,Social
S04740,U00238,2026-02-13T04:42:20Z,Mobile,Paid Search
S04741,U07635,2026-01-13T16:22:42Z,Mobile,Organic
S04742,U01685,2026-03-01T01:27:38Z,Mobile,Organic
S04743,U01329,2026-02-14T08:22:26Z,Mobile,Paid Search
S04744,U05279,2026-01-08T22:28:26Z,Desktop,Paid Search
S04745,U01558,2026-02-28T06:14:25Z,Desktop,Social
S04746,U02089,2026-03-29T22:49:44Z,Mobile,Social
S04747,U01109,2026-02-09T13:59:07Z,Mobile,Organic
S04748,U05547,2026-01-30T11:37:04Z,Desktop,Paid Search
S04749,U01361,2026-03-12T20:07:44Z,Mobile,Paid Search
S04750,U07099,2026-01-20T17:13:59Z,Mobile,Email
S04751,U00855,2026-01-01T14:12:54Z,Desktop,Organic
S04752,U01735,2026-02-02T12:30:06Z,Mobile,Social
S04753,U02321,2026-01-24T07:54:22Z,Mobile,Paid Search
S04754,U07652,2026-01-16T11:09:31Z,Mobile,Social
S04755,U05176,2026-03-24T10:30:56Z,Mobile,Social
S04756,U00612,2026-02-18T08:39:07Z,Mobile,Social
S04757,U04806,2026-01-23T09:09:47Z,Desktop,Organic
S04758,U01757,2026-01-23T09:13:05Z,Mobile,Organic
S04759,U00969,2026-03-05T13:38:27Z,Desktop,Paid Search
S04760,U06529,2026-02-03T13:25:11Z,Tablet,Social
S04761,U00400,2026-03-14T06:27:35Z,Desktop,Social
S04762,U00625,2026-03-13T06:14:40Z,Mobile,Social
S04763,U03146,2026-01-31T17:25:04Z,Mobile,Social
S04764,U05208,2026-02-09T07:29:06Z,Desktop,Email
S04765,U03189,2026-01-02T15:30:07Z,Mobile,Social
S04766,U07481,2026-03-18T22:48:56Z,Mobile,Social
S04767,U07830,2026-01-19T02:19:30Z,Mobile,Paid Search
S04768,U03587,2026-01-02T15:27:51Z,Mobile,Social
S04769,U00667,2026-02-10T00:04:51Z,Mobile,Email
S04770,U04571,2026-01-07T06:49:02Z,Desktop,Paid Search
S04771,U07046,2026-03-21T19:42:07Z,Mobile,Email
S04772,U00655,2026-01-15T06:17:09Z,Mobile,Paid Search
S04773,U03237,2026-01-19T13:32:29Z,Mobile,Paid Search
S04774,U03709,2026-03-21T22:00:34Z,Desktop,Social
S04775,U04001,2026-02-20T00:30:14Z,Desktop,Organic
S04776,U05773,2026-01-09T12:53:14Z,Mobile,Organic
S04777,U03744,2026-02-11T21:48:28Z,Desktop,Paid Search
S04778,U06173,2026-03-26T17:07:54Z,Desktop,Organic
S04779,U00236,2026-03-31T22:09:57Z,Mobile,Paid Search
S04780,U01712,2026-03-02T21:52:30Z,Desktop,Social
S04781,U02234,2026-01-13T01:28:10Z,Mobile,Organic
S04782,U06696,2026-03-10T03:45:49Z,Mobile,Social
S04783,U06624,2026-03-14T02:01:37Z,Tablet,Organic
S04784,U05071,2026-03-09T12:56:44Z,Desktop,Paid Search
S04785,U05542,2026-01-02T22:28:44Z,Mobile,Paid Search
S04786,U03191,2026-01-12T02:04:23Z,Mobile,Organic
S04787,U07180,2026-03-25T10:24:08Z,Desktop,Paid Search
S04788,U02860,2026-02-05T12:34:10Z,Mobile,Organic
S04789,U01970,2026-03-19T23:03:15Z,Mobile,Paid Search
S04790,U02711,2026-03-02T16:29:56Z,Desktop,Email
S04791,U07341,2026-02-23T13:11:56Z,Desktop,Organic
S04792,U07727,2026-02-15T05:37:58Z,Mobile,Organic
S04793,U00421,2026-02-23T16:40:26Z,Desktop,Social
S04794,U05199,2026-01-22T05:44:42Z,Desktop,Paid Search
S04795,U03508,2026-03-21T09:58:01Z,Mobile,Social
S04796,U06717,2026-03-16T20:31:30Z,Desktop,Organic
S04797,U06061,2026-01-11T04:41:35Z,Mobile,Paid Search
S04798,U01320,2026-03-19T17:33:06Z,Mobile,Organic
S04799,U01153,2026-01-22T00:47:32Z,Mobile,Paid Search
S04800,U01471,2026-03-09T18:03:35Z,Mobile,Organic
S04801,U00839,2026-01-25T07:57:20Z,Desktop,Organic
S04802,U06598,2026-03-20T02:24:05Z,Mobile,Social
S04803,U03522,2026-02-08T09:05:41Z,Mobile,Social
S04804,U03861,2026-03-22T22:01:24Z,Desktop,Organic
S04805,U00548,2026-03-11T01:45:28Z,Desktop,Social
S04806,U03800,2026-03-04T15:02:38Z,Mobile,Paid Search
S04807,U02711,2026-02-28T13:44:36Z,Mobile,Organic
S04808,U05914,2026-03-31T09:06:23Z,Mobile,Social
S04809,U05662,2026-03-10T22:30:37Z,Desktop,Organic
S04810,U00573,2026-01-11T07:29:31Z,Mobile,Social
S04811,U02052,2026-02-13T01:02:14Z,Mobile,Organic
S04812,U00870,2026-02-24T00:31:01Z,Mobile,Organic
S04813,U01288,2026-02-08T11:07:49Z,Desktop,Paid Search
S04814,U01113,2026-03-13T08:54:31Z,Desktop,Organic
S04815,U04644,2026-01-07T06:20:41Z,Mobile,Organic
S04816,U06067,2026-02-14T06:06:24Z,Desktop,Organic
S04817,U06295,2026-02-16T18:28:05Z,Desktop,Paid Search
S04818,U04937,2026-03-10T09:37:44Z,Mobile,Social
S04819,U04943,2026-03-17T21:27:42Z,Tablet,Organic
S04820,U05738,2026-02-12T22:45:12Z,Mobile,Social
S04821,U06287,2026-02-20T10:40:31Z,Tablet,Paid Search
S04822,U01392,2026-01-01T01:05:54Z,Mobile,Email
S04823,U02095,2026-03-09T13:40:41Z,Mobile,Paid Search
S04824,U05632,2026-03-06T21:24:20Z,Mobile,Paid Search
S04825,U05257,2026-03-20T08:19:11Z,Mobile,Organic
S04826,U00470,2026-01-06T04:40:00Z,Desktop,Social
S04827,U00266,2026-02-09T02:47:35Z,Mobile,Email
S04828,U00352,2026-03-05T08:47:09Z,Mobile,Social
S04829,U05064,2026-01-29T10:51:08Z,Mobile,Paid Search
S04830,U03997,2026-02-04T12:44:41Z,Mobile,Social
S04831,U06181,2026-03-27T07:19:34Z,Desktop,Social
S04832,U07246,2026-01-12T12:55:38Z,Desktop,Paid Search
S04833,U03412,2026-01-15T11:50:11Z,Mobile,Paid Search
S04834,U03446,2026-03-16T10:58:40Z,Tablet,Paid Search
S04835,U02799,2026-01-31T14:07:37Z,Mobile,Paid Search
S04836,U07628,2026-01-25T06:49:18Z,Mobile,Email
S04837,U02556,2026-02-24T20:39:44Z,Mobile,Social
S04838,U06778,2026-03-12T11:04:28Z,Mobile,Paid Search
S04839,U00479,2026-01-26T03:06:17Z,Mobile,Email
S04840,U01501,2026-02-03T07:27:32Z,Mobile,Social
S04841,U07712,2026-01-11T15:21:46Z,Mobile,Organic
S04842,U00885,2026-01-02T04:01:36Z,Mobile,Organic
S04843,U01997,2026-01-12T20:46:38Z,Desktop,Social
S04844,U02854,2026-01-20T06:19:37Z,Mobile,Paid Search
S04845,U05992,2026-02-15T17:51:08Z,Mobile,Paid Search
S04846,U06866,2026-01-09T00:04:04Z,Desktop,Social
S04847,U01665,2026-01-05T07:54:14Z,Desktop,Organic
S04848,U02798,2026-02-11T04:38:08Z,Desktop,Organic
S04849,U01240,2026-01-11T04:13:15Z,Mobile,Social
S04850,U06753,2026-03-11T00:07:13Z,Desktop,Paid Search
S04851,U05321,2026-03-26T02:26:35Z,Mobile,Organic
S04852,U04117,2026-01-09T03:44:57Z,Mobile,Email
S04853,U03206,2026-03-19T01:05:34Z,Desktop,Organic
S04854,U05326,2026-03-20T11:03:28Z,Mobile,Paid Search
S04855,U01577,2026-02-11T21:10:20Z,Mobile,Organic
S04856,U06821,2026-01-23T21:53:22Z,Mobile,Email
S04857,U05647,2026-01-20T09:08:10Z,Desktop,Organic
S04858,U06605,2026-01-13T21:11:30Z,Desktop,Organic
S04859,U04551,2026-02-01T01:59:05Z,Mobile,Paid Search
S04860,U04101,2026-03-21T10:38:07Z,Desktop,Paid Search
S04861,U00033,2026-01-31T18:29:02Z,Mobile,Organic
S04862,U03619,2026-01-10T11:56:32Z,Mobile,Paid Search
S04863,U02884,2026-02-01T14:33:43Z,Desktop,Paid Search
S04864,U05379,2026-02-19T03:57:04Z,Desktop,Social
S04865,U02159,2026-01-04T04:46:15Z,Mobile,Paid Search
S04866,U03353,2026-02-10T16:40:33Z,Mobile,Social
S04867,U03580,2026-01-10T08:39:17Z,Desktop,Paid Search
S04868,U05901,2026-03-16T03:17:29Z,Desktop,Paid Search
S04869,U06073,2026-01-19T07:35:00Z,Mobile,Social
S04870,U00126,2026-02-16T21:31:23Z,Desktop,Paid Search
S04871,U00252,2026-03-16T10:22:06Z,Mobile,Paid Search
S04872,U04037,2026-02-11T08:21:52Z,Mobile,Social
S04873,U00547,2026-01-28T20:02:45Z,Desktop,Organic
S04874,U01343,2026-02-20T17:21:26Z,Mobile,Organic
S04875,U04123,2026-01-26T16:09:29Z,Mobile,Social
S04876,U05153,2026-03-03T00:02:05Z,Mobile,Organic
S04877,U06935,2026-02-11T17:51:15Z,Desktop,Social
S04878,U01649,2026-01-05T11:33:54Z,Mobile,Social
S04879,U02800,2026-03-18T00:12:18Z,Mobile,Social
S04880,U05888,2026-03-25T19:23:39Z,Mobile,Email
S04881,U01318,2026-03-06T15:36:37Z,Mobile,Organic
S04882,U04058,2026-02-24T15:16:34Z,Mobile,Organic
S04883,U02506,2026-01-07T01:11:21Z,Mobile,Paid Search
S04884,U03825,2026-02-19T04:26:50Z,Desktop,Paid Search
S04885,U05502,2026-01-02T01:29:18Z,Mobile,Email
S04886,U03613,2026-03-08T18:26:23Z,Desktop,Organic
S04887,U01999,2026-01-30T22:58:00Z,Mobile,Paid Search
S04888,U00266,2026-03-15T08:26:45Z,Desktop,Paid Search
S04889,U00895,2026-02-18T18:07:29Z,Mobile,Organic
S04890,U05815,2026-01-17T19:43:03Z,Desktop,Social
S04891,U02460,2026-03-16T01:31:25Z,Mobile,Paid Search
S04892,U02316,2026-01-02T21:02:16Z,Mobile,Social
S04893,U00298,2026-02-27T22:37:34Z,Desktop,Social
S04894,U03668,2026-01-30T05:04:47Z,Mobile,Paid Search
S04895,U01355,2026-02-25T01:19:14Z,Tablet,Paid Search
S04896,U06862,2026-03-09T21:00:59Z,Desktop,Social
S04897,U06702,2026-02-09T00:36:28Z,Desktop,Paid Search
S04898,U05482,2026-03-12T07:55:56Z,Mobile,Organic
S04899,U05781,2026-03-23T22:42:01Z,Desktop,Social
S04900,U01003,2026-02-01T18:33:40Z,Mobile,Organic
S04901,U07104,2026-03-12T11:51:30Z,Mobile,Organic
S04902,U06900,2026-01-08T12:25:11Z,Mobile,Paid Search
S04903,U00274,2026-03-27T20:20:27Z,Mobile,Organic
S04904,U03637,2026-01-08T05:40:58Z,Mobile,Email
S04905,U00908,2026-01-02T13:45:54Z,Mobile,Paid Search
S04906,U04721,2026-03-01T02:20:07Z,Mobile,Paid Search
S04907,U06104,2026-03-03T09:25:16Z,Desktop,Organic
S04908,U06609,2026-01-23T12:56:28Z,Mobile,Organic
S04909,U07768,2026-02-11T05:04:44Z,Desktop,Social
S04910,U00844,2026-03-08T13:18:00Z,Desktop,Social
S04911,U01903,2026-02-10T15:45:25Z,Mobile,Organic
S04912,U07092,2026-01-05T13:24:29Z,Mobile,Paid Search
S04913,U04129,2026-03-10T00:20:11Z,Tablet,Paid Search
S04914,U05756,2026-01-09T21:13:20Z,Mobile,Paid Search
S04915,U04736,2026-03-30T08:46:34Z,Desktop,Social
S04916,U00440,2026-02-16T05:02:21Z,Mobile,Organic
S04917,U05227,2026-02-13T17:07:50Z,Desktop,Email
S04918,U02207,2026-01-01T23:17:44Z,Mobile,Organic
S04919,U04304,2026-01-19T16:53:35Z,Mobile,Organic
S04920,U07449,2026-02-19T05:51:03Z,Desktop,Social
S04921,U07805,2026-02-02T17:31:38Z,Mobile,Social
S04922,U04559,2026-01-28T23:01:55Z,Mobile,Organic
S04923,U07110,2026-02-26T06:45:03Z,Mobile,Organic
S04924,U00740,2026-01-20T06:30:42Z,Desktop,Email
S04925,U00008,2026-03-31T08:06:58Z,Mobile,Social
S04926,U02054,2026-02-20T06:45:04Z,Mobile,Social
S04927,U02280,2026-01-13T18:16:11Z,Mobile,Organic
S04928,U07507,2026-02-10T19:36:57Z,Desktop,Social
S04929,U01664,2026-01-07T08:27:20Z,Mobile,Organic
S04930,U02674,2026-01-21T18:23:22Z,Mobile,Paid Search
S04931,U04127,2026-02-16T16:07:48Z,Mobile,Social
S04932,U03004,2026-01-12T07:05:19Z,Mobile,Social
S04933,U05572,2026-01-27T10:51:06Z,Mobile,Organic
S04934,U02372,2026-01-23T18:57:24Z,Mobile,Social
S04935,U04540,2026-01-10T14:26:26Z,Mobile,Organic
S04936,U01700,2026-01-20T18:43:10Z,Desktop,Organic
S04937,U00740,2026-03-27T18:11:24Z,Mobile,Organic
S04938,U05844,2026-03-29T01:15:31Z,Mobile,Organic
S04939,U03536,2026-01-13T14:08:00Z,Mobile,Social
S04940,U00022,2026-02-16T11:35:01Z,Mobile,Organic
S04941,U00623,2026-02-18T05:32:37Z,Mobile,Paid Search
S04942,U03498,2026-01-14T23:04:40Z,Mobile,Organic
S04943,U01497,2026-02-23T01:35:35Z,Desktop,Social
S04944,U00852,2026-01-01T10:47:02Z,Mobile,Organic
S04945,U07447,2026-01-26T18:36:32Z,Desktop,Paid Search
S04946,U07901,2026-02-18T04:52:56Z,Desktop,Organic
S04947,U07157,2026-03-11T19:49:08Z,Mobile,Email
S04948,U01456,2026-01-19T02:46:21Z,Mobile,Organic
S04949,U04688,2026-02-05T05:33:57Z,Desktop,Social
S04950,U07578,2026-01-02T16:46:53Z,Mobile,Organic
S04951,U05417,2026-03-20T18:46:48Z,Mobile,Organic
S04952,U04431,2026-01-04T15:29:50Z,Mobile,Organic
S04953,U04710,2026-01-16T18:11:25Z,Desktop,Organic
S04954,U04612,2026-02-15T09:18:04Z,Desktop,Organic
S04955,U01457,2026-03-12T06:02:16Z,Mobile,Social
S04956,U01483,2026-03-27T19:59:02Z,Mobile,Social
S04957,U07152,2026-03-29T12:53:47Z,Mobile,Social
S04958,U01114,2026-01-08T17:22:31Z,Desktop,Email
S04959,U01245,2026-01-22T17:42:26Z,Mobile,Paid Search
S04960,U02423,2026-01-31T20:25:51Z,Mobile,Email
S04961,U04849,2026-02-20T12:55:01Z,Mobile,Paid Search
S04962,U04283,2026-03-09T00:41:51Z,Mobile,Email
S04963,U01049,2026-02-06T20:15:57Z,Mobile,Organic
S04964,U02232,2026-01-03T12:06:47Z,Tablet,Social
S04965,U00228,2026-03-07T18:02:36Z,Desktop,Organic
S04966,U04000,2026-01-16T20:16:59Z,Mobile,Organic
S04967,U05660,2026-03-03T09:12:58Z,Mobile,Paid Search
S04968,U05852,2026-03-02T04:32:47Z,Mobile,Organic
S04969,U05635,2026-02-15T14:21:45Z,Mobile,Social
S04970,U06396,2026-03-28T17:43:21Z,Desktop,Paid Search
S04971,U05977,2026-01-01T16:06:37Z,Mobile,Paid Search
S04972,U00866,2026-03-02T09:35:13Z,Mobile,Organic
S04973,U06883,2026-03-18T07:40:17Z,Mobile,Organic
S04974,U01770,2026-03-10T21:19:19Z,Desktop,Organic
S04975,U05652,2026-02-12T17:35:27Z,Tablet,Paid Search
S04976,U00421,2026-02-23T20:24:44Z,Mobile,Paid Search
S04977,U01225,2026-02-21T17:06:28Z,Mobile,Paid Search
S04978,U02193,2026-02-01T12:19:02Z,Mobile,Paid Search
S04979,U05720,2026-02-15T08:45:00Z,Mobile,Organic
S04980,U02833,2026-02-20T01:31:14Z,Mobile,Paid Search
S04981,U00762,2026-03-01T08:37:09Z,Mobile,Social
S04982,U05960,2026-03-04T11:05:21Z,Mobile,Organic
S04983,U05046,2026-03-01T01:20:41Z,Mobile,Paid Search
S04984,U03190,2026-01-09T21:57:36Z,Mobile,Social
S04985,U04994,2026-02-13T20:56:01Z,Mobile,Paid Search
S04986,U07443,2026-03-29T09:07:55Z,Mobile,Paid Search
S04987,U07089,2026-03-11T21:08:14Z,Mobile,Organic
S04988,U07239,2026-02-07T03:59:13Z,Desktop,Paid Search
S04989,U01324,2026-01-28T01:09:14Z,Mobile,Social
S04990,U05422,2026-03-29T18:18:30Z,Desktop,Paid Search
S04991,U04148,2026-02-24T20:58:40Z,Mobile,Paid Search
S04992,U07038,2026-02-09T02:33:13Z,Mobile,Organic
S04993,U01192,2026-02-23T16:21:24Z,Desktop,Organic
S04994,U06310,2026-03-12T02:25:39Z,Mobile,Organic
S04995,U01349,2026-03-21T19:26:36Z,Mobile,Email
S04996,U05844,2026-03-13T12:11:14Z,Desktop,Organic
S04997,U06156,2026-03-05T00:47:37Z,Mobile,Organic
S04998,U00370,2026-02-04T01:19:06Z,Desktop,Paid Search
S04999,U06005,2026-03-16T14:58:06Z,Mobile,Organic
S05000,U02191,2026-02-09T05:36:07Z,Mobile,Organic
S05001,U00942,2026-03-15T21:48:59Z,Mobile,Social
S05002,U03368,2026-03-24T21:43:12Z,Mobile,Organic
S05003,U06852,2026-02-27T13:20:01Z,Mobile,Social
S05004,U02643,2026-03-03T02:26:12Z,Desktop,Social
S05005,U06522,2026-01-19T12:54:38Z,Desktop,Paid Search
S05006,U06291,2026-03-13T11:47:22Z,Mobile,Paid Search
S05007,U03089,2026-02-02T02:13:50Z,Tablet,Organic
S05008,U00816,2026-01-08T01:42:06Z,Mobile,Organic
S05009,U00005,2026-03-01T12:49:13Z,Mobile,Social
S05010,U06073,2026-03-15T17:03:55Z,Mobile,Paid Search
S05011,U01462,2026-01-02T14:56:36Z,Desktop,Social
S05012,U00193,2026-02-28T05:43:35Z,Mobile,Paid Search
S05013,U03784,2026-03-22T03:39:57Z,Mobile,Social
S05014,U02020,2026-02-26T01:15:41Z,Mobile,Organic
S05015,U00547,2026-02-20T23:18:51Z,Tablet,Organic
S05016,U06768,2026-02-04T17:34:01Z,Mobile,Paid Search
S05017,U01673,2026-03-07T05:44:13Z,Tablet,Organic
S05018,U00269,2026-01-14T11:39:38Z,Desktop,Social
S05019,U07134,2026-01-09T08:38:57Z,Mobile,Social
S05020,U06315,2026-01-29T03:24:27Z,Desktop,Organic
S05021,U00035,2026-02-25T14:46:48Z,Tablet,Organic
S05022,U07742,2026-02-05T08:03:20Z,Mobile,Social
S05023,U02996,2026-02-25T02:40:04Z,Mobile,Social
S05024,U07477,2026-02-18T16:09:01Z,Desktop,Social
S05025,U00977,2026-02-12T13:33:16Z,Mobile,Organic
S05026,U07898,2026-02-14T13:18:13Z,Tablet,Organic
S05027,U04037,2026-03-21T13:35:52Z,Mobile,Paid Search
S05028,U02816,2026-02-04T10:31:58Z,Mobile,Social
S05029,U04475,2026-03-17T21:12:34Z,Desktop,Email
S05030,U02743,2026-02-25T00:54:30Z,Mobile,Paid Search
S05031,U07800,2026-03-03T21:23:08Z,Desktop,Paid Search
S05032,U07112,2026-01-26T09:43:31Z,Desktop,Organic
S05033,U05598,2026-02-04T15:10:40Z,Desktop,Paid Search
S05034,U05531,2026-02-01T05:30:13Z,Desktop,Organic
S05035,U00020,2026-02-27T01:25:28Z,Desktop,Paid Search
S05036,U04575,2026-01-22T21:13:16Z,Desktop,Organic
S05037,U02018,2026-03-13T21:53:06Z,Desktop,Social
S05038,U04222,2026-03-24T04:20:48Z,Desktop,Social
S05039,U04161,2026-03-19T00:26:02Z,Mobile,Social
S05040,U02785,2026-01-25T07:53:14Z,Mobile,Social
S05041,U02778,2026-03-12T04:05:20Z,Desktop,Social
S05042,U06639,2026-03-24T18:52:03Z,Desktop,Social
S05043,U06373,2026-03-17T01:23:05Z,Desktop,Email
S05044,U07420,2026-01-10T05:51:11Z,Desktop,Social
S05045,U05615,2026-02-03T05:14:58Z,Mobile,Organic
S05046,U06368,2026-02-14T20:36:24Z,Mobile,Organic
S05047,U06875,2026-02-04T22:38:32Z,Mobile,Paid Search
S05048,U00004,2026-01-23T14:09:19Z,Mobile,Paid Search
S05049,U02900,2026-02-03T15:45:19Z,Mobile,Email
S05050,U04197,2026-02-20T12:54:14Z,Mobile,Social
S05051,U02882,2026-02-20T10:35:02Z,Desktop,Paid Search
S05052,U00189,2026-01-25T04:44:23Z,Desktop,Social
S05053,U01527,2026-03-12T17:48:40Z,Mobile,Organic
S05054,U02975,2026-03-14T13:15:19Z,Desktop,Email
S05055,U07007,2026-01-16T18:20:58Z,Desktop,Social
S05056,U04626,2026-03-28T23:16:03Z,Mobile,Paid Search
S05057,U06638,2026-01-23T13:29:16Z,Desktop,Paid Search
S05058,U00680,2026-01-21T05:03:20Z,Mobile,Paid Search
S05059,U04362,2026-03-02T12:23:44Z,Mobile,Organic
S05060,U04596,2026-02-14T12:21:01Z,Desktop,Paid Search
S05061,U06734,2026-01-05T05:51:42Z,Desktop,Social
S05062,U04073,2026-01-18T18:42:40Z,Mobile,Social
S05063,U01094,2026-03-14T10:47:03Z,Mobile,Email
S05064,U05464,2026-02-06T09:44:16Z,Mobile,Social
S05065,U00252,2026-03-24T10:15:45Z,Desktop,Paid Search
S05066,U04331,2026-01-24T08:40:38Z,Desktop,Organic
S05067,U03458,2026-03-01T20:51:59Z,Desktop,Social
S05068,U07592,2026-03-24T23:06:37Z,Mobile,Organic
S05069,U02023,2026-02-07T00:03:21Z,Mobile,Paid Search
S05070,U05263,2026-03-13T06:18:50Z,Mobile,Social
S05071,U07645,2026-03-21T12:35:23Z,Desktop,Organic
S05072,U01852,2026-02-06T05:11:13Z,Mobile,Organic
S05073,U06261,2026-01-17T04:52:34Z,Mobile,Paid Search
S05074,U02778,2026-02-28T16:36:33Z,Mobile,Paid Search
S05075,U00818,2026-03-08T19:08:03Z,Desktop,Organic
S05076,U01862,2026-02-06T19:09:47Z,Mobile,Email
S05077,U04441,2026-03-16T14:25:35Z,Desktop,Paid Search
S05078,U06129,2026-02-08T06:25:14Z,Desktop,Organic
S05079,U05669,2026-02-06T16:49:31Z,Mobile,Social
S05080,U04867,2026-03-13T08:58:40Z,Mobile,Paid Search
S05081,U05235,2026-01-23T19:09:33Z,Mobile,Organic
S05082,U06113,2026-03-27T17:15:54Z,Mobile,Organic
S05083,U04259,2026-03-24T16:27:58Z,Mobile,Social
S05084,U03394,2026-03-14T18:48:55Z,Desktop,Organic
S05085,U05888,2026-01-11T08:11:08Z,Desktop,Organic
S05086,U07875,2026-02-26T06:17:44Z,Mobile,Paid Search
S05087,U01128,2026-02-28T07:46:58Z,Mobile,Paid Search
S05088,U06274,2026-03-16T13:48:05Z,Desktop,Paid Search
S05089,U05800,2026-03-21T17:57:59Z,Desktop,Paid Search
S05090,U01011,2026-01-18T00:44:24Z,Mobile,Social
S05091,U02637,2026-03-18T02:06:03Z,Mobile,Organic
S05092,U04629,2026-02-02T21:12:54Z,Desktop,Social
S05093,U02236,2026-02-15T18:44:41Z,Desktop,Email
S05094,U04827,2026-03-28T10:40:03Z,Desktop,Social
S05095,U02437,2026-02-24T12:43:38Z,Desktop,Organic
S05096,U03741,2026-01-26T01:38:01Z,Desktop,Organic
S05097,U03057,2026-01-31T11:55:32Z,Mobile,Paid Search
S05098,U01066,2026-01-28T09:07:38Z,Desktop,Social
S05099,U00075,2026-03-03T11:44:53Z,Mobile,Social
S05100,U03911,2026-03-18T03:21:18Z,Mobile,Paid Search
S05101,U03231,2026-03-18T01:16:57Z,Mobile,Organic
S05102,U07356,2026-03-05T09:56:16Z,Mobile,Social
S05103,U02375,2026-01-12T16:43:42Z,Mobile,Email
S05104,U03170,2026-01-07T07:56:16Z,Mobile,Social
S05105,U02670,2026-03-15T13:32:01Z,Desktop,Social
S05106,U00767,2026-02-10T00:22:58Z,Mobile,Paid Search
S05107,U05345,2026-03-26T18:10:33Z,Mobile,Social
S05108,U00590,2026-02-04T15:07:00Z,Desktop,Email
S05109,U07051,2026-01-31T03:54:26Z,Desktop,Paid Search
S05110,U01827,2026-02-26T12:09:04Z,Mobile,Organic
S05111,U07281,2026-01-09T22:55:16Z,Desktop,Organic
S05112,U03196,2026-01-28T00:36:03Z,Mobile,Paid Search
S05113,U00463,2026-01-07T13:03:35Z,Desktop,Paid Search
S05114,U04108,2026-03-24T02:01:10Z,Desktop,Social
S05115,U03903,2026-02-16T07:06:52Z,Desktop,Social
S05116,U07627,2026-03-27T22:58:26Z,Mobile,Paid Search
S05117,U03610,2026-03-18T11:32:17Z,Mobile,Paid Search
S05118,U04816,2026-01-05T17:15:54Z,Mobile,Organic
S05119,U02668,2026-02-19T22:10:20Z,Desktop,Email
S05120,U04173,2026-03-31T03:49:05Z,Mobile,Organic
S05121,U06209,2026-02-23T00:43:03Z,Mobile,Organic
S05122,U05124,2026-03-19T02:27:14Z,Mobile,Organic
S05123,U05460,2026-02-15T15:03:41Z,Desktop,Paid Search
S05124,U01804,2026-02-16T12:13:59Z,Mobile,Organic
S05125,U00212,2026-03-30T19:54:29Z,Mobile,Paid Search
S05126,U06290,2026-02-25T07:05:53Z,Mobile,Social
S05127,U06995,2026-01-29T08:34:32Z,Mobile,Organic
S05128,U05316,2026-02-17T07:03:33Z,Mobile,Email
S05129,U04087,2026-02-22T19:09:36Z,Desktop,Social
S05130,U04260,2026-02-11T01:13:53Z,Mobile,Organic
S05131,U00404,2026-01-16T20:02:51Z,Desktop,Social
S05132,U07665,2026-03-03T11:30:30Z,Mobile,Organic
S05133,U02622,2026-01-04T12:19:17Z,Mobile,Social
S05134,U04820,2026-03-04T09:27:58Z,Mobile,Paid Search
S05135,U06438,2026-03-12T15:32:17Z,Mobile,Social
S05136,U03627,2026-02-01T07:58:58Z,Mobile,Social
S05137,U07051,2026-01-30T07:13:55Z,Tablet,Paid Search
S05138,U02826,2026-01-22T18:16:37Z,Mobile,Email
S05139,U02362,2026-01-27T20:00:12Z,Desktop,Paid Search
S05140,U02374,2026-01-07T11:45:53Z,Tablet,Organic
S05141,U02210,2026-03-24T20:31:21Z,Mobile,Paid Search
S05142,U06153,2026-01-31T14:54:58Z,Mobile,Paid Search
S05143,U03597,2026-02-10T21:08:20Z,Mobile,Paid Search
S05144,U05030,2026-03-04T08:26:28Z,Mobile,Paid Search
S05145,U04880,2026-03-09T16:23:54Z,Desktop,Paid Search
S05146,U05176,2026-02-16T16:28:54Z,Mobile,Organic
S05147,U03565,2026-02-03T21:52:44Z,Desktop,Organic
S05148,U02246,2026-03-23T05:44:44Z,Mobile,Organic
S05149,U04611,2026-01-10T22:36:15Z,Mobile,Paid Search
S05150,U05479,2026-03-02T12:05:30Z,Mobile,Paid Search
S05151,U02652,2026-01-06T23:16:27Z,Desktop,Email
S05152,U02482,2026-02-11T20:39:13Z,Mobile,Organic
S05153,U07125,2026-02-07T14:52:55Z,Mobile,Social
S05154,U06484,2026-02-22T12:14:30Z,Mobile,Paid Search
S05155,U05494,2026-03-02T11:25:26Z,Desktop,Social
S05156,U04870,2026-01-21T18:20:30Z,Mobile,Social
S05157,U03856,2026-03-13T17:47:47Z,Desktop,Organic
S05158,U03841,2026-03-01T15:28:15Z,Mobile,Paid Search
S05159,U03375,2026-03-07T09:00:08Z,Desktop,Social
S05160,U07997,2026-03-05T18:19:21Z,Desktop,Email
S05161,U03635,2026-02-07T10:06:04Z,Tablet,Social
S05162,U03617,2026-03-20T00:59:25Z,Desktop,Organic
S05163,U01298,2026-01-19T14:44:12Z,Mobile,Paid Search
S05164,U02618,2026-02-24T18:11:59Z,Mobile,Paid Search
S05165,U04536,2026-02-26T05:59:33Z,Mobile,Paid Search
S05166,U05499,2026-03-12T16:45:39Z,Desktop,Email
S05167,U02987,2026-02-10T07:17:57Z,Desktop,Social
S05168,U07131,2026-03-22T17:22:30Z,Mobile,Paid Search
S05169,U00373,2026-01-04T12:42:50Z,Mobile,Organic
S05170,U04486,2026-01-09T04:40:41Z,Mobile,Organic
S05171,U02733,2026-01-24T17:36:13Z,Desktop,Paid Search
S05172,U05940,2026-03-13T05:39:53Z,Mobile,Email
S05173,U04348,2026-03-14T01:17:12Z,Desktop,Paid Search
S05174,U06377,2026-03-29T18:16:19Z,Mobile,Social
S05175,U04389,2026-03-08T04:30:03Z,Mobile,Organic
S05176,U07652,2026-01-06T14:31:49Z,Mobile,Paid Search
S05177,U02609,2026-02-01T11:54:39Z,Mobile,Social
S05178,U02899,2026-03-23T16:05:23Z,Mobile,Social
S05179,U06579,2026-02-07T01:25:24Z,Mobile,Social
S05180,U00212,2026-03-25T22:23:09Z,Desktop,Paid Search
S05181,U04128,2026-03-09T16:17:41Z,Mobile,Organic
S05182,U02361,2026-03-22T05:25:26Z,Mobile,Organic
S05183,U03825,2026-01-03T10:25:20Z,Mobile,Organic
S05184,U00113,2026-02-08T21:06:42Z,Mobile,Paid Search
S05185,U05159,2026-03-29T04:10:18Z,Mobile,Paid Search
S05186,U04522,2026-01-06T01:30:30Z,Desktop,Organic
S05187,U07161,2026-01-18T04:44:15Z,Desktop,Organic
S05188,U04973,2026-03-21T01:21:07Z,Desktop,Paid Search
S05189,U06055,2026-03-21T08:48:38Z,Mobile,Paid Search
S05190,U04608,2026-01-06T08:12:05Z,Desktop,Paid Search
S05191,U07507,2026-01-22T11:04:58Z,Mobile,Social
S05192,U02863,2026-03-04T01:23:50Z,Mobile,Organic
S05193,U07144,2026-03-27T06:41:54Z,Mobile,Paid Search
S05194,U04977,2026-03-22T14:49:02Z,Mobile,Organic
S05195,U05817,2026-02-03T12:59:48Z,Mobile,Email
S05196,U05178,2026-03-12T19:47:48Z,Desktop,Paid Search
S05197,U04079,2026-03-16T18:16:33Z,Desktop,Organic
S05198,U07944,2026-03-17T18:14:38Z,Tablet,Social
S05199,U05134,2026-01-14T08:06:53Z,Desktop,Organic
S05200,U00829,2026-03-28T06:34:35Z,Mobile,Paid Search
S05201,U03297,2026-02-14T07:58:29Z,Mobile,Organic
S05202,U06109,2026-01-21T21:15:46Z,Mobile,Paid Search
S05203,U05305,2026-02-16T01:21:06Z,Mobile,Paid Search
S05204,U02276,2026-03-05T03:25:27Z,Desktop,Organic
S05205,U07935,2026-01-14T13:28:13Z,Mobile,Organic
S05206,U06051,2026-03-23T05:13:20Z,Mobile,Social
S05207,U04569,2026-01-15T07:58:50Z,Desktop,Social
S05208,U04486,2026-02-24T04:54:59Z,Mobile,Organic
S05209,U06029,2026-02-26T08:58:33Z,Mobile,Email
S05210,U02305,2026-03-27T15:10:43Z,Mobile,Social
S05211,U05684,2026-02-03T09:50:23Z,Mobile,Organic
S05212,U02096,2026-02-25T05:33:00Z,Desktop,Organic
S05213,U04716,2026-03-30T13:06:37Z,Mobile,Social
S05214,U02780,2026-03-22T13:10:51Z,Desktop,Social
S05215,U05303,2026-03-06T23:15:04Z,Mobile,Email
S05216,U01240,2026-01-23T00:28:55Z,Mobile,Paid Search
S05217,U02028,2026-02-01T05:30:50Z,Mobile,Organic
S05218,U02751,2026-02-24T15:58:56Z,Mobile,Social
S05219,U06245,2026-03-07T04:30:03Z,Mobile,Social
S05220,U04712,2026-02-28T10:42:44Z,Mobile,Organic
S05221,U07249,2026-01-10T07:19:38Z,Mobile,Organic
S05222,U05626,2026-02-03T21:58:26Z,Tablet,Organic
S05223,U01568,2026-02-26T18:15:18Z,Mobile,Organic
S05224,U02798,2026-01-27T03:54:24Z,Mobile,Paid Search
S05225,U05360,2026-03-12T19:26:33Z,Mobile,Organic
S05226,U00093,2026-01-14T14:29:28Z,Mobile,Paid Search
S05227,U06043,2026-03-18T08:05:08Z,Mobile,Social
S05228,U02897,2026-03-24T13:18:09Z,Tablet,Organic
S05229,U06629,2026-03-11T03:25:53Z,Mobile,Organic
S05230,U00101,2026-01-11T00:46:56Z,Desktop,Social
S05231,U07799,2026-03-25T06:21:23Z,Desktop,Organic
S05232,U05705,2026-01-19T12:15:56Z,Mobile,Social
S05233,U01028,2026-01-13T08:54:35Z,Mobile,Email
S05234,U01114,2026-03-16T18:04:26Z,Desktop,Organic
S05235,U04350,2026-03-03T12:52:55Z,Mobile,Email
S05236,U07814,2026-03-28T05:58:10Z,Mobile,Organic
S05237,U07321,2026-03-16T00:39:04Z,Mobile,Organic
S05238,U05448,2026-01-04T01:53:42Z,Mobile,Social
S05239,U07666,2026-03-03T00:15:53Z,Desktop,Email
S05240,U06907,2026-02-11T16:20:36Z,Desktop,Social
S05241,U01108,2026-01-20T21:42:06Z,Desktop,Organic
S05242,U05495,2026-02-11T09:19:04Z,Mobile,Organic
S05243,U02423,2026-02-01T20:02:57Z,Desktop,Social
S05244,U02551,2026-03-24T03:06:22Z,Mobile,Paid Search
S05245,U06801,2026-01-07T02:05:27Z,Mobile,Paid Search
S05246,U04287,2026-01-28T14:33:20Z,Mobile,Paid Search
S05247,U07522,2026-03-23T13:18:27Z,Desktop,Organic
S05248,U06125,2026-02-16T01:24:31Z,Mobile,Social
S05249,U00779,2026-01-07T06:51:18Z,Mobile,Social
S05250,U01581,2026-02-16T21:23:32Z,Desktop,Organic
S05251,U00947,2026-02-17T15:18:50Z,Mobile,Organic
S05252,U07526,2026-01-12T22:30:13Z,Desktop,Email
S05253,U03177,2026-02-19T01:59:11Z,Desktop,Organic
S05254,U01894,2026-01-17T14:03:56Z,Mobile,Email
S05255,U05662,2026-01-25T03:50:15Z,Mobile,Paid Search
S05256,U00379,2026-02-07T11:31:15Z,Mobile,Social
S05257,U04899,2026-03-23T20:50:59Z,Mobile,Paid Search
S05258,U02726,2026-01-02T00:12:24Z,Desktop,Social
S05259,U01851,2026-01-30T23:13:02Z,Mobile,Social
S05260,U07968,2026-01-04T05:27:50Z,Desktop,Social
S05261,U03469,2026-01-13T01:58:40Z,Mobile,Organic
S05262,U02356,2026-01-25T13:20:15Z,Desktop,Paid Search
S05263,U01239,2026-02-17T17:08:31Z,Mobile,Organic
S05264,U06492,2026-03-21T22:30:20Z,Desktop,Paid Search
S05265,U04294,2026-03-08T22:44:07Z,Desktop,Social
S05266,U02599,2026-03-12T09:04:32Z,Mobile,Email
S05267,U02156,2026-01-15T03:24:30Z,Mobile,Organic
S05268,U07915,2026-03-06T11:21:02Z,Tablet,Social
S05269,U05591,2026-02-03T03:21:52Z,Mobile,Email
S05270,U07645,2026-01-01T04:27:03Z,Desktop,Social
S05271,U00929,2026-02-19T03:47:46Z,Mobile,Social
S05272,U04280,2026-03-10T08:04:12Z,Desktop,Social
S05273,U03457,2026-03-02T21:22:36Z,Mobile,Email
S05274,U05922,2026-02-10T10:35:11Z,Desktop,Social
S05275,U02296,2026-01-20T10:35:29Z,Mobile,Paid Search
S05276,U02598,2026-01-09T04:26:44Z,Mobile,Email
S05277,U07452,2026-03-26T14:24:32Z,Desktop,Organic
S05278,U05278,2026-01-19T04:37:16Z,Mobile,Social
S05279,U04248,2026-02-24T18:36:45Z,Mobile,Organic
S05280,U05025,2026-03-18T12:39:34Z,Mobile,Social
S05281,U06174,2026-02-24T14:13:57Z,Mobile,Organic
S05282,U02215,2026-01-30T03:35:17Z,Desktop,Social
S05283,U01747,2026-03-24T10:29:07Z,Mobile,Social
S05284,U07754,2026-01-31T23:02:14Z,Mobile,Social
S05285,U06846,2026-01-06T23:15:51Z,Mobile,Paid Search
S05286,U04317,2026-02-18T01:56:54Z,Mobile,Social
S05287,U05233,2026-03-31T11:44:58Z,Desktop,Email
S05288,U05361,2026-01-31T08:40:10Z,Mobile,Organic
S05289,U03915,2026-03-19T17:04:06Z,Mobile,Social
S05290,U01978,2026-02-16T05:41:18Z,Desktop,Paid Search
S05291,U04617,2026-02-10T01:46:33Z,Mobile,Organic
S05292,U04626,2026-02-04T00:38:59Z,Desktop,Paid Search
S05293,U01255,2026-01-05T21:48:27Z,Mobile,Email
S05294,U00631,2026-03-19T22:02:57Z,Desktop,Organic
S05295,U07307,2026-02-18T06:27:45Z,Desktop,Paid Search
S05296,U06105,2026-01-04T18:35:15Z,Tablet,Email
S05297,U05471,2026-01-26T03:14:29Z,Desktop,Organic
S05298,U04542,2026-02-28T21:12:38Z,Mobile,Organic
S05299,U06826,2026-01-18T12:36:19Z,Mobile,Social
S05300,U05729,2026-02-24T04:29:19Z,Mobile,Social
S05301,U05330,2026-03-05T18:00:23Z,Mobile,Organic
S05302,U01238,2026-01-24T03:41:08Z,Desktop,Organic
S05303,U01176,2026-02-28T02:23:05Z,Desktop,Paid Search
S05304,U06056,2026-01-01T20:55:24Z,Mobile,Social
S05305,U01493,2026-03-19T08:08:45Z,Mobile,Social
S05306,U00816,2026-02-28T05:25:24Z,Mobile,Social
S05307,U00241,2026-01-10T08:42:55Z,Desktop,Organic
S05308,U07982,2026-03-28T01:36:53Z,Mobile,Organic
S05309,U05975,2026-02-06T03:46:17Z,Mobile,Organic
S05310,U06166,2026-01-05T20:18:20Z,Mobile,Organic
S05311,U07987,2026-01-14T09:02:58Z,Mobile,Email
S05312,U07782,2026-01-27T17:27:58Z,Desktop,Organic
S05313,U00444,2026-02-24T20:09:59Z,Mobile,Paid Search
S05314,U05117,2026-03-18T07:36:52Z,Mobile,Paid Search
S05315,U06445,2026-02-08T09:49:43Z,Desktop,Paid Search
S05316,U02280,2026-02-01T19:40:19Z,Mobile,Paid Search
S05317,U06497,2026-02-26T08:25:18Z,Mobile,Organic
S05318,U03001,2026-03-15T09:42:21Z,Mobile,Organic
S05319,U07523,2026-03-04T00:33:19Z,Mobile,Email
S05320,U04521,2026-03-08T04:44:21Z,Desktop,Email
S05321,U06112,2026-01-04T20:13:18Z,Desktop,Paid Search
S05322,U04533,2026-03-10T10:12:23Z,Mobile,Paid Search
S05323,U03806,2026-02-13T18:46:00Z,Mobile,Paid Search
S05324,U07760,2026-02-07T03:39:08Z,Mobile,Social
S05325,U04043,2026-01-03T13:53:01Z,Mobile,Social
S05326,U00566,2026-01-28T08:28:50Z,Mobile,Paid Search
S05327,U04836,2026-03-31T03:23:48Z,Tablet,Email
S05328,U00633,2026-02-02T02:04:40Z,Mobile,Paid Search
S05329,U01731,2026-01-02T07:49:28Z,Mobile,Paid Search
S05330,U02350,2026-03-16T04:59:33Z,Desktop,Social
S05331,U06607,2026-02-17T18:50:11Z,Mobile,Paid Search
S05332,U02212,2026-02-27T10:52:14Z,Mobile,Paid Search
S05333,U02632,2026-02-01T05:22:04Z,Mobile,Social
S05334,U05870,2026-01-18T20:57:16Z,Desktop,Organic
S05335,U00199,2026-02-19T16:03:43Z,Desktop,Organic
S05336,U06658,2026-01-21T01:14:43Z,Desktop,Paid Search
S05337,U07653,2026-03-19T15:05:17Z,Mobile,Social
S05338,U03660,2026-02-05T11:43:03Z,Mobile,Email
S05339,U03664,2026-03-31T19:36:39Z,Desktop,Social
S05340,U02299,2026-02-17T11:51:47Z,Mobile,Social
S05341,U00587,2026-03-18T08:50:15Z,Mobile,Email
S05342,U05154,2026-01-11T11:02:23Z,Desktop,Organic
S05343,U06433,2026-01-03T20:47:10Z,Mobile,Organic
S05344,U00330,2026-03-08T09:22:15Z,Mobile,Organic
S05345,U06958,2026-01-05T00:49:08Z,Mobile,Paid Search
S05346,U06634,2026-03-09T07:41:03Z,Mobile,Email
S05347,U03634,2026-01-19T10:16:05Z,Mobile,Organic
S05348,U06050,2026-03-09T01:26:20Z,Desktop,Paid Search
S05349,U00491,2026-02-19T12:50:55Z,Mobile,Social
S05350,U02771,2026-02-12T21:54:21Z,Mobile,Organic
S05351,U05177,2026-02-26T02:34:18Z,Desktop,Organic
S05352,U06826,2026-03-03T14:06:01Z,Desktop,Social
S05353,U06365,2026-03-22T01:27:05Z,Desktop,Social
S05354,U03866,2026-03-31T09:00:40Z,Mobile,Paid Search
S05355,U05273,2026-03-17T15:16:14Z,Mobile,Social
S05356,U07078,2026-01-09T03:12:16Z,Desktop,Social
S05357,U04880,2026-03-29T10:09:35Z,Desktop,Email
S05358,U04708,2026-01-21T21:03:15Z,Mobile,Social
S05359,U02505,2026-02-08T19:18:23Z,Desktop,Paid Search
S05360,U04460,2026-02-09T13:59:55Z,Mobile,Social
S05361,U03905,2026-03-06T17:59:53Z,Mobile,Paid Search
S05362,U03911,2026-03-03T14:27:54Z,Desktop,Social
S05363,U02034,2026-03-02T07:29:31Z,Mobile,Organic
S05364,U03469,2026-03-14T03:37:36Z,Desktop,Paid Search
S05365,U03483,2026-02-09T16:04:33Z,Mobile,Paid Search
S05366,U01555,2026-03-30T22:13:54Z,Mobile,Organic
S05367,U04726,2026-01-21T13:51:19Z,Desktop,Organic
S05368,U04712,2026-02-15T15:18:30Z,Desktop,Paid Search
S05369,U07300,2026-03-25T15:52:36Z,Desktop,Organic
S05370,U07011,2026-03-25T15:08:02Z,Mobile,Social
S05371,U03689,2026-03-03T04:02:26Z,Mobile,Paid Search
S05372,U07796,2026-03-01T02:01:02Z,Mobile,Paid Search
S05373,U02098,2026-03-31T03:06:53Z,Mobile,Email
S05374,U06654,2026-03-21T22:40:56Z,Desktop,Organic
S05375,U02189,2026-03-22T07:52:53Z,Mobile,Email
S05376,U05813,2026-03-12T09:47:49Z,Mobile,Social
S05377,U05652,2026-03-28T14:55:39Z,Mobile,Social
S05378,U07607,2026-01-28T00:21:32Z,Desktop,Organic
S05379,U01171,2026-01-17T19:13:22Z,Desktop,Social
S05380,U04550,2026-03-06T20:15:16Z,Mobile,Email
S05381,U03357,2026-01-21T15:31:26Z,Desktop,Organic
S05382,U06373,2026-03-20T19:40:19Z,Mobile,Paid Search
S05383,U07869,2026-02-06T07:09:21Z,Desktop,Organic
S05384,U06398,2026-02-25T12:55:15Z,Mobile,Paid Search
S05385,U07741,2026-03-14T02:21:11Z,Mobile,Paid Search
S05386,U03181,2026-02-13T22:06:51Z,Mobile,Organic
S05387,U01163,2026-03-02T19:18:09Z,Mobile,Paid Search
S05388,U06963,2026-01-03T19:04:26Z,Mobile,Organic
S05389,U03935,2026-03-16T00:40:09Z,Mobile,Email
S05390,U06391,2026-02-25T20:54:23Z,Desktop,Organic
S05391,U01430,2026-03-20T22:19:29Z,Mobile,Paid Search
S05392,U04444,2026-02-03T01:26:07Z,Mobile,Email
S05393,U02859,2026-01-13T09:34:53Z,Mobile,Paid Search
S05394,U07422,2026-01-04T06:51:55Z,Desktop,Paid Search
S05395,U03541,2026-01-08T13:22:41Z,Desktop,Paid Search
S05396,U06776,2026-01-20T07:53:42Z,Mobile,Email
S05397,U02457,2026-02-15T10:26:56Z,Desktop,Paid Search
S05398,U02659,2026-01-31T11:09:32Z,Desktop,Paid Search
S05399,U03719,2026-03-02T04:58:29Z,Desktop,Organic
S05400,U01621,2026-02-15T01:41:45Z,Desktop,Organic
S05401,U02501,2026-01-19T10:07:07Z,Desktop,Social
S05402,U06817,2026-01-31T18:34:32Z,Desktop,Paid Search
S05403,U02107,2026-02-25T16:06:31Z,Mobile,Paid Search
S05404,U03109,2026-03-20T03:02:19Z,Mobile,Organic
S05405,U02308,2026-03-21T13:52:05Z,Mobile,Social
S05406,U00166,2026-01-10T18:42:23Z,Mobile,Organic
S05407,U06591,2026-01-14T20:38:08Z,Mobile,Paid Search
S05408,U00817,2026-01-24T15:22:36Z,Mobile,Paid Search
S05409,U00249,2026-02-17T07:36:37Z,Desktop,Social
S05410,U06909,2026-02-11T18:36:38Z,Mobile,Paid Search
S05411,U05865,2026-03-03T02:05:41Z,Desktop,Social
S05412,U03399,2026-01-25T03:21:34Z,Desktop,Paid Search
S05413,U05781,2026-03-05T08:29:28Z,Mobile,Email
S05414,U04879,2026-02-26T07:45:32Z,Mobile,Organic
S05415,U02371,2026-01-11T00:12:26Z,Mobile,Social
S05416,U00634,2026-01-21T09:30:19Z,Mobile,Organic
S05417,U00340,2026-01-11T09:51:40Z,Mobile,Paid Search
S05418,U06992,2026-03-02T03:02:19Z,Mobile,Paid Search
S05419,U01986,2026-02-13T01:54:53Z,Mobile,Organic
S05420,U07466,2026-01-15T20:49:56Z,Desktop,Paid Search
S05421,U03948,2026-03-22T14:47:53Z,Mobile,Email
S05422,U04051,2026-03-31T09:58:37Z,Desktop,Email
S05423,U02103,2026-03-19T15:54:41Z,Mobile,Social
S05424,U00068,2026-02-12T13:41:26Z,Mobile,Paid Search
S05425,U06203,2026-01-22T06:32:02Z,Mobile,Social
S05426,U05972,2026-03-26T18:12:46Z,Mobile,Organic
S05427,U01306,2026-02-13T09:23:17Z,Desktop,Social
S05428,U00173,2026-01-13T13:55:58Z,Mobile,Email
S05429,U02901,2026-03-14T18:10:33Z,Desktop,Social
S05430,U04493,2026-01-06T20:16:02Z,Mobile,Paid Search
S05431,U02450,2026-02-03T09:51:38Z,Desktop,Organic
S05432,U06274,2026-02-05T05:00:09Z,Desktop,Email
S05433,U02839,2026-03-22T00:41:01Z,Mobile,Organic
S05434,U05482,2026-01-09T11:57:24Z,Desktop,Organic
S05435,U07761,2026-01-23T14:57:12Z,Mobile,Social
S05436,U05945,2026-01-06T10:40:45Z,Mobile,Organic
S05437,U00644,2026-01-01T16:12:44Z,Tablet,Social
S05438,U03830,2026-01-20T08:12:53Z,Mobile,Social
S05439,U00685,2026-02-10T09:09:34Z,Mobile,Paid Search
S05440,U03746,2026-02-25T00:30:22Z,Mobile,Social
S05441,U03877,2026-03-10T00:13:02Z,Mobile,Paid Search
S05442,U05122,2026-02-17T13:12:05Z,Mobile,Organic
S05443,U00757,2026-01-06T15:46:55Z,Mobile,Organic
S05444,U07079,2026-01-23T20:08:33Z,Desktop,Organic
S05445,U01608,2026-01-23T13:14:10Z,Desktop,Paid Search
S05446,U00838,2026-02-05T01:58:48Z,Desktop,Social
S05447,U05145,2026-03-16T09:44:35Z,Desktop,Social
S05448,U07050,2026-02-20T21:30:50Z,Desktop,Paid Search
S05449,U00120,2026-01-08T19:22:25Z,Mobile,Organic
S05450,U05392,2026-03-11T01:23:40Z,Mobile,Paid Search
S05451,U03263,2026-03-25T06:07:52Z,Desktop,Social
S05452,U02762,2026-02-28T02:16:01Z,Mobile,Paid Search
S05453,U07176,2026-02-25T15:02:58Z,Mobile,Paid Search
S05454,U06113,2026-02-14T19:43:20Z,Desktop,Email
S05455,U02261,2026-01-08T22:31:51Z,Mobile,Organic
S05456,U03598,2026-01-03T14:05:52Z,Desktop,Organic
S05457,U06883,2026-03-25T20:20:49Z,Mobile,Organic
S05458,U05241,2026-02-06T04:16:09Z,Desktop,Email
S05459,U02267,2026-03-14T08:25:35Z,Tablet,Social
S05460,U05705,2026-02-10T15:04:35Z,Mobile,Paid Search
S05461,U04631,2026-03-22T18:04:37Z,Desktop,Paid Search
S05462,U00044,2026-03-29T08:55:09Z,Mobile,Paid Search
S05463,U04543,2026-01-07T23:08:10Z,Desktop,Organic
S05464,U05365,2026-01-08T09:34:06Z,Mobile,Organic
S05465,U07350,2026-01-07T11:40:27Z,Desktop,Social
S05466,U04022,2026-03-21T19:51:29Z,Desktop,Organic
S05467,U02667,2026-01-04T13:56:15Z,Mobile,Organic
S05468,U00108,2026-02-26T05:57:49Z,Mobile,Organic
S05469,U00460,2026-02-16T02:39:23Z,Mobile,Paid Search
S05470,U01707,2026-03-02T12:34:48Z,Mobile,Paid Search
S05471,U00720,2026-03-21T04:22:56Z,Desktop,Paid Search
S05472,U07671,2026-02-07T03:42:26Z,Mobile,Email
S05473,U02252,2026-03-05T09:24:14Z,Desktop,Organic
S05474,U07490,2026-02-17T02:27:59Z,Mobile,Paid Search
S05475,U01192,2026-01-28T05:36:28Z,Mobile,Social
S05476,U02173,2026-02-18T20:27:10Z,Mobile,Email
S05477,U05525,2026-03-20T07:23:36Z,Mobile,Email
S05478,U06646,2026-02-18T01:51:55Z,Mobile,Organic
S05479,U04385,2026-02-08T22:24:54Z,Mobile,Paid Search
S05480,U04740,2026-01-09T20:39:42Z,Mobile,Paid Search
S05481,U00689,2026-01-27T15:33:56Z,Mobile,Social
S05482,U06232,2026-03-18T10:11:33Z,Mobile,Paid Search
S05483,U03126,2026-03-16T11:38:12Z,Tablet,Email
S05484,U03924,2026-01-14T19:26:46Z,Mobile,Paid Search
S05485,U01055,2026-01-30T08:43:58Z,Tablet,Social
S05486,U06296,2026-01-31T03:46:24Z,Desktop,Paid Search
S05487,U00199,2026-03-26T05:35:27Z,Mobile,Organic
S05488,U03513,2026-02-01T19:53:20Z,Desktop,Email
S05489,U01660,2026-03-03T18:25:53Z,Desktop,Email
S05490,U00354,2026-03-09T05:21:38Z,Mobile,Social
S05491,U03246,2026-03-01T13:10:39Z,Mobile,Social
S05492,U07384,2026-03-26T22:46:03Z,Desktop,Social
S05493,U07204,2026-03-09T06:19:49Z,Mobile,Social
S05494,U06993,2026-01-02T13:46:37Z,Desktop,Social
S05495,U03985,2026-03-29T19:03:46Z,Mobile,Email
S05496,U03092,2026-01-21T13:27:09Z,Mobile,Social
S05497,U02339,2026-01-10T16:22:08Z,Mobile,Organic
S05498,U00339,2026-02-28T22:00:33Z,Mobile,Organic
S05499,U05943,2026-03-21T19:52:54Z,Desktop,Organic
S05500,U07746,2026-03-12T20:52:51Z,Mobile,Social
S05501,U03170,2026-03-30T16:40:13Z,Desktop,Paid Search
S05502,U05206,2026-02-10T23:18:01Z,Desktop,Paid Search
S05503,U05757,2026-03-09T18:09:25Z,Desktop,Organic
S05504,U07184,2026-01-31T15:58:36Z,Mobile,Paid Search
S05505,U00658,2026-03-09T18:04:36Z,Mobile,Email
S05506,U01641,2026-03-23T03:35:01Z,Mobile,Social
S05507,U03916,2026-02-06T06:05:00Z,Tablet,Organic
S05508,U05920,2026-02-04T17:29:36Z,Mobile,Organic
S05509,U06613,2026-03-05T19:49:44Z,Mobile,Organic
S05510,U02531,2026-03-03T14:52:23Z,Mobile,Organic
S05511,U02074,2026-02-26T18:57:49Z,Mobile,Email
S05512,U07951,2026-01-15T12:05:22Z,Mobile,Organic
S05513,U03502,2026-03-31T17:41:12Z,Mobile,Organic
S05514,U04691,2026-02-24T14:37:57Z,Mobile,Paid Search
S05515,U05876,2026-02-03T03:47:39Z,Mobile,Organic
S05516,U01792,2026-01-30T20:16:59Z,Mobile,Paid Search
S05517,U05460,2026-03-20T04:54:49Z,Desktop,Social
S05518,U07219,2026-03-09T14:12:34Z,Mobile,Paid Search
S05519,U00712,2026-02-23T06:47:53Z,Mobile,Social
S05520,U07487,2026-03-05T09:46:57Z,Desktop,Organic
S05521,U03363,2026-01-11T11:07:10Z,Desktop,Paid Search
S05522,U01218,2026-01-01T14:31:10Z,Mobile,Social
S05523,U00298,2026-02-22T10:23:23Z,Desktop,Paid Search
S05524,U03521,2026-03-14T03:02:35Z,Mobile,Paid Search
S05525,U02037,2026-02-09T12:22:20Z,Desktop,Email
S05526,U06023,2026-03-08T09:47:07Z,Desktop,Organic
S05527,U05298,2026-02-08T05:41:22Z,Desktop,Organic
S05528,U03060,2026-01-26T05:44:49Z,Mobile,Email
S05529,U03666,2026-02-21T20:44:12Z,Desktop,Organic
S05530,U00764,2026-02-21T02:23:34Z,Desktop,Social
S05531,U02541,2026-02-28T15:18:39Z,Desktop,Organic
S05532,U01149,2026-03-24T11:09:47Z,Desktop,Paid Search
S05533,U01577,2026-03-28T12:57:58Z,Mobile,Organic
S05534,U01286,2026-02-03T02:53:44Z,Mobile,Paid Search
S05535,U02943,2026-01-25T20:00:15Z,Mobile,Paid Search
S05536,U02133,2026-02-10T20:31:35Z,Desktop,Organic
S05537,U06467,2026-03-28T12:32:03Z,Desktop,Organic
S05538,U03272,2026-01-22T08:18:58Z,Mobile,Social
S05539,U05138,2026-02-05T08:24:36Z,Mobile,Social
S05540,U02288,2026-01-18T21:57:28Z,Tablet,Paid Search
S05541,U07019,2026-03-05T10:16:50Z,Desktop,Organic
S05542,U03223,2026-02-28T04:42:51Z,Mobile,Paid Search
S05543,U06052,2026-03-21T17:30:22Z,Mobile,Social
S05544,U03360,2026-01-28T10:46:13Z,Mobile,Social
S05545,U02389,2026-01-03T01:10:19Z,Mobile,Paid Search
S05546,U05211,2026-01-22T21:04:42Z,Mobile,Organic
S05547,U00015,2026-01-07T06:33:04Z,Mobile,Paid Search
S05548,U06792,2026-03-15T20:40:32Z,Mobile,Social
S05549,U01827,2026-02-14T04:15:32Z,Desktop,Email
S05550,U04841,2026-02-23T07:52:51Z,Mobile,Social
S05551,U07507,2026-02-11T16:22:36Z,Mobile,Social
S05552,U01012,2026-03-02T07:37:09Z,Tablet,Social
S05553,U07964,2026-01-24T14:19:30Z,Mobile,Organic
S05554,U05208,2026-03-12T18:23:40Z,Mobile,Social
S05555,U03637,2026-01-07T17:45:09Z,Mobile,Social
S05556,U05479,2026-01-03T23:14:44Z,Mobile,Organic
S05557,U01253,2026-02-02T07:21:37Z,Mobile,Organic
S05558,U04206,2026-01-07T09:17:47Z,Desktop,Organic
S05559,U07951,2026-03-05T18:00:32Z,Desktop,Organic
S05560,U06642,2026-02-25T07:06:20Z,Mobile,Social
S05561,U04153,2026-01-14T21:20:38Z,Mobile,Organic
S05562,U06624,2026-02-27T20:42:20Z,Mobile,Organic
S05563,U02570,2026-02-15T03:48:37Z,Mobile,Social
S05564,U02716,2026-03-11T17:59:26Z,Tablet,Paid Search
S05565,U04704,2026-01-25T07:27:20Z,Mobile,Paid Search
S05566,U02448,2026-01-30T02:35:36Z,Desktop,Organic
S05567,U03466,2026-02-12T13:56:30Z,Desktop,Paid Search
S05568,U00923,2026-03-01T13:48:56Z,Mobile,Organic
S05569,U02521,2026-01-03T01:34:40Z,Mobile,Paid Search
S05570,U00989,2026-03-08T16:53:45Z,Mobile,Organic
S05571,U07376,2026-01-25T03:28:44Z,Desktop,Organic
S05572,U03832,2026-02-19T21:46:31Z,Mobile,Social
S05573,U06347,2026-03-05T10:26:55Z,Desktop,Social
S05574,U00629,2026-03-28T22:14:47Z,Mobile,Organic
S05575,U01691,2026-02-14T05:57:12Z,Desktop,Social
S05576,U06004,2026-01-04T16:10:57Z,Mobile,Paid Search
S05577,U05559,2026-03-14T13:40:31Z,Desktop,Organic
S05578,U00052,2026-03-23T09:33:52Z,Desktop,Paid Search
S05579,U06913,2026-01-19T17:57:19Z,Mobile,Social
S05580,U00482,2026-02-22T19:13:18Z,Mobile,Paid Search
S05581,U06475,2026-01-20T12:43:39Z,Mobile,Email
S05582,U06789,2026-03-03T12:55:47Z,Mobile,Organic
S05583,U03344,2026-02-23T15:38:33Z,Tablet,Organic
S05584,U05898,2026-02-28T13:42:20Z,Desktop,Email
S05585,U03716,2026-01-01T06:44:56Z,Mobile,Paid Search
S05586,U01578,2026-02-23T14:22:28Z,Mobile,Paid Search
S05587,U06263,2026-03-17T17:21:09Z,Mobile,Organic
S05588,U05952,2026-02-11T22:21:58Z,Mobile,Social
S05589,U05214,2026-02-24T06:45:55Z,Mobile,Social
S05590,U03792,2026-02-18T12:10:32Z,Mobile,Social
S05591,U04021,2026-02-07T06:00:15Z,Mobile,Organic
S05592,U04715,2026-02-23T05:25:20Z,Mobile,Organic
S05593,U00914,2026-02-18T04:03:25Z,Mobile,Organic
S05594,U00448,2026-01-07T15:43:20Z,Mobile,Paid Search
S05595,U01661,2026-03-23T17:05:09Z,Mobile,Paid Search
S05596,U03173,2026-02-22T16:08:06Z,Mobile,Email
S05597,U01226,2026-03-20T15:17:55Z,Desktop,Social
S05598,U01255,2026-02-27T20:30:17Z,Mobile,Email
S05599,U04407,2026-03-21T14:40:57Z,Tablet,Social
S05600,U00101,2026-02-02T18:17:07Z,Mobile,Social
S05601,U02658,2026-01-05T20:44:55Z,Desktop,Organic
S05602,U06980,2026-02-15T00:34:51Z,Mobile,Email
S05603,U06265,2026-01-12T02:23:23Z,Desktop,Paid Search
S05604,U04381,2026-01-09T10:05:10Z,Mobile,Organic
S05605,U06821,2026-02-21T11:14:06Z,Desktop,Paid Search
S05606,U06490,2026-01-16T23:19:39Z,Mobile,Organic
S05607,U04413,2026-02-17T20:45:18Z,Mobile,Organic
S05608,U05810,2026-01-09T13:16:25Z,Mobile,Social
S05609,U02490,2026-01-04T10:02:25Z,Desktop,Paid Search
S05610,U07437,2026-01-13T22:01:18Z,Desktop,Paid Search
S05611,U05618,2026-01-12T22:47:27Z,Tablet,Paid Search
S05612,U07842,2026-01-03T22:42:20Z,Mobile,Email
S05613,U00843,2026-03-23T15:32:00Z,Desktop,Paid Search
S05614,U07280,2026-03-19T10:07:58Z,Mobile,Organic
S05615,U04251,2026-01-07T20:17:02Z,Tablet,Organic
S05616,U00096,2026-02-14T20:11:02Z,Mobile,Email
S05617,U03967,2026-03-29T21:27:34Z,Tablet,Organic
S05618,U03566,2026-01-12T16:17:11Z,Mobile,Paid Search
S05619,U02163,2026-03-20T11:03:33Z,Desktop,Paid Search
S05620,U01484,2026-03-17T12:36:21Z,Desktop,Email
S05621,U01117,2026-01-10T21:48:43Z,Mobile,Organic
S05622,U06841,2026-02-21T08:27:41Z,Mobile,Email
S05623,U02507,2026-03-04T17:14:19Z,Mobile,Organic
S05624,U05397,2026-01-22T15:23:16Z,Mobile,Organic
S05625,U04410,2026-02-17T09:36:32Z,Mobile,Organic
S05626,U00989,2026-01-12T08:46:33Z,Mobile,Organic
S05627,U03037,2026-03-19T10:03:56Z,Desktop,Social
S05628,U02970,2026-01-14T07:40:19Z,Desktop,Social
S05629,U02963,2026-02-01T05:43:10Z,Desktop,Organic
S05630,U06684,2026-02-01T04:16:28Z,Mobile,Social
S05631,U03582,2026-03-03T20:58:31Z,Desktop,Organic
S05632,U02122,2026-01-29T13:36:32Z,Mobile,Paid Search
S05633,U07318,2026-02-11T11:52:18Z,Desktop,Organic
S05634,U01551,2026-02-14T18:59:22Z,Mobile,Organic
S05635,U01289,2026-02-27T00:50:53Z,Desktop,Social
S05636,U03009,2026-03-01T07:55:19Z,Mobile,Paid Search
S05637,U05790,2026-01-18T15:13:16Z,Mobile,Organic
S05638,U06965,2026-02-17T00:43:52Z,Mobile,Paid Search
S05639,U07164,2026-01-28T10:56:58Z,Desktop,Social
S05640,U05707,2026-02-13T13:49:31Z,Desktop,Paid Search
S05641,U04816,2026-01-12T08:36:21Z,Tablet,Email
S05642,U07660,2026-03-30T12:06:56Z,Mobile,Organic
S05643,U03198,2026-01-20T08:07:09Z,Tablet,Social
S05644,U01600,2026-02-12T16:29:22Z,Desktop,Paid Search
S05645,U00933,2026-03-04T14:09:36Z,Mobile,Organic
S05646,U07183,2026-01-20T06:09:15Z,Mobile,Paid Search
S05647,U04635,2026-02-02T09:47:15Z,Desktop,Organic
S05648,U04958,2026-02-25T20:45:50Z,Mobile,Social
S05649,U05986,2026-01-10T13:52:35Z,Mobile,Paid Search
S05650,U06544,2026-03-04T18:27:13Z,Mobile,Paid Search
S05651,U00284,2026-03-25T15:06:56Z,Desktop,Organic
S05652,U04332,2026-01-10T05:06:12Z,Mobile,Organic
S05653,U04252,2026-01-01T19:58:03Z,Desktop,Social
S05654,U00030,2026-01-04T19:07:30Z,Mobile,Social
S05655,U06390,2026-01-23T07:26:22Z,Desktop,Organic
S05656,U04575,2026-03-07T01:04:06Z,Mobile,Organic
S05657,U04050,2026-01-23T15:42:41Z,Desktop,Social
S05658,U01833,2026-02-23T07:44:01Z,Desktop,Social
S05659,U00450,2026-01-10T21:23:03Z,Mobile,Email
S05660,U00383,2026-01-30T18:39:31Z,Desktop,Social
S05661,U06319,2026-03-02T20:45:10Z,Tablet,Organic
S05662,U05845,2026-03-02T10:10:04Z,Mobile,Paid Search
S05663,U02923,2026-01-30T03:48:55Z,Mobile,Email
S05664,U03669,2026-01-14T04:50:23Z,Mobile,Paid Search
S05665,U01152,2026-01-03T11:13:45Z,Mobile,Organic
S05666,U05006,2026-03-12T03:20:44Z,Desktop,Paid Search
S05667,U00954,2026-01-04T15:05:30Z,Mobile,Social
S05668,U00844,2026-01-22T14:25:36Z,Mobile,Social
S05669,U01392,2026-02-11T02:20:45Z,Mobile,Social
S05670,U01447,2026-01-10T07:50:23Z,Desktop,Email
S05671,U00613,2026-03-13T03:18:43Z,Desktop,Organic
S05672,U05772,2026-02-05T14:07:57Z,Desktop,Organic
S05673,U04518,2026-02-16T01:46:05Z,Desktop,Paid Search
S05674,U00224,2026-02-14T08:19:34Z,Mobile,Organic
S05675,U02559,2026-02-23T04:48:27Z,Mobile,Organic
S05676,U02001,2026-03-15T09:54:25Z,Mobile,Organic
S05677,U00241,2026-02-13T03:39:32Z,Mobile,Social
S05678,U00765,2026-01-20T10:40:58Z,Tablet,Paid Search
S05679,U07832,2026-01-29T13:58:37Z,Mobile,Email
S05680,U04818,2026-03-03T10:07:11Z,Mobile,Paid Search
S05681,U02541,2026-02-18T17:46:21Z,Mobile,Organic
S05682,U06403,2026-02-04T14:14:52Z,Mobile,Email
S05683,U05887,2026-02-17T13:08:04Z,Mobile,Social
S05684,U04113,2026-02-19T10:28:12Z,Desktop,Organic
S05685,U03075,2026-01-03T05:06:48Z,Mobile,Organic
S05686,U00058,2026-01-14T21:50:49Z,Mobile,Email
S05687,U07939,2026-01-15T17:43:00Z,Desktop,Organic
S05688,U00172,2026-02-19T16:48:06Z,Mobile,Paid Search
S05689,U07435,2026-03-24T05:48:24Z,Desktop,Social
S05690,U06091,2026-03-19T15:42:09Z,Mobile,Paid Search
S05691,U00084,2026-03-13T23:15:52Z,Mobile,Email
S05692,U05519,2026-01-11T01:05:15Z,Desktop,Paid Search
S05693,U05920,2026-02-07T03:13:05Z,Mobile,Social
S05694,U03587,2026-03-02T04:11:12Z,Desktop,Paid Search
S05695,U04756,2026-02-13T07:55:58Z,Mobile,Organic
S05696,U00152,2026-01-07T01:48:39Z,Mobile,Paid Search
S05697,U02582,2026-03-16T12:44:47Z,Mobile,Organic
S05698,U01307,2026-01-05T22:13:00Z,Mobile,Paid Search
S05699,U03621,2026-01-15T09:36:58Z,Desktop,Social
S05700,U03506,2026-02-26T10:45:45Z,Mobile,Organic
S05701,U05394,2026-02-12T11:45:36Z,Desktop,Organic
S05702,U00231,2026-02-27T15:20:15Z,Mobile,Organic
S05703,U02179,2026-02-14T10:53:32Z,Desktop,Paid Search
S05704,U02197,2026-02-27T22:21:25Z,Mobile,Social
S05705,U00216,2026-03-20T14:47:08Z,Desktop,Email
S05706,U06888,2026-02-25T03:58:18Z,Mobile,Organic
S05707,U07721,2026-02-06T14:04:14Z,Mobile,Paid Search
S05708,U03133,2026-02-18T09:27:21Z,Mobile,Social
S05709,U07102,2026-02-15T02:06:38Z,Desktop,Organic
S05710,U04699,2026-02-09T09:01:21Z,Desktop,Social
S05711,U03539,2026-01-02T21:07:17Z,Mobile,Organic
S05712,U01954,2026-03-22T12:11:42Z,Desktop,Organic
S05713,U01001,2026-02-13T20:32:59Z,Mobile,Social
S05714,U04343,2026-03-14T19:15:49Z,Mobile,Organic
S05715,U00124,2026-03-19T01:33:17Z,Desktop,Organic
S05716,U04435,2026-03-04T07:59:05Z,Desktop,Social
S05717,U01166,2026-03-23T17:17:07Z,Mobile,Paid Search
S05718,U06919,2026-03-24T04:28:44Z,Desktop,Organic
S05719,U07959,2026-01-05T21:54:49Z,Mobile,Paid Search
S05720,U06961,2026-02-09T12:40:58Z,Desktop,Organic
S05721,U01698,2026-02-01T18:33:45Z,Mobile,Paid Search
S05722,U01476,2026-03-18T16:48:54Z,Desktop,Paid Search
S05723,U07892,2026-01-30T05:58:24Z,Desktop,Organic
S05724,U00646,2026-01-06T06:56:29Z,Desktop,Paid Search
S05725,U05614,2026-03-29T03:58:34Z,Desktop,Organic
S05726,U06641,2026-01-20T21:01:07Z,Desktop,Paid Search
S05727,U05139,2026-02-25T01:12:56Z,Desktop,Social
S05728,U01948,2026-01-01T05:49:50Z,Desktop,Organic
S05729,U00552,2026-03-26T07:49:43Z,Mobile,Paid Search
S05730,U07041,2026-02-03T07:01:07Z,Mobile,Organic
S05731,U06066,2026-03-13T05:12:08Z,Mobile,Organic
S05732,U03648,2026-03-01T13:53:57Z,Desktop,Organic
S05733,U07899,2026-01-30T12:31:03Z,Mobile,Organic
S05734,U01590,2026-02-23T11:06:58Z,Mobile,Email
S05735,U03297,2026-03-07T19:26:05Z,Mobile,Organic
S05736,U04952,2026-01-02T19:51:31Z,Desktop,Paid Search
S05737,U07292,2026-02-25T00:21:21Z,Mobile,Email
S05738,U01064,2026-03-07T22:36:12Z,Mobile,Email
S05739,U00538,2026-01-24T20:14:02Z,Mobile,Organic
S05740,U03555,2026-01-05T19:50:48Z,Mobile,Social
S05741,U04230,2026-01-11T09:32:08Z,Mobile,Social
S05742,U00057,2026-01-20T21:27:43Z,Desktop,Paid Search
S05743,U04651,2026-01-01T19:06:07Z,Desktop,Organic
S05744,U03910,2026-03-04T15:00:56Z,Mobile,Organic
S05745,U03892,2026-01-13T07:24:28Z,Desktop,Email
S05746,U02830,2026-03-31T20:19:50Z,Mobile,Organic
S05747,U04383,2026-03-26T21:06:14Z,Mobile,Social
S05748,U04269,2026-02-09T02:38:45Z,Desktop,Paid Search
S05749,U02774,2026-03-29T09:08:02Z,Mobile,Organic
S05750,U04184,2026-02-23T17:30:15Z,Mobile,Organic
S05751,U05196,2026-01-29T21:54:30Z,Desktop,Organic
S05752,U04235,2026-01-20T06:41:35Z,Desktop,Paid Search
S05753,U03455,2026-02-01T21:36:39Z,Mobile,Social
S05754,U02791,2026-03-07T15:05:06Z,Mobile,Social
S05755,U04719,2026-02-19T18:08:32Z,Mobile,Organic
S05756,U07267,2026-03-13T00:01:54Z,Mobile,Paid Search
S05757,U02335,2026-01-05T20:27:21Z,Mobile,Paid Search
S05758,U05297,2026-02-21T06:45:55Z,Mobile,Paid Search
S05759,U06563,2026-02-24T02:33:24Z,Mobile,Organic
S05760,U01543,2026-02-22T00:55:20Z,Desktop,Email
S05761,U04662,2026-03-23T02:24:45Z,Desktop,Paid Search
S05762,U00610,2026-01-07T15:32:01Z,Mobile,Paid Search
S05763,U07631,2026-03-24T07:59:04Z,Tablet,Paid Search
S05764,U04155,2026-02-17T15:09:49Z,Desktop,Email
S05765,U07902,2026-02-16T20:29:34Z,Mobile,Paid Search
S05766,U02390,2026-03-10T18:40:47Z,Desktop,Organic
S05767,U02311,2026-01-25T22:33:14Z,Desktop,Paid Search
S05768,U07862,2026-03-03T18:49:28Z,Mobile,Organic
S05769,U03590,2026-02-20T03:56:51Z,Desktop,Email
S05770,U04161,2026-03-17T10:37:20Z,Mobile,Social
S05771,U05122,2026-01-04T11:04:08Z,Mobile,Organic
S05772,U02614,2026-03-12T00:20:59Z,Mobile,Paid Search
S05773,U05036,2026-01-02T19:04:42Z,Mobile,Social
S05774,U06114,2026-03-01T00:06:43Z,Desktop,Social
S05775,U00265,2026-03-28T02:54:55Z,Mobile,Paid Search
S05776,U00541,2026-03-17T10:35:32Z,Mobile,Email
S05777,U03890,2026-02-21T13:35:52Z,Mobile,Paid Search
S05778,U06425,2026-03-27T18:02:14Z,Desktop,Social
S05779,U05125,2026-02-13T11:27:08Z,Mobile,Paid Search
S05780,U06381,2026-02-06T04:12:57Z,Mobile,Paid Search
S05781,U07058,2026-01-15T14:51:20Z,Desktop,Social
S05782,U04833,2026-03-30T13:38:09Z,Mobile,Paid Search
S05783,U02724,2026-02-19T22:33:58Z,Tablet,Organic
S05784,U04560,2026-02-16T09:34:13Z,Mobile,Organic
S05785,U01290,2026-02-17T07:04:34Z,Mobile,Paid Search
S05786,U04821,2026-02-09T22:08:11Z,Desktop,Email
S05787,U04240,2026-03-29T04:11:54Z,Mobile,Social
S05788,U01132,2026-02-09T19:10:01Z,Mobile,Organic
S05789,U07100,2026-02-19T04:24:11Z,Desktop,Social
S05790,U05297,2026-01-21T22:06:43Z,Mobile,Organic
S05791,U05004,2026-02-05T11:46:47Z,Mobile,Paid Search
S05792,U06192,2026-02-13T14:36:09Z,Mobile,Social
S05793,U02855,2026-01-08T13:53:35Z,Desktop,Email
S05794,U07905,2026-02-26T02:41:00Z,Desktop,Paid Search
S05795,U03959,2026-02-06T03:36:21Z,Mobile,Paid Search
S05796,U05679,2026-03-04T22:04:16Z,Mobile,Paid Search
S05797,U01787,2026-01-17T09:52:41Z,Desktop,Paid Search
S05798,U00969,2026-02-10T11:57:28Z,Desktop,Paid Search
S05799,U00196,2026-01-04T22:01:11Z,Mobile,Organic
S05800,U02443,2026-03-10T22:44:24Z,Desktop,Organic
S05801,U04268,2026-02-19T14:05:09Z,Mobile,Social
S05802,U06276,2026-03-16T14:13:49Z,Desktop,Organic
S05803,U04785,2026-02-08T04:26:57Z,Mobile,Organic
S05804,U02815,2026-01-07T16:29:00Z,Mobile,Organic
S05805,U02737,2026-03-03T20:24:54Z,Mobile,Organic
S05806,U06536,2026-02-01T22:14:38Z,Mobile,Organic
S05807,U07780,2026-03-13T01:07:41Z,Mobile,Paid Search
S05808,U04054,2026-01-03T20:22:57Z,Desktop,Paid Search
S05809,U05358,2026-03-02T13:02:33Z,Mobile,Organic
S05810,U07934,2026-03-18T22:51:43Z,Mobile,Organic
S05811,U05542,2026-03-20T17:24:31Z,Desktop,Organic
S05812,U03952,2026-02-01T03:20:57Z,Desktop,Paid Search
S05813,U06517,2026-03-09T14:58:11Z,Mobile,Email
S05814,U05038,2026-01-19T14:55:49Z,Mobile,Social
S05815,U02563,2026-02-05T20:38:40Z,Mobile,Organic
S05816,U05348,2026-03-14T12:15:03Z,Mobile,Organic
S05817,U04159,2026-03-09T22:25:06Z,Mobile,Organic
S05818,U02017,2026-03-28T21:27:10Z,Mobile,Organic
S05819,U04298,2026-02-11T00:56:32Z,Mobile,Paid Search
S05820,U01542,2026-01-05T02:53:57Z,Desktop,Social
S05821,U05649,2026-01-16T11:24:19Z,Desktop,Organic
S05822,U06643,2026-03-08T15:11:28Z,Tablet,Organic
S05823,U06791,2026-03-15T07:11:06Z,Desktop,Organic
S05824,U05477,2026-02-18T03:03:26Z,Mobile,Social
S05825,U00536,2026-03-15T13:15:10Z,Mobile,Paid Search
S05826,U03989,2026-01-09T23:10:03Z,Desktop,Social
S05827,U01152,2026-03-27T06:34:31Z,Desktop,Paid Search
S05828,U01045,2026-02-17T13:10:48Z,Mobile,Social
S05829,U06042,2026-01-08T08:01:25Z,Desktop,Paid Search
S05830,U00425,2026-02-28T06:19:04Z,Mobile,Organic
S05831,U07358,2026-03-07T22:29:16Z,Mobile,Email
S05832,U02148,2026-02-12T07:43:09Z,Mobile,Social
S05833,U01028,2026-02-13T22:55:21Z,Desktop,Social
S05834,U04068,2026-03-10T15:23:41Z,Desktop,Paid Search
S05835,U02729,2026-03-06T10:19:48Z,Tablet,Paid Search
S05836,U02239,2026-02-01T09:22:06Z,Desktop,Paid Search
S05837,U07248,2026-02-10T00:40:19Z,Mobile,Social
S05838,U07650,2026-03-27T09:28:55Z,Mobile,Organic
S05839,U00190,2026-02-14T02:50:34Z,Mobile,Paid Search
S05840,U06319,2026-01-13T22:43:39Z,Desktop,Social
S05841,U00974,2026-01-20T11:56:57Z,Mobile,Organic
S05842,U06832,2026-01-30T21:41:50Z,Desktop,Organic
S05843,U00139,2026-03-12T00:35:52Z,Desktop,Organic
S05844,U00392,2026-01-27T03:54:45Z,Mobile,Email
S05845,U02804,2026-03-13T18:04:38Z,Mobile,Social
S05846,U01304,2026-03-22T07:36:56Z,Desktop,Social
S05847,U06300,2026-01-19T00:54:50Z,Desktop,Social
S05848,U04079,2026-02-18T05:22:35Z,Desktop,Organic
S05849,U06638,2026-02-26T19:53:33Z,Desktop,Social
S05850,U02877,2026-02-07T07:33:20Z,Mobile,Paid Search
S05851,U01531,2026-02-15T16:11:56Z,Mobile,Paid Search
S05852,U03951,2026-03-09T00:33:02Z,Desktop,Paid Search
S05853,U04822,2026-03-13T15:44:04Z,Desktop,Paid Search
S05854,U05203,2026-03-29T19:01:42Z,Mobile,Social
S05855,U02617,2026-02-07T12:25:57Z,Desktop,Organic
S05856,U07695,2026-01-01T07:37:00Z,Desktop,Paid Search
S05857,U06510,2026-02-15T18:56:50Z,Mobile,Organic
S05858,U07425,2026-01-05T17:40:53Z,Mobile,Email
S05859,U03268,2026-03-01T10:28:07Z,Mobile,Organic
S05860,U05029,2026-03-10T09:09:10Z,Mobile,Paid Search
S05861,U00830,2026-02-04T00:28:27Z,Desktop,Organic
S05862,U00554,2026-03-25T22:43:27Z,Desktop,Organic
S05863,U00590,2026-03-04T06:32:47Z,Desktop,Email
S05864,U05232,2026-02-02T04:33:46Z,Desktop,Organic
S05865,U00543,2026-02-20T15:06:49Z,Desktop,Organic
S05866,U02799,2026-03-04T20:52:02Z,Mobile,Organic
S05867,U07382,2026-01-04T19:47:44Z,Mobile,Email
S05868,U03165,2026-01-25T00:24:58Z,Desktop,Organic
S05869,U03140,2026-01-08T17:55:25Z,Mobile,Social
S05870,U03095,2026-03-31T09:45:00Z,Mobile,Organic
S05871,U06855,2026-01-28T04:45:31Z,Desktop,Organic
S05872,U06478,2026-02-05T17:15:53Z,Mobile,Paid Search
S05873,U04356,2026-03-24T08:37:30Z,Mobile,Paid Search
S05874,U00323,2026-01-22T02:38:09Z,Mobile,Paid Search
S05875,U06636,2026-01-04T18:20:31Z,Desktop,Paid Search
S05876,U03737,2026-03-10T01:41:33Z,Desktop,Social
S05877,U06064,2026-02-04T16:55:42Z,Desktop,Social
S05878,U06600,2026-02-16T16:22:44Z,Mobile,Social
S05879,U05188,2026-02-21T22:52:49Z,Mobile,Social
S05880,U04777,2026-03-19T03:01:34Z,Desktop,Organic
S05881,U06756,2026-03-21T21:15:42Z,Desktop,Organic
S05882,U02577,2026-03-09T10:16:48Z,Mobile,Social
S05883,U07185,2026-02-06T11:29:54Z,Desktop,Organic
S05884,U00265,2026-03-11T06:20:19Z,Mobile,Paid Search
S05885,U01658,2026-03-01T12:43:31Z,Mobile,Paid Search
S05886,U00733,2026-03-20T15:48:27Z,Desktop,Social
S05887,U03860,2026-01-27T19:15:37Z,Mobile,Organic
S05888,U06629,2026-01-19T23:06:25Z,Mobile,Organic
S05889,U07430,2026-01-29T09:02:11Z,Desktop,Paid Search
S05890,U04224,2026-03-23T23:13:09Z,Mobile,Social
S05891,U04114,2026-03-30T02:52:44Z,Mobile,Social
S05892,U06791,2026-01-30T02:11:14Z,Mobile,Organic
S05893,U00877,2026-03-03T04:37:09Z,Mobile,Organic
S05894,U07981,2026-03-26T16:31:30Z,Tablet,Email
S05895,U03236,2026-01-10T00:27:17Z,Mobile,Organic
S05896,U00827,2026-02-05T15:15:43Z,Tablet,Social
S05897,U01569,2026-03-19T11:19:05Z,Mobile,Paid Search
S05898,U03112,2026-02-13T06:16:36Z,Mobile,Paid Search
S05899,U06797,2026-03-04T17:33:47Z,Desktop,Organic
S05900,U05473,2026-02-19T01:14:17Z,Mobile,Organic
S05901,U07225,2026-01-04T03:38:07Z,Mobile,Social
S05902,U02877,2026-03-28T16:00:57Z,Desktop,Social
S05903,U00475,2026-02-18T22:58:48Z,Desktop,Organic
S05904,U05751,2026-01-20T12:15:43Z,Desktop,Paid Search
S05905,U01884,2026-03-19T12:32:43Z,Desktop,Paid Search
S05906,U05599,2026-01-12T14:19:42Z,Mobile,Social
S05907,U06259,2026-03-29T00:37:48Z,Mobile,Paid Search
S05908,U07444,2026-02-22T14:28:34Z,Mobile,Social
S05909,U07628,2026-02-14T03:03:10Z,Desktop,Organic
S05910,U02039,2026-03-20T22:54:03Z,Desktop,Email
S05911,U05057,2026-03-10T17:52:06Z,Desktop,Organic
S05912,U05230,2026-03-08T17:35:10Z,Mobile,Social
S05913,U07421,2026-03-09T05:37:12Z,Mobile,Paid Search
S05914,U06296,2026-01-24T12:17:32Z,Mobile,Organic
S05915,U02179,2026-03-13T16:55:43Z,Mobile,Paid Search
S05916,U02795,2026-02-02T09:30:40Z,Desktop,Paid Search
S05917,U04228,2026-01-17T11:02:40Z,Mobile,Paid Search
S05918,U03037,2026-01-15T15:00:30Z,Mobile,Organic
S05919,U00189,2026-01-04T22:47:54Z,Desktop,Organic
S05920,U03766,2026-01-06T17:38:50Z,Mobile,Organic
S05921,U01446,2026-01-31T07:09:16Z,Mobile,Organic
S05922,U06201,2026-02-16T04:36:59Z,Mobile,Email
S05923,U02891,2026-02-09T03:55:40Z,Mobile,Social
S05924,U00895,2026-01-13T03:45:26Z,Desktop,Paid Search
S05925,U04149,2026-03-14T02:53:40Z,Desktop,Social
S05926,U07334,2026-01-31T11:24:35Z,Mobile,Organic
S05927,U01110,2026-03-28T03:36:22Z,Mobile,Paid Search
S05928,U04112,2026-03-04T03:49:37Z,Desktop,Paid Search
S05929,U05580,2026-01-25T21:54:09Z,Mobile,Paid Search
S05930,U01576,2026-02-02T00:30:36Z,Desktop,Organic
S05931,U03297,2026-01-21T06:03:53Z,Mobile,Organic
S05932,U01267,2026-02-19T11:51:42Z,Mobile,Organic
S05933,U02614,2026-02-02T11:43:18Z,Mobile,Paid Search
S05934,U03439,2026-01-22T08:39:55Z,Mobile,Paid Search
S05935,U04190,2026-01-04T04:22:24Z,Desktop,Social
S05936,U07089,2026-02-28T19:35:27Z,Mobile,Email
S05937,U01562,2026-03-25T22:49:56Z,Mobile,Email
S05938,U03829,2026-01-22T06:03:17Z,Mobile,Social
S05939,U05709,2026-01-15T13:20:08Z,Mobile,Organic
S05940,U07330,2026-01-08T16:12:51Z,Mobile,Social
S05941,U01268,2026-01-22T21:38:22Z,Mobile,Social
S05942,U03199,2026-01-31T11:09:14Z,Mobile,Social
S05943,U05045,2026-03-23T19:40:58Z,Mobile,Social
S05944,U03732,2026-02-16T13:13:30Z,Desktop,Paid Search
S05945,U05365,2026-01-20T18:46:02Z,Desktop,Organic
S05946,U02869,2026-01-13T15:49:33Z,Mobile,Paid Search
S05947,U03354,2026-01-27T00:40:31Z,Desktop,Organic
S05948,U04640,2026-01-08T22:11:57Z,Mobile,Paid Search
S05949,U02252,2026-03-07T22:23:47Z,Desktop,Social
S05950,U00992,2026-01-11T02:35:10Z,Mobile,Paid Search
S05951,U02216,2026-02-13T18:47:24Z,Mobile,Social
S05952,U06389,2026-03-15T06:20:47Z,Mobile,Paid Search
S05953,U01519,2026-03-11T00:48:19Z,Tablet,Paid Search
S05954,U03743,2026-01-08T20:17:45Z,Desktop,Organic
S05955,U01723,2026-01-11T20:44:50Z,Desktop,Organic
S05956,U05388,2026-03-26T11:42:59Z,Mobile,Social
S05957,U05714,2026-01-17T12:01:16Z,Mobile,Social
S05958,U04483,2026-03-23T15:21:08Z,Mobile,Social
S05959,U00912,2026-01-01T03:47:03Z,Mobile,Social
S05960,U05289,2026-01-20T09:56:48Z,Desktop,Organic
S05961,U07972,2026-02-06T17:36:12Z,Desktop,Organic
S05962,U05332,2026-01-15T20:49:53Z,Desktop,Paid Search
S05963,U03876,2026-01-07T22:37:40Z,Desktop,Social
S05964,U01990,2026-03-10T17:26:50Z,Mobile,Paid Search
S05965,U05484,2026-01-07T19:20:55Z,Mobile,Paid Search
S05966,U03421,2026-01-13T02:04:03Z,Mobile,Social
S05967,U07286,2026-03-22T02:55:51Z,Mobile,Social
S05968,U06398,2026-01-06T05:36:22Z,Mobile,Organic
S05969,U06367,2026-03-03T12:32:00Z,Mobile,Organic
S05970,U03098,2026-03-13T06:49:01Z,Desktop,Social
S05971,U04567,2026-02-15T12:38:07Z,Mobile,Paid Search
S05972,U03150,2026-02-16T00:53:27Z,Desktop,Paid Search
S05973,U03875,2026-01-22T14:35:41Z,Mobile,Email
S05974,U02861,2026-02-01T08:41:22Z,Mobile,Paid Search
S05975,U06704,2026-03-07T10:25:07Z,Mobile,Organic
S05976,U00331,2026-02-12T14:02:26Z,Mobile,Organic
S05977,U00989,2026-01-09T19:01:34Z,Mobile,Paid Search
S05978,U01340,2026-02-16T22:27:30Z,Mobile,Paid Search
S05979,U01244,2026-03-27T06:57:08Z,Mobile,Email
S05980,U00048,2026-02-28T16:49:17Z,Desktop,Organic
S05981,U02413,2026-03-30T13:44:30Z,Mobile,Social
S05982,U05110,2026-01-25T13:47:58Z,Mobile,Organic
S05983,U00814,2026-03-17T18:55:26Z,Mobile,Organic
S05984,U02072,2026-01-29T15:07:56Z,Mobile,Organic
S05985,U05712,2026-01-27T23:09:04Z,Mobile,Paid Search
S05986,U00668,2026-03-10T21:12:03Z,Mobile,Paid Search
S05987,U07927,2026-03-09T17:29:41Z,Desktop,Paid Search
S05988,U06467,2026-03-09T02:01:49Z,Mobile,Organic
S05989,U00227,2026-02-27T20:32:55Z,Desktop,Paid Search
S05990,U03036,2026-01-25T02:21:31Z,Mobile,Paid Search
S05991,U04406,2026-03-10T10:59:42Z,Desktop,Paid Search
S05992,U07135,2026-02-26T15:25:03Z,Mobile,Paid Search
S05993,U00285,2026-03-23T06:12:36Z,Mobile,Organic
S05994,U01981,2026-01-27T03:58:32Z,Desktop,Social
S05995,U01446,2026-02-03T11:56:03Z,Mobile,Organic
S05996,U02368,2026-03-30T18:47:56Z,Mobile,Social
S05997,U00842,2026-01-23T16:56:18Z,Mobile,Organic
S05998,U01648,2026-02-06T21:44:00Z,Mobile,Social
S05999,U07884,2026-01-05T04:43:21Z,Mobile,Organic
S06000,U01701,2026-02-19T08:27:43Z,Desktop,Organic
S06001,U02276,2026-02-18T07:34:30Z,Mobile,Paid Search
S06002,U06649,2026-03-17T19:55:33Z,Desktop,Paid Search
S06003,U01071,2026-01-30T12:46:46Z,Desktop,Organic
S06004,U05400,2026-02-16T01:35:09Z,Mobile,Social
S06005,U07187,2026-02-01T12:09:12Z,Mobile,Paid Search
S06006,U00630,2026-02-16T08:38:04Z,Mobile,Paid Search
S06007,U05375,2026-01-29T22:18:41Z,Mobile,Organic
S06008,U00293,2026-01-22T07:08:52Z,Mobile,Paid Search
S06009,U05445,2026-02-23T20:28:36Z,Desktop,Email
S06010,U04619,2026-01-20T20:15:47Z,Mobile,Organic
S06011,U00347,2026-02-08T19:17:31Z,Desktop,Paid Search
S06012,U07434,2026-03-04T07:35:28Z,Desktop,Social
S06013,U05520,2026-01-17T14:47:02Z,Desktop,Organic
S06014,U02843,2026-01-02T12:07:46Z,Mobile,Social
S06015,U06125,2026-03-08T21:40:21Z,Desktop,Paid Search
S06016,U01489,2026-03-05T04:50:41Z,Mobile,Organic
S06017,U06929,2026-01-05T15:38:26Z,Desktop,Paid Search
S06018,U06529,2026-01-31T12:22:28Z,Mobile,Social
S06019,U01262,2026-02-08T05:21:05Z,Desktop,Email
S06020,U01118,2026-01-17T23:09:23Z,Mobile,Organic
S06021,U03667,2026-01-08T00:32:56Z,Mobile,Organic
S06022,U04647,2026-02-12T02:14:04Z,Desktop,Social
S06023,U05212,2026-01-21T21:59:49Z,Mobile,Paid Search
S06024,U05705,2026-02-22T06:41:30Z,Mobile,Social
S06025,U06174,2026-02-18T10:24:30Z,Mobile,Social
S06026,U01766,2026-03-18T16:32:26Z,Mobile,Email
S06027,U01538,2026-01-31T13:42:57Z,Mobile,Paid Search
S06028,U03453,2026-02-12T15:24:12Z,Mobile,Social
S06029,U05477,2026-03-17T05:18:01Z,Mobile,Social
S06030,U05663,2026-02-28T07:07:02Z,Mobile,Social
S06031,U00678,2026-03-09T08:07:20Z,Mobile,Social
S06032,U04759,2026-02-19T05:15:46Z,Mobile,Organic
S06033,U02277,2026-02-07T01:32:33Z,Desktop,Social
S06034,U06644,2026-01-21T06:45:17Z,Mobile,Organic
S06035,U07415,2026-03-08T20:39:17Z,Mobile,Social
S06036,U01281,2026-03-24T12:41:12Z,Mobile,Paid Search
S06037,U01612,2026-01-26T16:42:52Z,Mobile,Paid Search
S06038,U04166,2026-03-12T08:31:48Z,Mobile,Paid Search
S06039,U04993,2026-03-21T02:54:04Z,Desktop,Social
S06040,U03951,2026-03-16T23:15:56Z,Desktop,Organic
S06041,U04584,2026-03-29T06:57:26Z,Mobile,Paid Search
S06042,U05581,2026-03-19T11:03:00Z,Mobile,Organic
S06043,U04487,2026-02-14T06:07:24Z,Desktop,Organic
S06044,U03122,2026-02-18T13:13:06Z,Mobile,Paid Search
S06045,U01067,2026-03-26T00:01:28Z,Desktop,Organic
S06046,U00906,2026-03-23T09:37:06Z,Desktop,Organic
S06047,U05353,2026-01-08T13:23:48Z,Mobile,Paid Search
S06048,U06779,2026-03-06T00:57:10Z,Desktop,Email
S06049,U01642,2026-03-14T14:38:49Z,Mobile,Organic
S06050,U03524,2026-02-11T07:13:51Z,Tablet,Organic
S06051,U06891,2026-02-08T02:08:08Z,Desktop,Email
S06052,U01558,2026-02-14T05:26:16Z,Desktop,Social
S06053,U07667,2026-01-06T22:09:43Z,Mobile,Social
S06054,U01973,2026-01-04T22:32:26Z,Desktop,Social
S06055,U06043,2026-01-10T06:47:03Z,Mobile,Paid Search
S06056,U04498,2026-02-21T10:02:08Z,Mobile,Organic
S06057,U03389,2026-03-22T13:53:02Z,Mobile,Organic
S06058,U00567,2026-02-28T19:05:08Z,Mobile,Organic
S06059,U02376,2026-01-14T04:55:21Z,Mobile,Social
S06060,U00922,2026-03-19T23:18:28Z,Mobile,Organic
S06061,U00210,2026-03-03T11:11:30Z,Desktop,Social
S06062,U04657,2026-02-07T20:45:13Z,Mobile,Organic
S06063,U01066,2026-02-23T10:31:41Z,Mobile,Organic
S06064,U04208,2026-01-02T07:54:06Z,Mobile,Social
S06065,U07678,2026-02-04T04:13:26Z,Mobile,Organic
S06066,U06377,2026-03-02T01:53:03Z,Desktop,Organic
S06067,U00789,2026-02-25T06:20:28Z,Desktop,Paid Search
S06068,U07021,2026-02-03T04:04:22Z,Mobile,Organic
S06069,U00996,2026-03-05T06:48:00Z,Desktop,Organic
S06070,U01532,2026-01-05T18:05:13Z,Mobile,Social
S06071,U00283,2026-01-03T19:58:51Z,Mobile,Social
S06072,U01887,2026-02-24T21:35:23Z,Mobile,Social
S06073,U07625,2026-02-22T01:25:08Z,Mobile,Organic
S06074,U00806,2026-01-31T02:42:28Z,Desktop,Paid Search
S06075,U05596,2026-02-04T02:08:42Z,Mobile,Paid Search
S06076,U06483,2026-03-21T16:26:41Z,Desktop,Organic
S06077,U07362,2026-03-24T06:43:33Z,Mobile,Paid Search
S06078,U05210,2026-02-02T22:40:08Z,Mobile,Paid Search
S06079,U03926,2026-01-20T14:45:07Z,Mobile,Paid Search
S06080,U07199,2026-02-20T15:55:23Z,Desktop,Paid Search
S06081,U03857,2026-02-04T06:52:55Z,Mobile,Paid Search
S06082,U04995,2026-03-30T04:54:22Z,Mobile,Organic
S06083,U07262,2026-03-23T13:03:10Z,Mobile,Social
S06084,U05504,2026-02-28T20:59:01Z,Mobile,Paid Search
S06085,U07984,2026-02-19T05:58:12Z,Mobile,Paid Search
S06086,U03125,2026-03-17T11:50:49Z,Desktop,Social
S06087,U00717,2026-02-23T21:21:04Z,Mobile,Organic
S06088,U05119,2026-01-03T20:11:42Z,Mobile,Social
S06089,U07275,2026-02-22T00:45:05Z,Desktop,Paid Search
S06090,U00361,2026-01-28T21:14:03Z,Mobile,Email
S06091,U02902,2026-03-05T15:35:26Z,Mobile,Social
S06092,U05095,2026-01-07T19:57:59Z,Mobile,Paid Search
S06093,U07997,2026-03-17T18:23:12Z,Desktop,Paid Search
S06094,U04702,2026-02-25T10:44:25Z,Mobile,Organic
S06095,U03215,2026-01-09T04:37:00Z,Mobile,Paid Search
S06096,U07936,2026-03-18T23:08:41Z,Desktop,Paid Search
S06097,U05008,2026-03-06T03:59:20Z,Desktop,Email
S06098,U00118,2026-01-27T15:02:20Z,Mobile,Organic
S06099,U07980,2026-02-05T20:30:57Z,Desktop,Social
S06100,U05472,2026-02-12T13:31:13Z,Mobile,Social
S06101,U07134,2026-02-05T06:51:17Z,Desktop,Organic
S06102,U06745,2026-03-21T11:43:56Z,Mobile,Paid Search
S06103,U04549,2026-03-16T02:08:38Z,Mobile,Paid Search
S06104,U02663,2026-03-02T13:22:12Z,Desktop,Social
S06105,U04046,2026-02-10T09:02:29Z,Mobile,Social
S06106,U03754,2026-03-05T00:02:16Z,Mobile,Organic
S06107,U07428,2026-01-01T18:18:20Z,Mobile,Organic
S06108,U04609,2026-02-15T04:08:32Z,Desktop,Paid Search
S06109,U06102,2026-01-07T10:13:11Z,Mobile,Paid Search
S06110,U03820,2026-02-25T05:08:41Z,Mobile,Organic
S06111,U06958,2026-01-05T06:10:00Z,Desktop,Organic
S06112,U03283,2026-03-17T11:32:38Z,Mobile,Paid Search
S06113,U05478,2026-03-21T20:58:34Z,Desktop,Social
S06114,U04433,2026-03-19T02:18:28Z,Mobile,Organic
S06115,U05867,2026-03-23T11:03:30Z,Mobile,Organic
S06116,U05277,2026-03-27T16:03:44Z,Desktop,Paid Search
S06117,U06373,2026-01-08T18:38:40Z,Mobile,Organic
S06118,U00858,2026-03-19T11:08:22Z,Mobile,Social
S06119,U07639,2026-01-24T20:50:29Z,Mobile,Organic
S06120,U05935,2026-02-13T05:43:07Z,Desktop,Organic
S06121,U07864,2026-01-11T11:33:15Z,Mobile,Email
S06122,U00727,2026-01-01T19:02:36Z,Desktop,Paid Search
S06123,U05781,2026-03-06T22:38:05Z,Mobile,Social
S06124,U04562,2026-02-16T20:06:39Z,Mobile,Paid Search
S06125,U02463,2026-02-02T23:15:04Z,Desktop,Paid Search
S06126,U04705,2026-03-22T12:15:38Z,Mobile,Organic
S06127,U03196,2026-01-26T09:14:20Z,Mobile,Email
S06128,U00357,2026-02-02T10:42:43Z,Desktop,Paid Search
S06129,U01827,2026-01-29T06:40:26Z,Desktop,Social
S06130,U07308,2026-02-14T07:19:58Z,Mobile,Organic
S06131,U07732,2026-02-07T19:10:56Z,Desktop,Paid Search
S06132,U04966,2026-01-31T10:05:26Z,Desktop,Organic
S06133,U01710,2026-02-02T12:38:10Z,Mobile,Organic
S06134,U05804,2026-01-14T11:04:47Z,Desktop,Social
S06135,U03632,2026-03-28T02:10:07Z,Desktop,Social
S06136,U01558,2026-02-12T12:09:44Z,Mobile,Social
S06137,U05180,2026-02-10T17:37:40Z,Desktop,Social
S06138,U03706,2026-02-19T02:10:18Z,Desktop,Paid Search
S06139,U06785,2026-03-02T10:13:30Z,Mobile,Paid Search
S06140,U00528,2026-01-20T22:25:16Z,Mobile,Paid Search
S06141,U01984,2026-03-30T05:41:21Z,Tablet,Organic
S06142,U02963,2026-02-26T19:12:19Z,Mobile,Paid Search
S06143,U02134,2026-03-02T07:23:23Z,Mobile,Paid Search
S06144,U06275,2026-02-20T01:04:24Z,Mobile,Social
S06145,U02683,2026-01-08T02:14:08Z,Desktop,Paid Search
S06146,U03495,2026-03-28T12:01:00Z,Desktop,Social
S06147,U04562,2026-02-27T18:56:34Z,Mobile,Social
S06148,U03860,2026-02-03T00:00:19Z,Mobile,Organic
S06149,U02233,2026-02-06T12:32:40Z,Mobile,Organic
S06150,U06661,2026-03-10T05:56:54Z,Mobile,Paid Search
S06151,U03922,2026-01-24T20:45:20Z,Mobile,Social
S06152,U01920,2026-02-02T12:25:02Z,Desktop,Organic
S06153,U07950,2026-03-16T23:04:45Z,Tablet,Social
S06154,U02445,2026-03-21T13:02:07Z,Mobile,Paid Search
S06155,U02130,2026-02-03T15:56:54Z,Mobile,Organic
S06156,U05800,2026-03-31T07:18:50Z,Desktop,Email
S06157,U03838,2026-01-02T02:28:41Z,Desktop,Social
S06158,U02894,2026-01-19T18:54:47Z,Mobile,Social
S06159,U06376,2026-03-08T08:29:44Z,Mobile,Email
S06160,U02297,2026-02-09T09:50:30Z,Desktop,Organic
S06161,U03476,2026-02-03T19:30:04Z,Desktop,Organic
S06162,U05094,2026-03-22T22:34:37Z,Desktop,Paid Search
S06163,U06597,2026-02-02T06:20:19Z,Mobile,Organic
S06164,U04400,2026-03-12T16:36:22Z,Mobile,Social
S06165,U02391,2026-01-31T19:12:25Z,Desktop,Organic
S06166,U03483,2026-01-10T20:43:21Z,Desktop,Organic
S06167,U05923,2026-02-09T14:27:30Z,Desktop,Paid Search
S06168,U01136,2026-02-20T06:16:22Z,Desktop,Organic
S06169,U03317,2026-03-22T22:56:14Z,Mobile,Organic
S06170,U00754,2026-01-06T16:35:48Z,Mobile,Social
S06171,U04398,2026-02-15T16:45:26Z,Desktop,Organic
S06172,U06432,2026-03-18T18:18:17Z,Mobile,Email
S06173,U01054,2026-01-29T16:04:25Z,Mobile,Organic
S06174,U02578,2026-03-03T03:29:27Z,Tablet,Organic
S06175,U00691,2026-01-09T20:17:35Z,Mobile,Paid Search
S06176,U03502,2026-02-27T00:56:49Z,Mobile,Paid Search
S06177,U00797,2026-03-19T07:11:16Z,Desktop,Organic
S06178,U01583,2026-02-20T10:50:24Z,Mobile,Paid Search
S06179,U06044,2026-01-29T13:08:03Z,Mobile,Social
S06180,U07766,2026-01-23T03:13:25Z,Mobile,Organic
S06181,U04959,2026-03-18T02:30:45Z,Mobile,Paid Search
S06182,U06593,2026-02-27T17:09:24Z,Mobile,Organic
S06183,U00337,2026-03-26T04:35:08Z,Mobile,Organic
S06184,U07492,2026-01-28T12:00:21Z,Mobile,Paid Search
S06185,U06583,2026-02-20T17:08:32Z,Desktop,Paid Search
S06186,U05184,2026-01-30T15:54:31Z,Mobile,Organic
S06187,U04160,2026-02-08T11:21:21Z,Desktop,Social
S06188,U01084,2026-01-04T14:42:07Z,Desktop,Organic
S06189,U03089,2026-02-27T07:01:21Z,Mobile,Paid Search
S06190,U02413,2026-01-03T10:00:12Z,Mobile,Email
S06191,U03661,2026-01-10T03:15:41Z,Desktop,Organic
S06192,U03960,2026-03-22T12:25:21Z,Mobile,Paid Search
S06193,U01134,2026-03-06T17:28:51Z,Mobile,Organic
S06194,U04140,2026-01-28T18:37:36Z,Mobile,Paid Search
S06195,U05460,2026-01-06T03:49:03Z,Mobile,Organic
S06196,U04015,2026-03-28T13:22:55Z,Desktop,Email
S06197,U05924,2026-01-11T15:49:20Z,Mobile,Social
S06198,U00253,2026-01-31T01:23:16Z,Mobile,Email
S06199,U00650,2026-03-31T09:50:01Z,Desktop,Paid Search
S06200,U01731,2026-01-26T04:18:52Z,Desktop,Email
S06201,U01606,2026-02-23T00:02:07Z,Desktop,Paid Search
S06202,U04877,2026-01-17T21:02:29Z,Mobile,Social
S06203,U07252,2026-01-14T21:42:40Z,Mobile,Email
S06204,U06773,2026-03-31T20:42:57Z,Mobile,Email
S06205,U06196,2026-01-10T15:18:41Z,Desktop,Organic
S06206,U04038,2026-03-22T07:07:19Z,Desktop,Social
S06207,U06317,2026-03-22T01:03:17Z,Mobile,Organic
S06208,U05300,2026-02-09T20:24:37Z,Mobile,Social
S06209,U04882,2026-03-11T00:38:05Z,Desktop,Organic
S06210,U00797,2026-03-12T12:01:54Z,Mobile,Email
S06211,U06266,2026-01-21T10:17:49Z,Mobile,Organic
S06212,U04635,2026-03-28T10:31:46Z,Mobile,Email
S06213,U04745,2026-03-22T00:03:12Z,Mobile,Paid Search
S06214,U07106,2026-02-21T18:07:03Z,Mobile,Organic
S06215,U07171,2026-02-12T18:21:38Z,Desktop,Paid Search
S06216,U00115,2026-02-03T06:53:10Z,Desktop,Organic
S06217,U07469,2026-03-09T21:22:15Z,Tablet,Organic
S06218,U04987,2026-03-23T11:48:47Z,Mobile,Social
S06219,U03705,2026-03-11T01:38:29Z,Mobile,Organic
S06220,U04255,2026-03-13T14:54:35Z,Mobile,Social
S06221,U01548,2026-03-08T16:42:09Z,Desktop,Organic
S06222,U00470,2026-02-14T04:16:53Z,Desktop,Organic
S06223,U03165,2026-03-12T03:40:35Z,Mobile,Social
S06224,U00849,2026-01-18T07:00:05Z,Desktop,Paid Search
S06225,U02959,2026-03-31T20:49:57Z,Mobile,Organic
S06226,U01563,2026-01-08T02:16:53Z,Desktop,Organic
S06227,U04220,2026-01-15T04:01:47Z,Mobile,Social
S06228,U03328,2026-01-21T09:07:12Z,Desktop,Organic
S06229,U03179,2026-01-18T14:58:33Z,Desktop,Organic
S06230,U05757,2026-02-22T20:31:09Z,Mobile,Organic
S06231,U01697,2026-01-08T00:04:01Z,Mobile,Organic
S06232,U04493,2026-02-19T16:55:09Z,Desktop,Organic
S06233,U01974,2026-01-25T14:08:06Z,Mobile,Organic
S06234,U05427,2026-01-23T18:23:51Z,Mobile,Paid Search
S06235,U05037,2026-01-02T12:28:43Z,Desktop,Paid Search
S06236,U04452,2026-02-04T05:53:28Z,Mobile,Organic
S06237,U00413,2026-03-01T10:26:16Z,Tablet,Organic
S06238,U02866,2026-02-17T21:13:35Z,Mobile,Email
S06239,U02556,2026-01-11T13:35:06Z,Mobile,Organic
S06240,U06365,2026-01-26T04:40:05Z,Mobile,Organic
S06241,U07301,2026-03-14T19:28:09Z,Mobile,Organic
S06242,U05356,2026-02-28T06:16:28Z,Mobile,Social
S06243,U06243,2026-01-15T08:53:31Z,Mobile,Paid Search
S06244,U07240,2026-01-18T13:34:33Z,Mobile,Organic
S06245,U05261,2026-02-09T06:43:57Z,Mobile,Organic
S06246,U06054,2026-02-17T12:13:36Z,Desktop,Paid Search
S06247,U04616,2026-01-04T04:37:11Z,Mobile,Social
S06248,U07673,2026-03-02T22:18:11Z,Mobile,Email
S06249,U03116,2026-02-27T15:49:05Z,Desktop,Paid Search
S06250,U07747,2026-01-25T07:55:43Z,Mobile,Paid Search
S06251,U07773,2026-03-20T10:17:31Z,Mobile,Organic
S06252,U01180,2026-03-23T06:41:59Z,Mobile,Organic
S06253,U07834,2026-03-03T00:17:56Z,Desktop,Organic
S06254,U06621,2026-01-31T05:02:07Z,Mobile,Paid Search
S06255,U07190,2026-03-21T17:10:22Z,Mobile,Organic
S06256,U00965,2026-03-16T12:01:59Z,Desktop,Social
S06257,U04053,2026-01-17T08:44:01Z,Mobile,Email
S06258,U05909,2026-01-23T11:00:27Z,Mobile,Paid Search
S06259,U06656,2026-02-18T21:08:41Z,Desktop,Paid Search
S06260,U05294,2026-02-14T00:56:22Z,Mobile,Organic
S06261,U01393,2026-03-04T09:28:56Z,Desktop,Paid Search
S06262,U02348,2026-01-27T14:46:57Z,Mobile,Email
S06263,U03336,2026-02-28T04:14:59Z,Mobile,Paid Search
S06264,U02362,2026-02-26T08:01:09Z,Mobile,Paid Search
S06265,U01926,2026-02-07T13:38:58Z,Desktop,Paid Search
S06266,U07403,2026-03-23T03:43:34Z,Desktop,Social
S06267,U02746,2026-02-11T10:22:22Z,Mobile,Organic
S06268,U00245,2026-03-26T15:57:13Z,Mobile,Paid Search
S06269,U00453,2026-03-18T02:13:19Z,Mobile,Paid Search
S06270,U00220,2026-03-22T23:17:52Z,Mobile,Email
S06271,U02148,2026-01-10T17:39:21Z,Mobile,Social
S06272,U05658,2026-03-15T22:48:17Z,Mobile,Paid Search
S06273,U00857,2026-02-13T22:48:33Z,Mobile,Social
S06274,U03306,2026-02-15T15:41:41Z,Mobile,Email
S06275,U06099,2026-02-04T07:51:55Z,Mobile,Organic
S06276,U01282,2026-02-21T01:31:40Z,Mobile,Paid Search
S06277,U03436,2026-03-29T03:53:25Z,Desktop,Paid Search
S06278,U04699,2026-01-30T15:59:16Z,Mobile,Organic
S06279,U05097,2026-03-15T12:28:08Z,Mobile,Social
S06280,U02751,2026-03-22T04:07:58Z,Desktop,Social
S06281,U01782,2026-03-08T09:13:36Z,Mobile,Paid Search
S06282,U00273,2026-01-10T03:46:03Z,Desktop,Organic
S06283,U04028,2026-03-28T06:12:46Z,Mobile,Paid Search
S06284,U04836,2026-03-01T11:28:13Z,Mobile,Paid Search
S06285,U02898,2026-03-15T14:50:43Z,Mobile,Paid Search
S06286,U04058,2026-01-28T09:50:52Z,Desktop,Organic
S06287,U07634,2026-02-06T07:54:01Z,Mobile,Social
S06288,U06012,2026-03-18T12:06:18Z,Desktop,Paid Search
S06289,U07827,2026-03-30T17:09:17Z,Desktop,Paid Search
S06290,U01693,2026-03-08T02:05:17Z,Mobile,Organic
S06291,U02748,2026-02-16T05:59:08Z,Mobile,Paid Search
S06292,U02163,2026-01-04T14:28:25Z,Desktop,Paid Search
S06293,U07588,2026-02-02T14:55:08Z,Mobile,Social
S06294,U03002,2026-01-22T15:13:23Z,Mobile,Social
S06295,U02440,2026-03-02T02:01:39Z,Mobile,Social
S06296,U00597,2026-03-20T01:16:00Z,Mobile,Social
S06297,U06130,2026-03-26T13:21:09Z,Mobile,Organic
S06298,U07199,2026-01-22T22:29:55Z,Desktop,Paid Search
S06299,U06169,2026-01-22T08:39:11Z,Desktop,Social
S06300,U07292,2026-02-20T00:20:59Z,Mobile,Social
S06301,U00584,2026-01-23T06:46:37Z,Desktop,Paid Search
S06302,U02848,2026-01-10T17:53:26Z,Mobile,Organic
S06303,U07735,2026-01-23T21:10:47Z,Mobile,Paid Search
S06304,U07610,2026-02-26T12:01:39Z,Desktop,Paid Search
S06305,U07069,2026-03-28T17:38:32Z,Mobile,Social
S06306,U07067,2026-02-16T18:57:42Z,Desktop,Paid Search
S06307,U01772,2026-02-25T15:45:39Z,Mobile,Paid Search
S06308,U01496,2026-03-23T04:05:30Z,Mobile,Paid Search
S06309,U00194,2026-02-23T19:01:18Z,Mobile,Paid Search
S06310,U00406,2026-02-17T15:11:07Z,Mobile,Organic
S06311,U05399,2026-02-16T00:29:32Z,Desktop,Social
S06312,U04591,2026-02-05T17:07:28Z,Desktop,Paid Search
S06313,U06591,2026-01-12T09:38:36Z,Mobile,Organic
S06314,U01179,2026-03-05T20:42:25Z,Mobile,Organic
S06315,U03413,2026-03-15T11:55:56Z,Mobile,Paid Search
S06316,U02020,2026-01-17T22:14:11Z,Mobile,Social
S06317,U00244,2026-03-15T18:35:46Z,Mobile,Social
S06318,U02832,2026-03-07T03:06:43Z,Desktop,Paid Search
S06319,U00209,2026-03-27T15:09:44Z,Desktop,Social
S06320,U02153,2026-01-04T21:50:16Z,Mobile,Social
S06321,U02122,2026-02-12T04:37:29Z,Mobile,Paid Search
S06322,U06367,2026-02-10T12:40:53Z,Mobile,Organic
S06323,U02078,2026-01-25T06:46:06Z,Mobile,Email
S06324,U06401,2026-02-20T12:18:55Z,Desktop,Email
S06325,U07199,2026-01-23T10:46:59Z,Desktop,Social
S06326,U06783,2026-02-24T00:10:09Z,Desktop,Email
S06327,U03924,2026-02-21T14:23:08Z,Desktop,Email
S06328,U01584,2026-01-28T04:54:03Z,Desktop,Paid Search
S06329,U07974,2026-01-16T21:13:28Z,Desktop,Paid Search
S06330,U07027,2026-02-22T07:54:43Z,Mobile,Social
S06331,U05080,2026-02-28T15:18:38Z,Desktop,Paid Search
S06332,U02510,2026-01-24T05:01:16Z,Mobile,Organic
S06333,U05462,2026-02-14T03:47:29Z,Desktop,Organic
S06334,U03522,2026-02-07T22:06:13Z,Mobile,Paid Search
S06335,U07028,2026-02-04T09:57:16Z,Mobile,Organic
S06336,U06572,2026-01-25T18:41:07Z,Mobile,Social
S06337,U00827,2026-02-02T16:09:24Z,Mobile,Paid Search
S06338,U00121,2026-02-16T19:40:37Z,Mobile,Paid Search
S06339,U05506,2026-01-28T11:34:18Z,Desktop,Social
S06340,U03119,2026-03-19T23:02:20Z,Tablet,Social
S06341,U07141,2026-02-03T16:14:49Z,Desktop,Social
S06342,U05522,2026-02-22T19:49:30Z,Mobile,Organic
S06343,U05947,2026-01-18T20:44:20Z,Desktop,Paid Search
S06344,U00971,2026-01-23T18:38:57Z,Desktop,Organic
S06345,U04213,2026-03-29T03:38:24Z,Desktop,Social
S06346,U04957,2026-02-24T06:24:28Z,Mobile,Organic
S06347,U06953,2026-01-15T08:07:13Z,Mobile,Social
S06348,U04081,2026-03-27T08:37:34Z,Mobile,Organic
S06349,U03715,2026-02-17T08:42:50Z,Desktop,Organic
S06350,U03178,2026-03-18T11:00:59Z,Desktop,Social
S06351,U01601,2026-02-04T03:14:34Z,Mobile,Organic
S06352,U02569,2026-02-26T20:05:45Z,Desktop,Paid Search
S06353,U02118,2026-03-13T14:01:19Z,Desktop,Paid Search
S06354,U00989,2026-01-19T23:14:08Z,Mobile,Organic
S06355,U03818,2026-03-11T09:53:52Z,Mobile,Paid Search
S06356,U05180,2026-02-06T12:35:10Z,Mobile,Social
S06357,U05991,2026-03-20T12:50:20Z,Mobile,Paid Search
S06358,U04193,2026-01-20T22:29:28Z,Desktop,Paid Search
S06359,U04193,2026-03-01T16:58:17Z,Mobile,Paid Search
S06360,U05302,2026-03-26T20:57:21Z,Mobile,Organic
S06361,U07056,2026-03-01T04:13:07Z,Tablet,Paid Search
S06362,U07580,2026-02-12T12:38:14Z,Tablet,Paid Search
S06363,U05385,2026-03-14T18:58:57Z,Desktop,Paid Search
S06364,U05767,2026-01-31T02:13:33Z,Desktop,Social
S06365,U05742,2026-03-22T10:04:29Z,Mobile,Paid Search
S06366,U07350,2026-03-20T10:53:37Z,Desktop,Organic
S06367,U01205,2026-01-05T21:06:34Z,Mobile,Social
S06368,U07770,2026-02-16T18:00:31Z,Mobile,Organic
S06369,U07607,2026-01-21T17:39:14Z,Desktop,Paid Search
S06370,U03116,2026-01-26T13:24:18Z,Mobile,Paid Search
S06371,U05398,2026-01-30T01:49:12Z,Tablet,Social
S06372,U05282,2026-03-15T22:07:27Z,Mobile,Organic
S06373,U00807,2026-03-25T12:52:31Z,Desktop,Email
S06374,U02971,2026-01-30T10:12:44Z,Tablet,Paid Search
S06375,U00409,2026-02-04T04:18:31Z,Desktop,Organic
S06376,U00525,2026-01-01T06:31:46Z,Mobile,Paid Search
S06377,U06791,2026-01-12T11:03:46Z,Mobile,Email
S06378,U03033,2026-01-23T22:27:38Z,Mobile,Social
S06379,U07498,2026-01-25T22:30:06Z,Mobile,Paid Search
S06380,U02323,2026-02-07T11:24:25Z,Mobile,Paid Search
S06381,U07245,2026-02-01T23:06:11Z,Mobile,Social
S06382,U01698,2026-02-23T12:28:31Z,Mobile,Email
S06383,U05419,2026-01-07T14:46:01Z,Desktop,Social
S06384,U06098,2026-02-03T21:10:38Z,Mobile,Paid Search
S06385,U05123,2026-01-16T17:40:12Z,Desktop,Social
S06386,U07662,2026-01-27T10:21:56Z,Desktop,Social
S06387,U07509,2026-03-22T01:32:46Z,Tablet,Social
S06388,U07996,2026-01-15T19:55:02Z,Desktop,Organic
S06389,U05201,2026-01-29T02:26:25Z,Mobile,Paid Search
S06390,U00498,2026-03-26T00:59:34Z,Mobile,Email
S06391,U05570,2026-03-13T08:46:27Z,Desktop,Email
S06392,U01965,2026-01-18T12:57:25Z,Mobile,Social
S06393,U00570,2026-02-24T11:16:21Z,Mobile,Organic
S06394,U04634,2026-02-27T06:43:44Z,Mobile,Organic
S06395,U03891,2026-02-03T22:40:58Z,Mobile,Organic
S06396,U03927,2026-01-04T06:57:47Z,Desktop,Paid Search
S06397,U06408,2026-03-20T12:22:43Z,Mobile,Email
S06398,U01856,2026-01-12T00:53:38Z,Mobile,Social
S06399,U05488,2026-02-10T07:52:44Z,Desktop,Organic
S06400,U05770,2026-03-15T14:10:13Z,Mobile,Paid Search
S06401,U00014,2026-02-14T12:03:31Z,Desktop,Organic
S06402,U02525,2026-03-31T13:15:29Z,Desktop,Organic
S06403,U00859,2026-01-19T00:08:32Z,Mobile,Organic
S06404,U07975,2026-03-30T20:00:06Z,Desktop,Paid Search
S06405,U01976,2026-02-02T22:49:57Z,Mobile,Email
S06406,U05924,2026-01-27T06:24:21Z,Mobile,Organic
S06407,U06164,2026-03-07T02:27:36Z,Mobile,Organic
S06408,U03671,2026-02-28T06:16:26Z,Mobile,Social
S06409,U05273,2026-01-15T05:40:15Z,Mobile,Paid Search
S06410,U01481,2026-03-25T07:42:08Z,Mobile,Organic
S06411,U01428,2026-02-24T15:54:26Z,Desktop,Paid Search
S06412,U02482,2026-02-23T05:50:21Z,Mobile,Organic
S06413,U07674,2026-03-23T22:40:00Z,Desktop,Email
S06414,U07167,2026-01-05T21:14:35Z,Desktop,Paid Search
S06415,U03702,2026-01-27T15:58:59Z,Mobile,Organic
S06416,U06305,2026-01-23T12:42:04Z,Tablet,Email
S06417,U02649,2026-02-25T15:12:27Z,Mobile,Social
S06418,U07710,2026-02-11T04:16:55Z,Mobile,Social
S06419,U03388,2026-02-20T16:53:32Z,Mobile,Social
S06420,U00043,2026-02-13T02:25:32Z,Mobile,Paid Search
S06421,U07149,2026-02-12T15:01:50Z,Mobile,Organic
S06422,U05976,2026-03-20T18:11:12Z,Desktop,Organic
S06423,U01806,2026-02-22T00:14:41Z,Desktop,Paid Search
S06424,U03807,2026-01-05T10:46:04Z,Mobile,Organic
S06425,U01432,2026-01-04T23:16:47Z,Desktop,Organic
S06426,U02175,2026-01-23T21:08:53Z,Desktop,Social
S06427,U05890,2026-01-18T17:56:07Z,Mobile,Organic
S06428,U02582,2026-02-03T21:29:07Z,Desktop,Paid Search
S06429,U04902,2026-02-12T10:02:29Z,Mobile,Social
S06430,U02403,2026-03-22T08:15:59Z,Mobile,Social
S06431,U04837,2026-03-29T22:21:35Z,Desktop,Organic
S06432,U04507,2026-03-24T21:50:49Z,Desktop,Organic
S06433,U04681,2026-03-25T11:42:44Z,Mobile,Email
S06434,U06277,2026-03-05T10:59:34Z,Desktop,Paid Search
S06435,U05485,2026-03-20T03:30:22Z,Desktop,Organic
S06436,U03706,2026-02-19T23:07:25Z,Desktop,Paid Search
S06437,U05055,2026-02-04T02:14:33Z,Mobile,Social
S06438,U06666,2026-01-21T00:36:28Z,Desktop,Email
S06439,U03812,2026-02-22T11:40:13Z,Mobile,Organic
S06440,U04967,2026-02-09T04:20:54Z,Mobile,Social
S06441,U07004,2026-02-27T16:57:43Z,Tablet,Email
S06442,U00760,2026-03-26T01:04:43Z,Tablet,Social
S06443,U02991,2026-02-24T21:22:14Z,Mobile,Organic
S06444,U01680,2026-01-22T19:43:57Z,Mobile,Social
S06445,U01312,2026-02-16T21:24:26Z,Desktop,Paid Search
S06446,U03407,2026-03-16T22:33:03Z,Desktop,Social
S06447,U00089,2026-03-09T06:29:03Z,Mobile,Organic
S06448,U07111,2026-01-10T05:00:23Z,Mobile,Paid Search
S06449,U03845,2026-02-19T21:14:45Z,Mobile,Email
S06450,U03467,2026-01-25T20:28:43Z,Mobile,Paid Search
S06451,U06000,2026-03-07T09:46:42Z,Mobile,Organic
S06452,U04226,2026-03-09T18:07:55Z,Desktop,Organic
S06453,U06524,2026-03-29T03:10:56Z,Mobile,Organic
S06454,U01364,2026-01-21T07:35:23Z,Mobile,Organic
S06455,U01185,2026-01-02T16:56:29Z,Desktop,Social
S06456,U06222,2026-02-23T08:44:15Z,Mobile,Paid Search
S06457,U01573,2026-03-24T01:29:25Z,Desktop,Social
S06458,U04253,2026-01-19T06:35:30Z,Desktop,Organic
S06459,U06376,2026-01-15T21:58:51Z,Mobile,Social
S06460,U00282,2026-03-17T12:51:42Z,Mobile,Social
S06461,U00122,2026-01-19T12:24:17Z,Tablet,Paid Search
S06462,U06400,2026-03-05T01:35:29Z,Desktop,Paid Search
S06463,U01718,2026-01-13T08:41:08Z,Mobile,Social
S06464,U01398,2026-01-08T12:25:47Z,Desktop,Paid Search
S06465,U02742,2026-01-21T05:54:26Z,Mobile,Paid Search
S06466,U02358,2026-03-20T17:42:47Z,Desktop,Paid Search
S06467,U06350,2026-01-14T04:49:55Z,Mobile,Paid Search
S06468,U05186,2026-03-31T08:55:43Z,Desktop,Organic
S06469,U03089,2026-01-14T08:43:53Z,Mobile,Email
S06470,U07467,2026-03-16T21:36:28Z,Mobile,Organic
S06471,U03820,2026-02-05T21:37:10Z,Mobile,Paid Search
S06472,U06836,2026-03-26T02:00:17Z,Mobile,Organic
S06473,U04808,2026-02-27T13:08:00Z,Mobile,Paid Search
S06474,U02500,2026-02-11T03:40:24Z,Desktop,Organic
S06475,U01312,2026-03-08T02:29:01Z,Desktop,Social
S06476,U00141,2026-03-10T14:20:29Z,Mobile,Organic
S06477,U00674,2026-03-20T08:20:59Z,Desktop,Organic
S06478,U05041,2026-03-21T18:10:37Z,Mobile,Paid Search
S06479,U02060,2026-01-17T16:04:01Z,Desktop,Email
S06480,U07952,2026-01-21T09:22:16Z,Mobile,Email
S06481,U02360,2026-03-09T07:39:59Z,Mobile,Organic
S06482,U03957,2026-01-06T16:11:07Z,Mobile,Organic
S06483,U04950,2026-01-31T05:52:08Z,Mobile,Email
S06484,U01305,2026-03-04T16:36:15Z,Mobile,Email
S06485,U02920,2026-03-09T06:53:17Z,Tablet,Paid Search
S06486,U00718,2026-01-23T15:06:42Z,Desktop,Organic
S06487,U02840,2026-02-17T03:38:39Z,Desktop,Paid Search
S06488,U00765,2026-03-14T21:03:35Z,Mobile,Social
S06489,U04071,2026-03-19T22:35:11Z,Mobile,Paid Search
S06490,U00017,2026-03-13T08:33:41Z,Mobile,Social
S06491,U01537,2026-02-10T12:21:26Z,Mobile,Organic
S06492,U00414,2026-03-18T16:11:42Z,Mobile,Organic
S06493,U06351,2026-03-14T07:51:13Z,Mobile,Organic
S06494,U06066,2026-01-05T00:53:20Z,Desktop,Organic
S06495,U01096,2026-02-28T08:11:27Z,Mobile,Organic
S06496,U06874,2026-01-22T11:07:59Z,Mobile,Paid Search
S06497,U02997,2026-01-16T04:55:42Z,Mobile,Email
S06498,U02485,2026-02-25T21:51:00Z,Tablet,Organic
S06499,U03857,2026-03-14T18:19:05Z,Desktop,Social
S06500,U00306,2026-02-05T10:35:26Z,Desktop,Paid Search
S06501,U01725,2026-01-10T12:56:57Z,Mobile,Email
S06502,U02936,2026-03-06T20:58:51Z,Mobile,Paid Search
S06503,U03051,2026-01-08T03:52:50Z,Desktop,Organic
S06504,U07089,2026-03-01T15:55:54Z,Mobile,Organic
S06505,U00276,2026-02-13T17:09:40Z,Mobile,Organic
S06506,U04798,2026-03-10T12:41:59Z,Mobile,Organic
S06507,U03695,2026-03-02T08:37:14Z,Mobile,Social
S06508,U04120,2026-01-12T19:54:28Z,Mobile,Email
S06509,U01303,2026-01-14T06:20:11Z,Mobile,Organic
S06510,U01142,2026-03-02T04:52:56Z,Mobile,Organic
S06511,U01905,2026-01-27T03:08:48Z,Mobile,Paid Search
S06512,U04717,2026-01-23T12:45:31Z,Mobile,Email
S06513,U05509,2026-02-20T12:15:27Z,Tablet,Social
S06514,U06127,2026-01-07T07:30:40Z,Mobile,Organic
S06515,U01305,2026-02-06T05:46:22Z,Desktop,Organic
S06516,U06106,2026-02-02T15:54:36Z,Mobile,Social
S06517,U00606,2026-01-22T14:54:13Z,Desktop,Paid Search
S06518,U02748,2026-01-02T10:06:11Z,Desktop,Email
S06519,U00355,2026-01-19T10:42:47Z,Desktop,Organic
S06520,U07863,2026-01-30T17:33:34Z,Mobile,Social
S06521,U02851,2026-01-29T02:30:56Z,Mobile,Organic
S06522,U02294,2026-01-13T23:16:18Z,Desktop,Social
S06523,U06073,2026-02-02T00:10:33Z,Mobile,Organic
S06524,U04352,2026-01-08T19:06:10Z,Mobile,Paid Search
S06525,U07311,2026-01-31T12:19:15Z,Mobile,Social
S06526,U04603,2026-01-29T15:33:08Z,Mobile,Organic
S06527,U02396,2026-03-14T17:35:22Z,Mobile,Organic
S06528,U06297,2026-03-22T21:09:00Z,Desktop,Organic
S06529,U02676,2026-01-28T14:00:09Z,Mobile,Social
S06530,U07290,2026-03-05T19:13:25Z,Mobile,Social
S06531,U01486,2026-03-08T15:41:46Z,Desktop,Paid Search
S06532,U04342,2026-01-30T02:03:55Z,Desktop,Organic
S06533,U06932,2026-03-08T21:40:35Z,Mobile,Organic
S06534,U06582,2026-03-19T08:05:56Z,Desktop,Social
S06535,U01204,2026-02-26T03:50:28Z,Mobile,Organic
S06536,U01561,2026-03-21T13:24:14Z,Desktop,Paid Search
S06537,U01484,2026-02-14T16:28:16Z,Mobile,Organic
S06538,U06611,2026-01-29T22:58:53Z,Mobile,Organic
S06539,U05379,2026-03-03T05:44:31Z,Desktop,Social
S06540,U05810,2026-02-19T20:41:26Z,Desktop,Organic
S06541,U00749,2026-03-09T21:31:58Z,Mobile,Organic
S06542,U04334,2026-02-01T17:38:29Z,Mobile,Paid Search
S06543,U03898,2026-03-12T16:56:22Z,Mobile,Social
S06544,U02536,2026-01-19T16:17:25Z,Mobile,Organic
S06545,U03856,2026-03-23T22:10:56Z,Desktop,Social
S06546,U03035,2026-03-01T02:00:15Z,Mobile,Organic
S06547,U04315,2026-01-10T19:48:46Z,Mobile,Organic
S06548,U06795,2026-02-01T16:31:16Z,Mobile,Paid Search
S06549,U03243,2026-01-18T04:49:15Z,Desktop,Organic
S06550,U00293,2026-03-20T01:31:23Z,Mobile,Social
S06551,U06470,2026-03-11T02:28:54Z,Desktop,Paid Search
S06552,U00531,2026-02-25T22:25:39Z,Mobile,Paid Search
S06553,U06333,2026-01-20T13:12:33Z,Mobile,Paid Search
S06554,U01195,2026-03-06T22:58:42Z,Mobile,Paid Search
S06555,U02590,2026-02-02T10:58:28Z,Desktop,Paid Search
S06556,U06495,2026-01-21T03:02:41Z,Desktop,Social
S06557,U03823,2026-02-03T23:10:29Z,Mobile,Organic
S06558,U02412,2026-03-21T11:58:01Z,Mobile,Social
S06559,U01470,2026-01-18T15:15:10Z,Mobile,Email
S06560,U01024,2026-02-11T10:28:00Z,Mobile,Paid Search
S06561,U00739,2026-01-25T05:35:37Z,Mobile,Organic
S06562,U03403,2026-01-17T00:31:20Z,Mobile,Social
S06563,U04544,2026-03-08T06:05:17Z,Mobile,Social
S06564,U05718,2026-01-06T10:53:47Z,Desktop,Organic
S06565,U05184,2026-02-27T15:54:37Z,Mobile,Paid Search
S06566,U07430,2026-03-25T11:21:19Z,Desktop,Paid Search
S06567,U03400,2026-01-06T09:21:27Z,Desktop,Paid Search
S06568,U02496,2026-02-11T23:13:37Z,Mobile,Organic
S06569,U02009,2026-02-14T17:01:52Z,Mobile,Email
S06570,U06115,2026-02-14T07:11:29Z,Mobile,Paid Search
S06571,U06415,2026-03-08T16:54:11Z,Desktop,Organic
S06572,U06195,2026-03-01T13:44:55Z,Mobile,Organic
S06573,U06296,2026-03-22T10:32:29Z,Mobile,Social
S06574,U00481,2026-03-30T11:07:03Z,Mobile,Organic
S06575,U03406,2026-01-20T03:38:43Z,Desktop,Organic
S06576,U02005,2026-02-01T11:07:43Z,Desktop,Organic
S06577,U07892,2026-01-21T04:49:27Z,Desktop,Paid Search
S06578,U02485,2026-02-23T13:17:00Z,Desktop,Social
S06579,U01907,2026-01-29T22:22:56Z,Mobile,Organic
S06580,U00639,2026-03-01T23:15:32Z,Mobile,Social
S06581,U07490,2026-03-28T16:38:11Z,Mobile,Organic
S06582,U01315,2026-01-28T02:31:01Z,Mobile,Paid Search
S06583,U00526,2026-03-01T14:44:45Z,Mobile,Paid Search
S06584,U06720,2026-03-23T13:15:48Z,Mobile,Social
S06585,U00316,2026-01-18T04:23:49Z,Desktop,Paid Search
S06586,U02170,2026-01-12T02:15:42Z,Mobile,Paid Search
S06587,U01197,2026-03-28T13:39:21Z,Mobile,Paid Search
S06588,U03135,2026-03-12T00:18:36Z,Desktop,Paid Search
S06589,U01855,2026-01-22T14:19:46Z,Desktop,Paid Search
S06590,U02181,2026-03-06T17:19:16Z,Tablet,Organic
S06591,U04850,2026-01-24T15:43:26Z,Desktop,Organic
S06592,U01629,2026-02-02T13:53:19Z,Desktop,Organic
S06593,U05933,2026-03-06T02:18:09Z,Mobile,Organic
S06594,U02330,2026-02-10T11:18:35Z,Desktop,Paid Search
S06595,U04974,2026-03-03T05:53:45Z,Desktop,Organic
S06596,U02358,2026-03-17T19:46:38Z,Mobile,Email
S06597,U05212,2026-01-20T04:26:46Z,Mobile,Organic
S06598,U00257,2026-02-17T07:36:00Z,Mobile,Social
S06599,U01050,2026-02-26T22:34:17Z,Mobile,Paid Search
S06600,U01941,2026-02-25T21:38:49Z,Mobile,Social
S06601,U01048,2026-01-02T01:11:03Z,Desktop,Paid Search
S06602,U05240,2026-03-18T12:11:06Z,Desktop,Organic
S06603,U01296,2026-03-04T07:56:39Z,Mobile,Social
S06604,U06047,2026-03-04T01:09:47Z,Mobile,Email
S06605,U05465,2026-01-09T16:11:54Z,Mobile,Paid Search
S06606,U02784,2026-03-14T23:00:34Z,Mobile,Organic
S06607,U01768,2026-01-30T11:47:02Z,Tablet,Social
S06608,U02283,2026-01-11T02:03:13Z,Desktop,Social
S06609,U02299,2026-01-21T17:37:06Z,Mobile,Paid Search
S06610,U04911,2026-02-25T03:00:06Z,Desktop,Organic
S06611,U05691,2026-03-10T17:19:03Z,Mobile,Organic
S06612,U07741,2026-01-07T21:28:42Z,Mobile,Email
S06613,U02387,2026-02-20T18:51:33Z,Mobile,Social
S06614,U00714,2026-01-31T07:28:50Z,Mobile,Email
S06615,U06132,2026-02-10T11:21:57Z,Tablet,Organic
S06616,U05377,2026-01-13T18:51:21Z,Mobile,Social
S06617,U03026,2026-02-01T14:53:05Z,Mobile,Organic
S06618,U05400,2026-03-12T11:50:42Z,Desktop,Organic
S06619,U01970,2026-01-26T02:15:04Z,Desktop,Social
S06620,U04188,2026-03-07T15:56:21Z,Mobile,Social
S06621,U02395,2026-02-09T07:14:20Z,Mobile,Paid Search
S06622,U02384,2026-03-28T16:24:37Z,Desktop,Paid Search
S06623,U02003,2026-02-14T03:39:03Z,Mobile,Organic
S06624,U02724,2026-01-29T08:49:08Z,Desktop,Organic
S06625,U00479,2026-03-06T13:49:33Z,Mobile,Organic
S06626,U07672,2026-03-15T23:19:42Z,Desktop,Organic
S06627,U02836,2026-01-07T15:19:23Z,Mobile,Paid Search
S06628,U04067,2026-01-27T04:56:58Z,Mobile,Email
S06629,U05525,2026-02-03T02:20:03Z,Mobile,Organic
S06630,U04218,2026-02-03T07:07:03Z,Mobile,Paid Search
S06631,U00059,2026-02-10T21:13:43Z,Desktop,Paid Search
S06632,U00866,2026-03-29T05:39:26Z,Mobile,Paid Search
S06633,U04766,2026-03-12T04:25:58Z,Mobile,Social
S06634,U01806,2026-03-14T03:27:43Z,Mobile,Paid Search
S06635,U03386,2026-03-10T17:23:56Z,Desktop,Organic
S06636,U06099,2026-01-10T16:56:35Z,Desktop,Paid Search
S06637,U00709,2026-01-17T14:58:55Z,Mobile,Paid Search
S06638,U06831,2026-01-22T18:34:54Z,Mobile,Social
S06639,U01690,2026-01-11T17:44:56Z,Desktop,Organic
S06640,U02672,2026-02-28T10:32:44Z,Mobile,Organic
S06641,U05054,2026-02-24T06:38:23Z,Desktop,Organic
S06642,U01045,2026-02-17T02:16:46Z,Mobile,Paid Search
S06643,U03734,2026-02-13T04:00:50Z,Mobile,Paid Search
S06644,U04383,2026-02-02T19:28:17Z,Desktop,Paid Search
S06645,U05846,2026-01-04T06:50:19Z,Mobile,Paid Search
S06646,U05290,2026-03-23T18:23:12Z,Mobile,Paid Search
S06647,U01167,2026-02-24T11:28:47Z,Mobile,Organic
S06648,U07852,2026-02-12T11:52:06Z,Mobile,Email
S06649,U00544,2026-02-14T02:06:53Z,Mobile,Organic
S06650,U04610,2026-03-11T15:08:18Z,Mobile,Paid Search
S06651,U02402,2026-03-30T07:58:43Z,Mobile,Social
S06652,U06364,2026-03-24T18:52:58Z,Desktop,Email
S06653,U06775,2026-01-12T00:55:43Z,Mobile,Social
S06654,U03133,2026-03-20T22:36:05Z,Desktop,Paid Search
S06655,U07103,2026-01-06T15:19:40Z,Desktop,Paid Search
S06656,U07390,2026-01-05T20:20:27Z,Mobile,Paid Search
S06657,U02256,2026-01-08T00:26:44Z,Mobile,Email
S06658,U06681,2026-03-04T07:12:45Z,Desktop,Email
S06659,U03256,2026-01-07T07:41:17Z,Mobile,Organic
S06660,U06478,2026-01-13T18:15:40Z,Desktop,Paid Search
S06661,U06993,2026-03-09T19:59:32Z,Mobile,Organic
S06662,U00811,2026-02-15T16:56:20Z,Desktop,Paid Search
S06663,U07627,2026-02-23T02:26:26Z,Desktop,Paid Search
S06664,U04415,2026-03-23T20:47:31Z,Desktop,Organic
S06665,U07883,2026-01-27T04:50:19Z,Desktop,Social
S06666,U00146,2026-03-11T22:04:47Z,Mobile,Organic
S06667,U07195,2026-02-12T02:12:05Z,Desktop,Email
S06668,U02764,2026-02-17T03:27:56Z,Tablet,Organic
S06669,U06444,2026-02-23T02:34:20Z,Tablet,Paid Search
S06670,U03915,2026-03-22T20:39:08Z,Mobile,Social
S06671,U07701,2026-03-04T13:43:01Z,Mobile,Email
S06672,U00560,2026-02-12T10:55:24Z,Desktop,Paid Search
S06673,U05449,2026-01-30T04:23:13Z,Mobile,Organic
S06674,U06743,2026-03-22T06:57:36Z,Desktop,Organic
S06675,U07617,2026-03-15T21:20:14Z,Desktop,Paid Search
S06676,U01761,2026-02-05T03:47:11Z,Tablet,Paid Search
S06677,U05190,2026-02-01T07:55:38Z,Mobile,Organic
S06678,U03935,2026-03-03T14:19:40Z,Mobile,Organic
S06679,U06011,2026-03-02T22:02:49Z,Desktop,Social
S06680,U01456,2026-02-07T05:08:15Z,Tablet,Paid Search
S06681,U05805,2026-03-05T09:44:30Z,Mobile,Organic
S06682,U04649,2026-02-13T00:43:13Z,Desktop,Paid Search
S06683,U07376,2026-02-05T21:21:50Z,Mobile,Organic
S06684,U03944,2026-02-10T03:21:07Z,Desktop,Paid Search
S06685,U05647,2026-02-24T11:31:13Z,Desktop,Paid Search
S06686,U03675,2026-01-28T16:04:54Z,Mobile,Social
S06687,U05909,2026-03-30T22:01:45Z,Desktop,Paid Search
S06688,U01403,2026-01-01T17:49:14Z,Desktop,Organic
S06689,U04144,2026-01-21T10:04:20Z,Mobile,Organic
S06690,U01798,2026-02-07T07:08:04Z,Mobile,Email
S06691,U03471,2026-01-06T15:17:36Z,Tablet,Email
S06692,U05396,2026-02-13T20:32:09Z,Mobile,Paid Search
S06693,U06817,2026-03-11T15:05:43Z,Mobile,Social
S06694,U01462,2026-03-31T09:53:37Z,Desktop,Organic
S06695,U06045,2026-01-27T17:07:41Z,Mobile,Email
S06696,U07810,2026-01-28T00:09:17Z,Mobile,Organic
S06697,U03454,2026-02-17T00:41:38Z,Mobile,Organic
S06698,U02583,2026-02-17T00:06:36Z,Mobile,Social
S06699,U05403,2026-01-30T03:34:10Z,Mobile,Paid Search
S06700,U04025,2026-02-24T06:27:21Z,Mobile,Social
S06701,U05866,2026-01-19T09:17:12Z,Mobile,Social
S06702,U04940,2026-03-22T16:44:30Z,Desktop,Organic
S06703,U06200,2026-03-20T17:24:56Z,Desktop,Social
S06704,U01664,2026-03-23T08:08:59Z,Desktop,Paid Search
S06705,U01723,2026-03-09T16:14:32Z,Desktop,Paid Search
S06706,U03666,2026-03-09T05:26:55Z,Mobile,Organic
S06707,U02044,2026-01-14T13:47:42Z,Mobile,Social
S06708,U01931,2026-03-23T21:57:43Z,Desktop,Paid Search
S06709,U00250,2026-03-08T09:18:28Z,Desktop,Paid Search
S06710,U05937,2026-01-23T21:38:10Z,Desktop,Social
S06711,U01517,2026-01-20T05:36:59Z,Mobile,Paid Search
S06712,U06339,2026-02-26T16:38:07Z,Desktop,Paid Search
S06713,U04365,2026-03-27T08:20:05Z,Desktop,Paid Search
S06714,U02169,2026-03-19T01:39:11Z,Mobile,Paid Search
S06715,U00271,2026-03-06T20:54:16Z,Desktop,Organic
S06716,U05677,2026-01-31T08:47:48Z,Mobile,Email
S06717,U03224,2026-01-15T22:21:32Z,Mobile,Paid Search
S06718,U03872,2026-01-03T14:34:17Z,Mobile,Paid Search
S06719,U01208,2026-01-27T21:49:26Z,Mobile,Paid Search
S06720,U01146,2026-03-26T19:03:22Z,Mobile,Organic
S06721,U00068,2026-03-07T12:55:18Z,Mobile,Social
S06722,U05735,2026-03-07T15:36:35Z,Mobile,Social
S06723,U02190,2026-02-10T00:35:51Z,Desktop,Organic
S06724,U03070,2026-03-01T08:08:13Z,Mobile,Paid Search
S06725,U05068,2026-02-11T08:33:02Z,Tablet,Social
S06726,U05211,2026-03-04T18:11:06Z,Desktop,Paid Search
S06727,U01983,2026-02-18T03:04:45Z,Desktop,Organic
S06728,U05010,2026-01-08T17:20:23Z,Desktop,Social
S06729,U00887,2026-02-01T19:34:14Z,Desktop,Social
S06730,U03563,2026-02-18T21:38:20Z,Desktop,Organic
S06731,U07247,2026-03-21T02:56:40Z,Tablet,Paid Search
S06732,U01285,2026-03-14T07:58:30Z,Desktop,Social
S06733,U02775,2026-02-03T09:19:32Z,Mobile,Email
S06734,U01553,2026-03-10T22:23:33Z,Mobile,Social
S06735,U04913,2026-03-25T03:06:32Z,Desktop,Paid Search
S06736,U00107,2026-02-14T15:51:02Z,Mobile,Social
S06737,U00522,2026-01-27T14:58:17Z,Desktop,Social
S06738,U04117,2026-03-08T17:38:48Z,Mobile,Social
S06739,U04925,2026-01-25T00:54:19Z,Desktop,Paid Search
S06740,U07879,2026-03-16T20:34:28Z,Mobile,Paid Search
S06741,U01184,2026-01-01T06:48:42Z,Mobile,Organic
S06742,U01227,2026-03-13T06:54:35Z,Desktop,Paid Search
S06743,U07876,2026-03-12T02:28:27Z,Mobile,Organic
S06744,U05098,2026-02-24T12:51:35Z,Tablet,Paid Search
S06745,U04181,2026-03-05T01:52:22Z,Desktop,Paid Search
S06746,U07028,2026-02-13T14:31:52Z,Mobile,Organic
S06747,U05315,2026-01-07T13:31:36Z,Mobile,Organic
S06748,U00087,2026-02-04T22:47:50Z,Mobile,Organic
S06749,U03234,2026-01-18T08:03:09Z,Desktop,Organic
S06750,U00171,2026-01-08T13:06:36Z,Mobile,Organic
S06751,U03971,2026-02-16T13:33:59Z,Desktop,Paid Search
S06752,U06909,2026-02-04T08:13:09Z,Mobile,Social
S06753,U04641,2026-01-20T03:00:32Z,Desktop,Social
S06754,U03733,2026-02-19T00:39:55Z,Mobile,Organic
S06755,U01380,2026-02-09T06:49:08Z,Mobile,Social
S06756,U06242,2026-03-16T01:47:26Z,Mobile,Paid Search
S06757,U01796,2026-01-25T23:01:30Z,Desktop,Organic
S06758,U01994,2026-02-01T00:16:14Z,Desktop,Email
S06759,U01607,2026-01-02T07:32:49Z,Mobile,Organic
S06760,U06580,2026-01-24T18:44:58Z,Mobile,Paid Search
S06761,U06127,2026-03-12T14:17:50Z,Mobile,Paid Search
S06762,U04557,2026-01-06T01:08:32Z,Mobile,Paid Search
S06763,U06818,2026-03-31T07:50:09Z,Mobile,Organic
S06764,U05639,2026-02-10T09:48:51Z,Mobile,Paid Search
S06765,U00405,2026-02-12T16:31:54Z,Mobile,Paid Search
S06766,U02243,2026-02-28T22:36:35Z,Tablet,Social
S06767,U05487,2026-03-09T18:55:07Z,Desktop,Organic
S06768,U03329,2026-03-23T04:09:21Z,Tablet,Organic
S06769,U00031,2026-02-13T09:11:40Z,Mobile,Organic
S06770,U03241,2026-02-22T13:13:57Z,Mobile,Organic
S06771,U07158,2026-02-07T11:25:17Z,Desktop,Organic
S06772,U07560,2026-01-06T06:08:29Z,Desktop,Organic
S06773,U06839,2026-01-17T08:28:58Z,Desktop,Paid Search
S06774,U00883,2026-02-04T18:34:55Z,Desktop,Paid Search
S06775,U02746,2026-03-12T18:48:48Z,Mobile,Organic
S06776,U05161,2026-01-27T07:18:34Z,Mobile,Paid Search
S06777,U01343,2026-01-15T03:58:42Z,Desktop,Social
S06778,U06462,2026-02-08T11:10:02Z,Mobile,Social
S06779,U03954,2026-01-30T22:35:42Z,Desktop,Social
S06780,U04568,2026-01-10T22:12:53Z,Desktop,Social
S06781,U07764,2026-03-11T12:25:11Z,Desktop,Paid Search
S06782,U06155,2026-02-04T07:10:24Z,Mobile,Paid Search
S06783,U06111,2026-03-03T05:30:55Z,Mobile,Paid Search
S06784,U03153,2026-03-04T21:28:22Z,Mobile,Social
S06785,U00308,2026-02-03T05:26:13Z,Mobile,Organic
S06786,U04483,2026-01-17T18:42:34Z,Tablet,Organic
S06787,U05469,2026-01-12T16:26:08Z,Mobile,Social
S06788,U04033,2026-02-08T11:08:19Z,Mobile,Email
S06789,U00784,2026-01-03T03:30:31Z,Desktop,Paid Search
S06790,U01539,2026-02-08T02:47:19Z,Mobile,Paid Search
S06791,U03067,2026-01-02T22:31:27Z,Mobile,Organic
S06792,U00809,2026-02-08T12:33:15Z,Mobile,Paid Search
S06793,U03143,2026-03-10T06:53:48Z,Mobile,Social
S06794,U04264,2026-03-08T01:48:22Z,Mobile,Organic
S06795,U05846,2026-03-11T11:19:14Z,Mobile,Social
S06796,U00144,2026-01-03T21:38:44Z,Desktop,Paid Search
S06797,U00180,2026-02-19T10:01:46Z,Mobile,Organic
S06798,U04999,2026-02-03T13:01:13Z,Desktop,Organic
S06799,U03744,2026-02-18T08:42:27Z,Desktop,Organic
S06800,U02145,2026-01-29T15:32:11Z,Desktop,Organic
S06801,U00394,2026-01-19T14:02:52Z,Desktop,Organic
S06802,U05382,2026-02-11T05:07:40Z,Mobile,Social
S06803,U06687,2026-02-03T21:28:13Z,Mobile,Email
S06804,U06910,2026-03-14T17:02:52Z,Desktop,Social
S06805,U03448,2026-02-14T22:22:33Z,Mobile,Organic
S06806,U01281,2026-01-04T22:12:42Z,Mobile,Social
S06807,U07511,2026-01-12T09:24:24Z,Desktop,Organic
S06808,U07002,2026-02-07T03:19:04Z,Desktop,Paid Search
S06809,U06236,2026-02-23T11:18:14Z,Desktop,Email
S06810,U04424,2026-01-23T15:35:01Z,Mobile,Paid Search
S06811,U01669,2026-03-15T06:40:06Z,Mobile,Paid Search
S06812,U07568,2026-03-20T06:49:52Z,Mobile,Paid Search
S06813,U05251,2026-03-13T20:34:46Z,Mobile,Organic
S06814,U04204,2026-01-14T05:54:45Z,Mobile,Social
S06815,U03342,2026-02-25T07:20:56Z,Mobile,Paid Search
S06816,U01840,2026-01-11T06:06:14Z,Mobile,Organic
S06817,U06039,2026-01-27T09:31:44Z,Mobile,Organic
S06818,U05151,2026-02-28T10:30:19Z,Mobile,Paid Search
S06819,U03045,2026-01-26T20:27:32Z,Desktop,Paid Search
S06820,U02799,2026-01-28T01:18:27Z,Desktop,Organic
S06821,U04363,2026-02-23T00:46:25Z,Desktop,Paid Search
S06822,U01243,2026-03-23T20:34:25Z,Desktop,Social
S06823,U06386,2026-02-02T17:07:12Z,Mobile,Paid Search
S06824,U01718,2026-01-21T06:32:08Z,Desktop,Social
S06825,U01256,2026-02-23T21:42:39Z,Mobile,Organic
S06826,U06116,2026-02-22T08:23:55Z,Desktop,Paid Search
S06827,U01022,2026-01-14T12:14:10Z,Desktop,Organic
S06828,U04510,2026-02-20T17:47:08Z,Mobile,Paid Search
S06829,U00823,2026-01-11T04:32:19Z,Desktop,Social
S06830,U03222,2026-01-24T07:07:29Z,Desktop,Social
S06831,U05876,2026-02-23T22:14:22Z,Desktop,Organic
S06832,U03641,2026-01-12T01:16:40Z,Desktop,Social
S06833,U03720,2026-01-13T12:53:20Z,Mobile,Organic
S06834,U05161,2026-03-13T17:05:11Z,Mobile,Social
S06835,U04779,2026-02-12T15:38:15Z,Mobile,Email
S06836,U00642,2026-03-20T19:26:42Z,Mobile,Paid Search
S06837,U04298,2026-03-14T20:48:18Z,Desktop,Organic
S06838,U02379,2026-03-14T04:29:25Z,Desktop,Paid Search
S06839,U04051,2026-01-19T10:31:29Z,Mobile,Organic
S06840,U07362,2026-02-11T18:55:19Z,Desktop,Email
S06841,U07206,2026-02-27T07:40:22Z,Mobile,Organic
S06842,U04110,2026-03-17T22:00:37Z,Mobile,Email
S06843,U07486,2026-02-04T07:44:16Z,Mobile,Paid Search
S06844,U03782,2026-01-11T11:05:37Z,Desktop,Organic
S06845,U02785,2026-02-16T10:33:54Z,Desktop,Organic
S06846,U03777,2026-03-29T02:00:13Z,Tablet,Social
S06847,U02718,2026-03-12T13:56:46Z,Desktop,Paid Search
S06848,U00818,2026-02-08T07:25:13Z,Mobile,Organic
S06849,U07908,2026-01-22T03:41:33Z,Mobile,Social
S06850,U06237,2026-02-25T01:39:07Z,Mobile,Paid Search
S06851,U05352,2026-01-14T20:04:53Z,Mobile,Organic
S06852,U00851,2026-02-10T04:31:09Z,Desktop,Organic
S06853,U01984,2026-03-13T12:41:39Z,Mobile,Organic
S06854,U06420,2026-01-21T21:53:47Z,Desktop,Email
S06855,U05670,2026-01-22T14:59:52Z,Mobile,Organic
S06856,U05931,2026-01-23T10:23:25Z,Mobile,Paid Search
S06857,U06739,2026-02-17T08:38:22Z,Desktop,Social
S06858,U01522,2026-02-21T19:13:15Z,Desktop,Social
S06859,U04497,2026-01-23T00:41:51Z,Mobile,Paid Search
S06860,U01323,2026-03-10T01:25:28Z,Desktop,Paid Search
S06861,U07101,2026-01-02T22:06:52Z,Mobile,Organic
S06862,U02799,2026-03-29T11:35:01Z,Desktop,Organic
S06863,U03189,2026-01-31T18:09:46Z,Mobile,Organic
S06864,U03828,2026-03-12T16:46:32Z,Mobile,Paid Search
S06865,U06619,2026-01-24T12:15:27Z,Tablet,Paid Search
S06866,U07561,2026-01-09T06:56:54Z,Desktop,Organic
S06867,U06149,2026-03-06T08:15:27Z,Desktop,Email
S06868,U01691,2026-01-03T21:35:26Z,Desktop,Paid Search
S06869,U06726,2026-03-30T20:41:40Z,Mobile,Organic
S06870,U02661,2026-01-26T11:58:03Z,Mobile,Email
S06871,U01773,2026-01-18T07:44:18Z,Mobile,Organic
S06872,U04880,2026-03-07T11:41:13Z,Desktop,Social
S06873,U03590,2026-02-02T21:42:10Z,Desktop,Paid Search
S06874,U02363,2026-03-29T14:06:38Z,Mobile,Email
S06875,U02525,2026-03-24T02:46:40Z,Mobile,Organic
S06876,U03276,2026-01-02T16:28:36Z,Desktop,Organic
S06877,U07092,2026-01-25T09:48:23Z,Mobile,Organic
S06878,U05984,2026-02-22T10:50:05Z,Mobile,Email
S06879,U03985,2026-02-03T11:24:23Z,Desktop,Organic
S06880,U02505,2026-03-03T22:15:11Z,Tablet,Paid Search
S06881,U01594,2026-01-24T14:04:06Z,Mobile,Paid Search
S06882,U04596,2026-01-27T08:01:54Z,Mobile,Paid Search
S06883,U00010,2026-03-12T04:54:33Z,Desktop,Social
S06884,U02430,2026-03-03T04:23:30Z,Desktop,Paid Search
S06885,U00980,2026-02-06T22:41:09Z,Mobile,Paid Search
S06886,U04463,2026-01-16T15:08:20Z,Desktop,Social
S06887,U07215,2026-01-20T14:30:09Z,Mobile,Paid Search
S06888,U02514,2026-02-28T20:37:07Z,Mobile,Paid Search
S06889,U05509,2026-01-02T20:35:35Z,Desktop,Paid Search
S06890,U05995,2026-03-20T06:10:45Z,Desktop,Organic
S06891,U00355,2026-01-06T19:55:17Z,Mobile,Social
S06892,U01742,2026-01-10T02:51:09Z,Mobile,Organic
S06893,U05753,2026-03-22T13:12:11Z,Desktop,Social
S06894,U07803,2026-01-13T05:04:17Z,Mobile,Organic
S06895,U01838,2026-02-01T13:31:58Z,Desktop,Organic
S06896,U05133,2026-01-09T03:50:36Z,Desktop,Email
S06897,U04929,2026-03-02T08:52:15Z,Mobile,Social
S06898,U02015,2026-02-19T15:55:58Z,Desktop,Social
S06899,U06634,2026-02-07T06:38:20Z,Mobile,Social
S06900,U02132,2026-02-22T11:58:47Z,Mobile,Organic
S06901,U07360,2026-02-18T12:20:08Z,Mobile,Organic
S06902,U04564,2026-01-09T11:15:56Z,Desktop,Email
S06903,U00413,2026-01-16T21:23:38Z,Mobile,Paid Search
S06904,U02226,2026-01-09T07:35:26Z,Mobile,Organic
S06905,U00619,2026-01-11T21:05:17Z,Desktop,Organic
S06906,U02766,2026-02-22T09:04:20Z,Desktop,Organic
S06907,U07111,2026-02-28T10:10:43Z,Mobile,Organic
S06908,U01361,2026-01-22T16:03:25Z,Mobile,Social
S06909,U02161,2026-01-19T18:56:08Z,Mobile,Email
S06910,U05603,2026-02-22T03:08:53Z,Desktop,Paid Search
S06911,U04311,2026-01-23T09:56:23Z,Desktop,Paid Search
S06912,U00851,2026-01-15T15:34:38Z,Mobile,Organic
S06913,U00309,2026-02-10T17:34:38Z,Desktop,Organic
S06914,U02194,2026-01-23T15:05:15Z,Desktop,Organic
S06915,U03370,2026-03-05T18:49:27Z,Mobile,Social
S06916,U06743,2026-02-22T18:13:12Z,Mobile,Paid Search
S06917,U04272,2026-01-23T21:59:19Z,Desktop,Email
S06918,U00990,2026-01-13T20:03:29Z,Mobile,Organic
S06919,U01568,2026-01-07T03:24:48Z,Mobile,Organic
S06920,U04851,2026-02-17T09:06:05Z,Desktop,Paid Search
S06921,U06428,2026-03-07T05:56:05Z,Mobile,Organic
S06922,U00669,2026-01-18T08:49:22Z,Mobile,Organic
S06923,U01476,2026-01-19T16:29:34Z,Mobile,Paid Search
S06924,U03768,2026-02-05T17:03:31Z,Mobile,Social
S06925,U07819,2026-03-11T02:47:34Z,Desktop,Organic
S06926,U05312,2026-02-26T01:39:50Z,Mobile,Organic
S06927,U05138,2026-02-02T17:16:10Z,Mobile,Organic
S06928,U05712,2026-01-22T03:26:08Z,Mobile,Social
S06929,U06228,2026-01-12T10:57:18Z,Desktop,Organic
S06930,U02685,2026-03-10T22:49:13Z,Mobile,Organic
S06931,U05984,2026-01-12T21:30:30Z,Mobile,Paid Search
S06932,U00216,2026-01-12T03:09:17Z,Mobile,Organic
S06933,U00871,2026-01-10T17:21:23Z,Mobile,Social
S06934,U05525,2026-02-04T15:03:52Z,Mobile,Social
S06935,U01037,2026-03-24T01:07:37Z,Desktop,Paid Search
S06936,U03222,2026-01-10T18:38:14Z,Mobile,Paid Search
S06937,U01165,2026-02-02T09:19:26Z,Mobile,Paid Search
S06938,U06479,2026-02-09T18:08:54Z,Desktop,Organic
S06939,U04776,2026-01-26T14:41:59Z,Mobile,Social
S06940,U00898,2026-02-04T21:16:14Z,Desktop,Organic
S06941,U05725,2026-01-09T22:43:18Z,Mobile,Paid Search
S06942,U03588,2026-02-24T19:11:18Z,Desktop,Organic
S06943,U07706,2026-03-13T20:58:12Z,Mobile,Organic
S06944,U07876,2026-01-12T05:47:11Z,Desktop,Organic
S06945,U07678,2026-01-15T03:01:37Z,Desktop,Organic
S06946,U06292,2026-03-26T00:38:39Z,Desktop,Paid Search
S06947,U07768,2026-03-04T22:58:45Z,Mobile,Organic
S06948,U02828,2026-01-24T13:09:47Z,Desktop,Organic
S06949,U06539,2026-01-31T06:49:40Z,Mobile,Social
S06950,U05482,2026-02-23T02:23:15Z,Mobile,Social
S06951,U07814,2026-01-25T00:21:56Z,Desktop,Organic
S06952,U06769,2026-03-27T18:03:29Z,Mobile,Organic
S06953,U07382,2026-03-30T00:07:18Z,Mobile,Organic
S06954,U02026,2026-01-02T20:34:28Z,Mobile,Organic
S06955,U07305,2026-02-09T20:39:10Z,Desktop,Organic
S06956,U04002,2026-01-01T05:23:25Z,Desktop,Paid Search
S06957,U04954,2026-03-14T00:15:09Z,Mobile,Organic
S06958,U01581,2026-03-18T20:56:52Z,Desktop,Paid Search
S06959,U03117,2026-02-23T09:42:39Z,Mobile,Paid Search
S06960,U07812,2026-02-23T02:53:43Z,Mobile,Organic
S06961,U05865,2026-02-28T16:39:50Z,Mobile,Paid Search
S06962,U05644,2026-03-15T10:53:30Z,Desktop,Social
S06963,U04423,2026-02-04T19:40:12Z,Desktop,Paid Search
S06964,U06820,2026-02-03T03:30:20Z,Desktop,Organic
S06965,U06592,2026-03-02T01:17:26Z,Mobile,Social
S06966,U02176,2026-02-13T12:18:18Z,Mobile,Paid Search
S06967,U07538,2026-01-04T03:41:33Z,Mobile,Paid Search
S06968,U07174,2026-02-26T10:08:07Z,Desktop,Organic
S06969,U06121,2026-03-10T11:16:27Z,Mobile,Email
S06970,U02556,2026-01-10T11:18:39Z,Mobile,Paid Search
S06971,U01516,2026-01-26T13:01:26Z,Desktop,Email
S06972,U02321,2026-02-10T10:48:11Z,Mobile,Social
S06973,U07714,2026-02-01T06:30:14Z,Desktop,Email
S06974,U04605,2026-03-18T11:43:09Z,Mobile,Paid Search
S06975,U04639,2026-03-27T06:51:06Z,Mobile,Email
S06976,U04679,2026-03-15T22:35:15Z,Mobile,Social
S06977,U03813,2026-03-06T10:09:19Z,Mobile,Paid Search
S06978,U03310,2026-01-12T01:26:34Z,Mobile,Social
S06979,U00565,2026-01-21T11:35:48Z,Mobile,Paid Search
S06980,U07499,2026-01-19T19:10:32Z,Mobile,Paid Search
S06981,U00449,2026-03-31T12:30:14Z,Mobile,Organic
S06982,U06905,2026-02-08T09:58:57Z,Mobile,Paid Search
S06983,U05957,2026-02-18T08:40:26Z,Mobile,Email
S06984,U01536,2026-02-25T05:38:04Z,Desktop,Email
S06985,U01738,2026-03-11T20:41:20Z,Mobile,Email
S06986,U01514,2026-02-20T01:03:04Z,Tablet,Social
S06987,U03899,2026-03-01T17:32:07Z,Desktop,Paid Search
S06988,U02272,2026-02-19T19:51:12Z,Mobile,Social
S06989,U04164,2026-01-20T15:14:22Z,Desktop,Paid Search
S06990,U05191,2026-01-05T17:43:14Z,Mobile,Paid Search
S06991,U03597,2026-02-25T12:32:36Z,Mobile,Social
S06992,U02270,2026-02-16T03:11:42Z,Desktop,Paid Search
S06993,U02834,2026-03-20T20:22:13Z,Tablet,Organic
S06994,U03937,2026-01-27T11:52:40Z,Mobile,Paid Search
S06995,U03339,2026-03-03T17:39:58Z,Mobile,Paid Search
S06996,U07938,2026-03-16T16:13:48Z,Desktop,Organic
S06997,U06358,2026-01-25T02:27:02Z,Mobile,Paid Search
S06998,U03426,2026-01-23T18:06:22Z,Mobile,Paid Search
S06999,U03130,2026-02-22T19:38:15Z,Mobile,Paid Search
S07000,U05446,2026-01-23T00:20:00Z,Mobile,Social
S07001,U01438,2026-02-11T17:08:11Z,Mobile,Organic
S07002,U03316,2026-02-03T14:49:01Z,Mobile,Paid Search
S07003,U02401,2026-01-15T12:36:09Z,Mobile,Organic
S07004,U05045,2026-03-28T08:29:57Z,Desktop,Organic
S07005,U06454,2026-03-10T15:39:43Z,Desktop,Paid Search
S07006,U02867,2026-01-14T17:59:28Z,Mobile,Social
S07007,U02743,2026-01-05T03:53:46Z,Tablet,Social
S07008,U06026,2026-02-17T12:11:29Z,Mobile,Social
S07009,U01144,2026-01-26T11:32:51Z,Mobile,Paid Search
S07010,U00491,2026-01-11T07:48:10Z,Desktop,Paid Search
S07011,U02081,2026-01-07T01:09:37Z,Desktop,Email
S07012,U02377,2026-02-12T13:06:14Z,Mobile,Paid Search
S07013,U03407,2026-01-09T20:01:02Z,Desktop,Paid Search
S07014,U04296,2026-02-01T13:02:46Z,Mobile,Paid Search
S07015,U03713,2026-03-05T07:30:42Z,Mobile,Email
S07016,U03885,2026-03-07T09:56:06Z,Desktop,Paid Search
S07017,U04439,2026-02-20T22:12:53Z,Mobile,Organic
S07018,U06663,2026-01-04T21:54:51Z,Mobile,Paid Search
S07019,U06919,2026-01-26T01:59:23Z,Desktop,Organic
S07020,U04836,2026-02-12T18:16:42Z,Desktop,Email
S07021,U01987,2026-02-04T10:56:31Z,Mobile,Email
S07022,U02505,2026-01-18T01:33:40Z,Mobile,Organic
S07023,U01134,2026-03-17T18:46:30Z,Mobile,Organic
S07024,U00642,2026-01-13T05:02:31Z,Desktop,Paid Search
S07025,U07042,2026-01-30T17:47:15Z,Mobile,Social
S07026,U06152,2026-03-05T17:20:04Z,Mobile,Paid Search
S07027,U02102,2026-02-06T08:43:55Z,Mobile,Paid Search
S07028,U00636,2026-02-09T15:22:20Z,Mobile,Paid Search
S07029,U07633,2026-01-27T05:06:33Z,Mobile,Organic
S07030,U03942,2026-02-01T16:15:35Z,Desktop,Email
S07031,U06092,2026-03-10T06:20:09Z,Mobile,Paid Search
S07032,U01688,2026-03-20T15:16:33Z,Mobile,Organic
S07033,U07718,2026-01-11T05:26:03Z,Mobile,Email
S07034,U04452,2026-03-20T06:07:52Z,Desktop,Organic
S07035,U07354,2026-03-21T06:47:19Z,Desktop,Organic
S07036,U02670,2026-02-13T10:56:19Z,Desktop,Email
S07037,U01728,2026-02-17T15:07:03Z,Desktop,Social
S07038,U03041,2026-03-15T10:11:08Z,Tablet,Paid Search
S07039,U05565,2026-03-15T00:31:48Z,Mobile,Organic
S07040,U00905,2026-01-10T22:03:41Z,Mobile,Organic
S07041,U01331,2026-01-23T08:34:05Z,Mobile,Paid Search
S07042,U07995,2026-03-08T19:55:42Z,Mobile,Organic
S07043,U06013,2026-02-10T21:04:25Z,Desktop,Organic
S07044,U05424,2026-02-21T22:57:32Z,Desktop,Organic
S07045,U02731,2026-01-31T12:34:44Z,Mobile,Organic
S07046,U07231,2026-01-23T02:39:47Z,Desktop,Social
S07047,U00034,2026-03-07T17:10:12Z,Mobile,Organic
S07048,U02944,2026-01-06T19:43:33Z,Mobile,Paid Search
S07049,U06958,2026-03-09T01:06:14Z,Mobile,Paid Search
S07050,U06627,2026-02-06T17:07:05Z,Desktop,Organic
S07051,U01569,2026-03-20T03:37:37Z,Desktop,Email
S07052,U03786,2026-03-07T19:19:39Z,Desktop,Paid Search
S07053,U00993,2026-01-05T06:39:21Z,Mobile,Email
S07054,U07131,2026-02-14T01:56:13Z,Mobile,Organic
S07055,U07793,2026-01-26T04:36:39Z,Desktop,Social
S07056,U06280,2026-03-26T15:33:48Z,Desktop,Organic
S07057,U03249,2026-02-08T13:53:35Z,Mobile,Paid Search
S07058,U00984,2026-03-26T09:15:37Z,Mobile,Social
S07059,U06856,2026-01-03T00:11:01Z,Desktop,Social
S07060,U04007,2026-02-26T09:34:44Z,Mobile,Paid Search
S07061,U01561,2026-01-03T17:17:00Z,Mobile,Social
S07062,U05613,2026-01-19T11:50:13Z,Desktop,Email
S07063,U01928,2026-01-22T05:08:38Z,Desktop,Organic
S07064,U00414,2026-02-23T15:54:50Z,Mobile,Social
S07065,U05995,2026-01-16T19:17:05Z,Desktop,Organic
S07066,U02469,2026-03-21T07:50:12Z,Desktop,Organic
S07067,U02848,2026-01-29T03:08:17Z,Tablet,Email
S07068,U01830,2026-01-13T07:43:05Z,Mobile,Email
S07069,U05170,2026-03-23T11:38:21Z,Mobile,Social
S07070,U02529,2026-03-28T10:51:43Z,Desktop,Paid Search
S07071,U06635,2026-02-11T16:30:50Z,Mobile,Paid Search
S07072,U05416,2026-02-27T09:05:16Z,Mobile,Social
S07073,U05934,2026-01-25T14:37:22Z,Mobile,Organic
S07074,U00648,2026-03-04T03:01:08Z,Mobile,Paid Search
S07075,U04898,2026-02-10T15:14:00Z,Desktop,Email
S07076,U05049,2026-02-25T00:48:08Z,Mobile,Paid Search
S07077,U07077,2026-01-02T22:14:08Z,Tablet,Paid Search
S07078,U07075,2026-01-11T20:14:52Z,Mobile,Paid Search
S07079,U04605,2026-02-10T18:18:04Z,Mobile,Organic
S07080,U01624,2026-01-03T21:18:18Z,Mobile,Organic
S07081,U05621,2026-03-17T14:51:25Z,Tablet,Organic
S07082,U07385,2026-03-24T14:22:13Z,Mobile,Organic
S07083,U00235,2026-02-18T10:11:09Z,Desktop,Organic
S07084,U06339,2026-03-15T05:34:36Z,Mobile,Organic
S07085,U07815,2026-03-12T16:44:55Z,Mobile,Paid Search
S07086,U02378,2026-01-06T18:27:27Z,Mobile,Social
S07087,U06831,2026-03-11T08:44:16Z,Desktop,Social
S07088,U03710,2026-01-24T16:02:37Z,Desktop,Organic
S07089,U04069,2026-02-26T18:25:32Z,Desktop,Organic
S07090,U03164,2026-01-18T18:16:30Z,Mobile,Paid Search
S07091,U01851,2026-03-04T16:27:13Z,Desktop,Organic
S07092,U06201,2026-02-25T02:24:17Z,Mobile,Organic
S07093,U02229,2026-01-14T17:14:52Z,Desktop,Organic
S07094,U05630,2026-01-12T08:17:20Z,Mobile,Social
S07095,U00653,2026-03-12T21:26:11Z,Mobile,Email
S07096,U05213,2026-03-24T20:46:45Z,Mobile,Paid Search
S07097,U02047,2026-03-01T17:54:50Z,Desktop,Organic
S07098,U06076,2026-02-11T13:44:28Z,Mobile,Social
S07099,U03059,2026-02-09T15:31:13Z,Mobile,Social
S07100,U07472,2026-03-23T19:51:18Z,Desktop,Organic
S07101,U05158,2026-02-26T11:16:15Z,Mobile,Organic
S07102,U05634,2026-01-14T10:36:47Z,Mobile,Social
S07103,U01826,2026-03-19T00:32:37Z,Desktop,Social
S07104,U03852,2026-01-17T13:41:06Z,Mobile,Organic
S07105,U05055,2026-01-10T04:56:15Z,Mobile,Paid Search
S07106,U03749,2026-03-15T20:37:36Z,Desktop,Social
S07107,U05195,2026-03-28T00:58:34Z,Desktop,Paid Search
S07108,U04892,2026-02-07T19:37:31Z,Desktop,Paid Search
S07109,U05668,2026-03-18T16:53:34Z,Mobile,Paid Search
S07110,U03371,2026-01-06T16:50:03Z,Mobile,Social
S07111,U04637,2026-02-01T17:17:33Z,Mobile,Email
S07112,U03556,2026-03-30T03:23:53Z,Desktop,Social
S07113,U06710,2026-02-13T16:20:24Z,Mobile,Organic
S07114,U05229,2026-01-27T04:55:33Z,Mobile,Organic
S07115,U07269,2026-03-16T06:05:48Z,Desktop,Paid Search
S07116,U02734,2026-03-28T05:41:43Z,Mobile,Social
S07117,U04195,2026-03-05T14:30:12Z,Desktop,Organic
S07118,U05945,2026-03-29T01:09:38Z,Mobile,Social
S07119,U05319,2026-01-02T15:11:53Z,Mobile,Social
S07120,U05228,2026-03-04T11:17:49Z,Desktop,Paid Search
S07121,U06181,2026-02-20T17:46:01Z,Mobile,Social
S07122,U04799,2026-02-07T22:11:47Z,Mobile,Organic
S07123,U01158,2026-01-07T22:27:49Z,Mobile,Paid Search
S07124,U01344,2026-01-23T09:41:04Z,Mobile,Paid Search
S07125,U04185,2026-01-08T02:17:40Z,Desktop,Paid Search
S07126,U07295,2026-03-20T20:50:08Z,Desktop,Organic
S07127,U01228,2026-03-19T20:02:11Z,Desktop,Email
S07128,U00737,2026-02-09T14:00:35Z,Mobile,Email
S07129,U02830,2026-02-02T03:12:13Z,Mobile,Social
S07130,U06503,2026-01-27T12:23:19Z,Mobile,Organic
S07131,U03328,2026-02-08T22:33:45Z,Mobile,Social
S07132,U03274,2026-01-30T18:39:38Z,Mobile,Organic
S07133,U06583,2026-02-07T09:32:09Z,Mobile,Organic
S07134,U05123,2026-02-20T15:50:37Z,Desktop,Social
S07135,U06931,2026-03-03T17:40:28Z,Mobile,Organic
S07136,U06722,2026-02-25T10:00:06Z,Desktop,Organic
S07137,U02877,2026-03-15T00:37:48Z,Desktop,Organic
S07138,U03102,2026-01-10T18:57:33Z,Mobile,Email
S07139,U05995,2026-03-18T05:35:08Z,Desktop,Organic
S07140,U00283,2026-01-27T05:16:16Z,Desktop,Organic
S07141,U06370,2026-01-23T15:37:44Z,Desktop,Email
S07142,U04596,2026-02-03T17:11:12Z,Desktop,Social
S07143,U03140,2026-02-16T01:46:23Z,Desktop,Organic
S07144,U05398,2026-01-31T20:37:38Z,Desktop,Email
S07145,U06434,2026-01-18T20:06:45Z,Mobile,Paid Search
S07146,U06332,2026-01-14T05:05:49Z,Mobile,Social
S07147,U07567,2026-01-31T19:22:11Z,Mobile,Organic
S07148,U04046,2026-03-21T06:11:17Z,Mobile,Organic
S07149,U06634,2026-01-16T20:51:55Z,Mobile,Paid Search
S07150,U03059,2026-02-01T07:37:48Z,Mobile,Organic
S07151,U05192,2026-01-18T11:19:36Z,Tablet,Social
S07152,U06500,2026-03-30T01:01:15Z,Mobile,Organic
S07153,U02378,2026-03-10T06:18:21Z,Mobile,Social
S07154,U07100,2026-03-08T15:42:17Z,Desktop,Organic
S07155,U01784,2026-02-26T08:23:56Z,Mobile,Social
S07156,U03711,2026-01-18T09:10:56Z,Mobile,Paid Search
S07157,U01299,2026-03-13T07:49:19Z,Mobile,Social
S07158,U04436,2026-01-18T18:59:10Z,Desktop,Email
S07159,U03628,2026-02-05T09:23:58Z,Mobile,Social
S07160,U05471,2026-01-10T00:07:38Z,Mobile,Paid Search
S07161,U01447,2026-02-19T11:42:51Z,Mobile,Organic
S07162,U03066,2026-03-26T19:34:24Z,Desktop,Organic
S07163,U03956,2026-01-01T20:01:46Z,Desktop,Paid Search
S07164,U00227,2026-03-11T04:24:04Z,Desktop,Social
S07165,U00849,2026-02-24T06:28:41Z,Mobile,Social
S07166,U04244,2026-02-06T19:57:00Z,Desktop,Organic
S07167,U05611,2026-02-14T06:15:30Z,Desktop,Social
S07168,U01094,2026-01-31T00:12:41Z,Mobile,Paid Search
S07169,U03883,2026-03-13T01:42:49Z,Mobile,Organic
S07170,U06777,2026-03-07T06:38:34Z,Mobile,Organic
S07171,U05204,2026-01-01T21:36:15Z,Mobile,Organic
S07172,U07089,2026-01-11T07:42:12Z,Mobile,Organic
S07173,U01373,2026-01-17T21:23:22Z,Desktop,Paid Search
S07174,U04199,2026-03-01T20:49:56Z,Tablet,Paid Search
S07175,U06056,2026-02-01T12:07:21Z,Desktop,Social
S07176,U01909,2026-03-25T17:01:53Z,Mobile,Organic
S07177,U03124,2026-01-07T13:49:39Z,Mobile,Organic
S07178,U07827,2026-03-13T21:19:06Z,Mobile,Paid Search
S07179,U05106,2026-02-19T01:39:15Z,Mobile,Paid Search
S07180,U00843,2026-03-30T10:32:58Z,Mobile,Email
S07181,U05904,2026-01-31T14:46:23Z,Mobile,Email
S07182,U04147,2026-01-14T05:18:55Z,Mobile,Paid Search
S07183,U05151,2026-03-30T16:04:39Z,Mobile,Social
S07184,U04645,2026-03-26T06:42:14Z,Desktop,Social
S07185,U04764,2026-03-18T11:47:50Z,Desktop,Organic
S07186,U00684,2026-01-06T17:01:46Z,Tablet,Paid Search
S07187,U06675,2026-01-07T08:27:12Z,Mobile,Organic
S07188,U02177,2026-01-15T22:46:27Z,Desktop,Organic
S07189,U07627,2026-01-12T13:34:30Z,Mobile,Email
S07190,U00463,2026-03-25T09:54:23Z,Desktop,Paid Search
S07191,U04276,2026-01-19T04:13:09Z,Mobile,Social
S07192,U07328,2026-03-21T12:18:22Z,Desktop,Paid Search
S07193,U03899,2026-02-19T11:50:30Z,Desktop,Organic
S07194,U00723,2026-02-24T11:07:18Z,Mobile,Organic
S07195,U00476,2026-01-03T00:01:20Z,Desktop,Paid Search
S07196,U01349,2026-01-14T00:10:29Z,Desktop,Organic
S07197,U05124,2026-03-14T11:26:27Z,Mobile,Paid Search
S07198,U02669,2026-03-04T18:13:32Z,Desktop,Organic
S07199,U04572,2026-02-14T10:22:35Z,Desktop,Paid Search
S07200,U02102,2026-01-06T07:46:25Z,Mobile,Paid Search
S07201,U04806,2026-03-19T02:31:45Z,Mobile,Organic
S07202,U07959,2026-03-19T19:30:26Z,Desktop,Organic
S07203,U06213,2026-01-25T03:07:20Z,Mobile,Paid Search
S07204,U04708,2026-02-27T12:38:00Z,Mobile,Paid Search
S07205,U03666,2026-02-05T00:44:57Z,Mobile,Organic
S07206,U04087,2026-01-04T19:40:19Z,Mobile,Organic
S07207,U04303,2026-02-15T19:24:19Z,Mobile,Organic
S07208,U02096,2026-02-12T09:19:25Z,Desktop,Email
S07209,U03362,2026-03-07T03:51:33Z,Desktop,Social
S07210,U06075,2026-01-01T17:04:27Z,Desktop,Social
S07211,U03804,2026-03-22T08:40:33Z,Mobile,Organic
S07212,U07904,2026-01-16T16:54:08Z,Desktop,Organic
S07213,U00696,2026-02-11T12:12:43Z,Desktop,Paid Search
S07214,U02971,2026-01-22T16:00:55Z,Mobile,Organic
S07215,U02180,2026-03-11T01:04:23Z,Mobile,Paid Search
S07216,U07724,2026-02-25T00:42:27Z,Mobile,Social
S07217,U02103,2026-02-22T11:29:21Z,Mobile,Organic
S07218,U00719,2026-02-26T20:41:12Z,Desktop,Social
S07219,U07839,2026-03-26T09:38:06Z,Mobile,Social
S07220,U05318,2026-02-08T11:19:57Z,Desktop,Paid Search
S07221,U02017,2026-02-17T05:16:02Z,Desktop,Paid Search
S07222,U05514,2026-01-28T21:11:32Z,Tablet,Social
S07223,U02104,2026-02-21T17:41:49Z,Mobile,Organic
S07224,U02844,2026-03-17T17:58:47Z,Mobile,Email
S07225,U00350,2026-02-26T20:02:56Z,Mobile,Organic
S07226,U01199,2026-03-07T01:46:37Z,Desktop,Paid Search
S07227,U07403,2026-01-27T22:06:33Z,Desktop,Paid Search
S07228,U02751,2026-03-22T16:17:26Z,Mobile,Paid Search
S07229,U07228,2026-02-03T04:58:17Z,Desktop,Email
S07230,U07122,2026-02-11T08:06:37Z,Mobile,Social
S07231,U04461,2026-03-02T11:14:44Z,Mobile,Paid Search
S07232,U02787,2026-02-17T08:00:46Z,Mobile,Social
S07233,U02119,2026-02-13T07:02:19Z,Desktop,Social
S07234,U03146,2026-02-16T18:57:57Z,Mobile,Organic
S07235,U04194,2026-03-12T18:41:45Z,Mobile,Organic
S07236,U06746,2026-02-12T12:14:28Z,Mobile,Email
S07237,U01561,2026-02-17T03:39:23Z,Mobile,Paid Search
S07238,U00639,2026-03-30T07:06:03Z,Mobile,Social
S07239,U05157,2026-02-08T09:41:25Z,Tablet,Social
S07240,U02817,2026-02-19T21:11:12Z,Desktop,Paid Search
S07241,U01870,2026-01-14T17:40:36Z,Mobile,Organic
S07242,U03641,2026-03-03T09:46:18Z,Mobile,Email
S07243,U07660,2026-03-21T06:17:18Z,Mobile,Organic
S07244,U03297,2026-01-17T08:24:33Z,Tablet,Paid Search
S07245,U01578,2026-02-09T08:18:03Z,Tablet,Social
S07246,U05101,2026-03-30T12:56:48Z,Desktop,Social
S07247,U05027,2026-01-09T02:24:18Z,Mobile,Organic
S07248,U06651,2026-03-20T21:03:33Z,Mobile,Organic
S07249,U07071,2026-01-12T18:09:20Z,Desktop,Social
S07250,U00940,2026-01-10T01:27:37Z,Mobile,Paid Search
S07251,U02551,2026-01-07T12:04:16Z,Mobile,Email
S07252,U01641,2026-03-10T14:34:54Z,Desktop,Organic
S07253,U05784,2026-03-02T23:02:35Z,Mobile,Paid Search
S07254,U00067,2026-01-30T20:53:15Z,Desktop,Social
S07255,U06694,2026-01-03T17:54:10Z,Desktop,Paid Search
S07256,U02577,2026-02-25T12:59:39Z,Mobile,Social
S07257,U03471,2026-03-18T05:58:41Z,Mobile,Organic
S07258,U05763,2026-02-13T08:36:33Z,Mobile,Organic
S07259,U06606,2026-02-21T01:14:24Z,Desktop,Organic
S07260,U05563,2026-01-19T05:56:51Z,Mobile,Social
S07261,U02475,2026-02-05T16:31:59Z,Desktop,Social
S07262,U06023,2026-03-27T14:23:03Z,Desktop,Social
S07263,U00455,2026-03-17T03:23:16Z,Mobile,Paid Search
S07264,U03249,2026-01-17T16:02:40Z,Mobile,Organic
S07265,U03617,2026-02-12T20:47:35Z,Desktop,Social
S07266,U00494,2026-03-01T16:04:15Z,Desktop,Social
S07267,U05010,2026-03-28T16:46:45Z,Mobile,Organic
S07268,U00715,2026-02-13T07:43:20Z,Mobile,Social
S07269,U01296,2026-03-23T21:11:49Z,Tablet,Paid Search
S07270,U00108,2026-03-07T07:40:25Z,Desktop,Social
S07271,U02976,2026-03-10T23:14:57Z,Desktop,Organic
S07272,U01320,2026-02-12T14:23:30Z,Desktop,Paid Search
S07273,U01885,2026-03-28T16:49:20Z,Desktop,Organic
S07274,U07115,2026-01-16T11:06:19Z,Mobile,Paid Search
S07275,U04856,2026-02-14T03:01:56Z,Desktop,Social
S07276,U00028,2026-02-03T11:42:12Z,Mobile,Organic
S07277,U04587,2026-03-29T18:58:39Z,Desktop,Paid Search
S07278,U05060,2026-03-19T08:55:18Z,Mobile,Paid Search
S07279,U01519,2026-01-04T20:36:10Z,Desktop,Social
S07280,U03594,2026-03-05T15:32:11Z,Mobile,Social
S07281,U05796,2026-01-26T19:56:00Z,Mobile,Organic
S07282,U06983,2026-03-26T17:30:26Z,Mobile,Organic
S07283,U00945,2026-02-16T21:45:40Z,Mobile,Organic
S07284,U02069,2026-01-25T01:53:09Z,Mobile,Organic
S07285,U00505,2026-02-03T14:09:25Z,Mobile,Organic
S07286,U02133,2026-01-23T06:40:48Z,Mobile,Paid Search
S07287,U02843,2026-02-12T17:58:41Z,Mobile,Social
S07288,U02882,2026-03-25T20:04:58Z,Desktop,Social
S07289,U07922,2026-03-18T10:22:54Z,Desktop,Organic
S07290,U04120,2026-01-07T16:50:31Z,Mobile,Email
S07291,U05196,2026-03-16T05:27:12Z,Desktop,Social
S07292,U00803,2026-02-22T14:07:54Z,Mobile,Paid Search
S07293,U06016,2026-01-24T19:18:19Z,Mobile,Email
S07294,U06270,2026-02-24T03:45:29Z,Desktop,Social
S07295,U02136,2026-01-03T16:45:59Z,Desktop,Paid Search
S07296,U02407,2026-03-23T12:43:34Z,Mobile,Paid Search
S07297,U04933,2026-01-01T16:06:45Z,Mobile,Email
S07298,U07628,2026-03-02T20:25:24Z,Mobile,Organic
S07299,U02173,2026-02-14T21:45:24Z,Mobile,Paid Search
S07300,U00859,2026-02-27T19:01:53Z,Mobile,Organic
S07301,U07042,2026-03-05T03:48:11Z,Mobile,Social
S07302,U02862,2026-03-08T16:51:19Z,Mobile,Paid Search
S07303,U04824,2026-01-10T11:46:11Z,Desktop,Paid Search
S07304,U03737,2026-01-18T21:32:13Z,Mobile,Paid Search
S07305,U06396,2026-03-03T14:42:05Z,Desktop,Organic
S07306,U02474,2026-03-15T06:46:15Z,Desktop,Social
S07307,U06379,2026-02-28T10:07:39Z,Mobile,Organic
S07308,U05603,2026-02-26T20:14:11Z,Mobile,Paid Search
S07309,U01133,2026-02-17T21:23:45Z,Desktop,Email
S07310,U02660,2026-02-01T09:56:07Z,Desktop,Organic
S07311,U04561,2026-01-04T06:01:36Z,Desktop,Social
S07312,U00736,2026-03-15T02:27:43Z,Mobile,Organic
S07313,U03830,2026-01-06T02:58:24Z,Desktop,Social
S07314,U01525,2026-02-05T04:42:48Z,Mobile,Paid Search
S07315,U01263,2026-01-23T09:22:37Z,Mobile,Social
S07316,U01479,2026-03-07T00:54:46Z,Desktop,Organic
S07317,U02361,2026-02-27T09:48:07Z,Desktop,Paid Search
S07318,U06750,2026-02-19T22:44:17Z,Desktop,Paid Search
S07319,U01079,2026-02-07T14:30:30Z,Mobile,Paid Search
S07320,U03762,2026-01-01T17:36:51Z,Desktop,Organic
S07321,U03361,2026-03-08T15:56:06Z,Tablet,Paid Search
S07322,U06004,2026-01-31T07:34:34Z,Desktop,Organic
S07323,U05359,2026-02-16T01:42:13Z,Mobile,Paid Search
S07324,U00377,2026-02-11T14:10:37Z,Desktop,Paid Search
S07325,U01259,2026-03-13T11:02:15Z,Mobile,Email
S07326,U07172,2026-02-05T22:29:55Z,Desktop,Organic
S07327,U02673,2026-02-28T21:49:33Z,Mobile,Organic
S07328,U00147,2026-03-23T22:02:56Z,Mobile,Social
S07329,U07079,2026-02-25T00:46:01Z,Desktop,Social
S07330,U01139,2026-02-23T23:13:26Z,Mobile,Social
S07331,U01483,2026-02-10T07:22:26Z,Mobile,Organic
S07332,U05108,2026-01-16T04:39:08Z,Mobile,Organic
S07333,U01364,2026-01-28T06:21:15Z,Desktop,Organic
S07334,U05469,2026-03-08T07:48:05Z,Mobile,Email
S07335,U05493,2026-03-18T09:52:03Z,Mobile,Social
S07336,U00979,2026-02-08T15:28:22Z,Desktop,Email
S07337,U03277,2026-01-06T18:30:26Z,Desktop,Social
S07338,U02109,2026-02-03T12:33:05Z,Desktop,Social
S07339,U07524,2026-01-07T09:37:00Z,Tablet,Email
S07340,U02812,2026-02-03T09:15:24Z,Mobile,Organic
S07341,U03588,2026-02-16T01:54:02Z,Mobile,Social
S07342,U07279,2026-01-29T05:16:53Z,Desktop,Social
S07343,U06405,2026-01-07T14:34:09Z,Desktop,Social
S07344,U05442,2026-02-28T17:44:59Z,Mobile,Paid Search
S07345,U07824,2026-02-15T21:10:26Z,Mobile,Email
S07346,U04109,2026-01-30T08:14:19Z,Mobile,Email
S07347,U06130,2026-01-24T08:58:48Z,Mobile,Email
S07348,U05563,2026-01-08T11:53:17Z,Mobile,Social
S07349,U07694,2026-02-18T03:48:50Z,Tablet,Organic
S07350,U00360,2026-03-09T04:21:42Z,Mobile,Social
S07351,U05028,2026-02-05T19:41:44Z,Mobile,Paid Search
S07352,U02011,2026-02-11T15:32:07Z,Mobile,Paid Search
S07353,U05955,2026-02-27T05:30:21Z,Mobile,Paid Search
S07354,U07291,2026-02-07T17:28:23Z,Mobile,Organic
S07355,U04618,2026-02-03T22:01:19Z,Desktop,Social
S07356,U04028,2026-03-04T04:31:53Z,Desktop,Paid Search
S07357,U05541,2026-02-06T20:57:25Z,Desktop,Organic
S07358,U07359,2026-01-02T20:23:28Z,Mobile,Organic
S07359,U05124,2026-02-10T00:39:52Z,Tablet,Organic
S07360,U00864,2026-01-02T06:55:52Z,Desktop,Organic
S07361,U07633,2026-02-01T16:03:25Z,Desktop,Organic
S07362,U07367,2026-02-17T01:02:59Z,Desktop,Organic
S07363,U06829,2026-01-18T06:27:34Z,Desktop,Organic
S07364,U05430,2026-01-19T19:00:11Z,Mobile,Social
S07365,U00256,2026-03-15T03:25:39Z,Desktop,Paid Search
S07366,U06295,2026-03-13T15:06:01Z,Desktop,Email
S07367,U04468,2026-03-16T02:27:14Z,Desktop,Social
S07368,U06937,2026-02-18T22:17:38Z,Desktop,Social
S07369,U00984,2026-02-02T09:55:25Z,Desktop,Paid Search
S07370,U04130,2026-02-28T08:19:17Z,Mobile,Organic
S07371,U01438,2026-03-09T17:59:52Z,Mobile,Paid Search
S07372,U07598,2026-01-03T04:46:39Z,Mobile,Social
S07373,U01297,2026-01-24T17:39:03Z,Desktop,Social
S07374,U07644,2026-01-22T17:44:12Z,Desktop,Social
S07375,U02183,2026-01-19T08:47:18Z,Mobile,Organic
S07376,U03598,2026-02-19T08:30:52Z,Mobile,Paid Search
S07377,U00898,2026-03-16T15:59:23Z,Mobile,Paid Search
S07378,U02468,2026-02-22T00:58:02Z,Mobile,Social
S07379,U06223,2026-02-12T23:14:38Z,Desktop,Organic
S07380,U05658,2026-03-20T13:52:16Z,Desktop,Organic
S07381,U02379,2026-03-18T18:20:55Z,Mobile,Paid Search
S07382,U06253,2026-02-21T05:45:47Z,Desktop,Paid Search
S07383,U00017,2026-01-03T11:51:21Z,Mobile,Social
S07384,U00262,2026-03-11T02:20:37Z,Mobile,Organic
S07385,U03348,2026-01-15T18:52:29Z,Desktop,Organic
S07386,U05120,2026-01-08T18:45:29Z,Mobile,Organic
S07387,U05682,2026-02-03T10:35:54Z,Desktop,Organic
S07388,U05809,2026-03-03T05:50:11Z,Mobile,Email
S07389,U02555,2026-03-29T16:44:15Z,Desktop,Organic
S07390,U01030,2026-02-27T20:41:48Z,Desktop,Social
S07391,U04992,2026-03-29T13:41:12Z,Mobile,Paid Search
S07392,U04595,2026-01-22T06:57:24Z,Mobile,Organic
S07393,U06320,2026-01-27T01:04:55Z,Mobile,Paid Search
S07394,U00676,2026-01-23T18:12:55Z,Tablet,Organic
S07395,U05855,2026-02-21T07:54:36Z,Mobile,Email
S07396,U06861,2026-02-19T06:14:20Z,Mobile,Organic
S07397,U06529,2026-03-19T07:16:25Z,Mobile,Paid Search
S07398,U01502,2026-03-06T10:29:26Z,Mobile,Paid Search
S07399,U00814,2026-01-24T18:12:22Z,Mobile,Social
S07400,U01526,2026-02-15T04:49:46Z,Mobile,Organic
S07401,U05062,2026-03-06T04:17:07Z,Mobile,Paid Search
S07402,U07959,2026-03-26T16:59:03Z,Mobile,Organic
S07403,U03896,2026-02-04T01:49:40Z,Desktop,Organic
S07404,U00921,2026-03-29T19:28:48Z,Desktop,Organic
S07405,U00817,2026-03-05T20:30:40Z,Desktop,Email
S07406,U00747,2026-02-24T12:45:11Z,Mobile,Paid Search
S07407,U02376,2026-02-03T01:25:39Z,Mobile,Paid Search
S07408,U01754,2026-02-14T23:04:36Z,Desktop,Paid Search
S07409,U01431,2026-01-13T01:42:41Z,Desktop,Paid Search
S07410,U03872,2026-01-22T05:04:04Z,Desktop,Social
S07411,U02756,2026-03-26T11:40:58Z,Mobile,Email
S07412,U02339,2026-01-24T17:17:27Z,Mobile,Organic
S07413,U03711,2026-02-10T22:45:45Z,Mobile,Social
S07414,U03619,2026-03-02T16:01:52Z,Mobile,Paid Search
S07415,U03283,2026-02-10T02:55:50Z,Mobile,Paid Search
S07416,U06849,2026-03-21T10:53:01Z,Mobile,Social
S07417,U01392,2026-01-05T16:42:40Z,Mobile,Social
S07418,U02341,2026-02-05T19:23:56Z,Mobile,Paid Search
S07419,U06790,2026-03-20T13:10:56Z,Mobile,Organic
S07420,U00279,2026-03-10T08:09:09Z,Desktop,Social
S07421,U03995,2026-01-30T12:58:48Z,Desktop,Organic
S07422,U01988,2026-03-07T23:06:36Z,Mobile,Paid Search
S07423,U00273,2026-01-06T12:44:50Z,Mobile,Paid Search
S07424,U03989,2026-02-03T08:19:57Z,Mobile,Social
S07425,U03253,2026-01-05T19:42:05Z,Desktop,Organic
S07426,U04387,2026-01-14T06:32:13Z,Mobile,Organic
S07427,U06672,2026-03-19T17:42:25Z,Mobile,Organic
S07428,U06875,2026-03-27T17:21:44Z,Tablet,Email
S07429,U04706,2026-01-06T22:42:54Z,Mobile,Organic
S07430,U01481,2026-02-06T11:01:21Z,Desktop,Organic
S07431,U07335,2026-03-07T11:45:28Z,Mobile,Paid Search
S07432,U02557,2026-02-13T20:06:06Z,Desktop,Social
S07433,U05784,2026-02-06T08:26:01Z,Desktop,Social
S07434,U03719,2026-01-10T11:42:52Z,Mobile,Organic
S07435,U06197,2026-02-14T13:56:16Z,Mobile,Paid Search
S07436,U00218,2026-01-17T16:24:20Z,Tablet,Paid Search
S07437,U00321,2026-02-24T10:06:23Z,Desktop,Email
S07438,U02743,2026-03-14T07:19:01Z,Desktop,Organic
S07439,U02660,2026-02-01T05:37:52Z,Mobile,Organic
S07440,U05163,2026-03-29T05:59:32Z,Mobile,Email
S07441,U04096,2026-02-20T15:38:33Z,Mobile,Organic
S07442,U06124,2026-01-01T01:25:44Z,Mobile,Social
S07443,U06759,2026-03-01T20:24:55Z,Mobile,Social
S07444,U07979,2026-03-21T21:07:47Z,Desktop,Paid Search
S07445,U04989,2026-02-22T12:35:09Z,Mobile,Social
S07446,U01091,2026-01-21T12:54:21Z,Mobile,Organic
S07447,U01662,2026-03-15T04:14:20Z,Mobile,Organic
S07448,U07081,2026-01-21T17:31:05Z,Mobile,Paid Search
S07449,U06444,2026-02-18T06:05:17Z,Mobile,Paid Search
S07450,U07520,2026-03-02T01:37:04Z,Mobile,Paid Search
S07451,U04581,2026-02-09T14:25:36Z,Mobile,Organic
S07452,U00079,2026-02-03T20:55:02Z,Mobile,Social
S07453,U01854,2026-01-29T04:11:51Z,Desktop,Social
S07454,U06879,2026-01-14T17:50:28Z,Mobile,Paid Search
S07455,U00873,2026-03-23T08:03:23Z,Mobile,Organic
S07456,U01532,2026-02-22T13:59:57Z,Mobile,Paid Search
S07457,U07194,2026-01-25T22:11:33Z,Desktop,Social
S07458,U03385,2026-02-07T22:44:00Z,Desktop,Social
S07459,U04918,2026-02-15T00:36:41Z,Mobile,Organic
S07460,U02635,2026-02-03T21:33:25Z,Desktop,Organic
S07461,U02989,2026-01-31T00:16:29Z,Mobile,Paid Search
S07462,U00822,2026-02-02T13:08:14Z,Desktop,Paid Search
S07463,U01678,2026-01-10T00:09:52Z,Mobile,Paid Search
S07464,U07194,2026-01-09T05:08:26Z,Tablet,Organic
S07465,U00332,2026-03-04T22:09:50Z,Mobile,Organic
S07466,U01437,2026-03-09T10:21:18Z,Mobile,Organic
S07467,U05058,2026-03-08T13:58:21Z,Desktop,Organic
S07468,U05080,2026-02-18T18:07:37Z,Mobile,Social
S07469,U03113,2026-03-15T01:11:59Z,Mobile,Organic
S07470,U06370,2026-01-19T08:45:01Z,Mobile,Paid Search
S07471,U07261,2026-01-25T20:26:42Z,Desktop,Paid Search
S07472,U07776,2026-02-09T18:58:16Z,Mobile,Organic
S07473,U01292,2026-02-01T06:11:35Z,Mobile,Organic
S07474,U06426,2026-01-21T04:38:31Z,Mobile,Paid Search
S07475,U00024,2026-03-29T04:59:10Z,Desktop,Organic
S07476,U02584,2026-02-11T10:44:44Z,Desktop,Organic
S07477,U01785,2026-01-16T00:42:50Z,Mobile,Organic
S07478,U06718,2026-01-07T21:09:02Z,Mobile,Social
S07479,U03939,2026-02-22T00:43:06Z,Mobile,Paid Search
S07480,U03061,2026-02-21T18:20:37Z,Mobile,Paid Search
S07481,U07259,2026-02-12T13:20:00Z,Desktop,Social
S07482,U01722,2026-03-05T17:58:29Z,Mobile,Organic
S07483,U06251,2026-02-09T22:12:05Z,Mobile,Social
S07484,U07302,2026-01-12T15:27:02Z,Mobile,Paid Search
S07485,U05645,2026-01-14T09:59:53Z,Desktop,Paid Search
S07486,U04086,2026-03-31T08:05:50Z,Desktop,Paid Search
S07487,U00557,2026-01-28T13:39:14Z,Mobile,Organic
S07488,U03826,2026-02-13T23:16:35Z,Mobile,Organic
S07489,U05875,2026-03-01T15:43:10Z,Mobile,Social
S07490,U07230,2026-02-10T19:31:35Z,Mobile,Organic
S07491,U03182,2026-02-15T10:55:24Z,Desktop,Paid Search
S07492,U05217,2026-03-21T21:21:50Z,Tablet,Organic
S07493,U02006,2026-03-14T17:48:57Z,Mobile,Organic
S07494,U07535,2026-03-07T11:40:34Z,Tablet,Email
S07495,U00938,2026-03-09T07:15:38Z,Mobile,Paid Search
S07496,U04045,2026-02-14T12:51:15Z,Mobile,Organic
S07497,U03289,2026-03-18T22:46:37Z,Mobile,Paid Search
S07498,U04545,2026-03-19T13:52:35Z,Desktop,Organic
S07499,U06748,2026-02-26T04:35:24Z,Mobile,Email
S07500,U03326,2026-03-06T07:47:03Z,Desktop,Paid Search
S07501,U03945,2026-01-09T03:30:51Z,Mobile,Social
S07502,U07179,2026-02-01T12:08:58Z,Desktop,Social
S07503,U03666,2026-01-09T22:00:50Z,Desktop,Organic
S07504,U00264,2026-03-27T09:00:11Z,Mobile,Social
S07505,U07784,2026-03-31T17:15:07Z,Desktop,Organic
S07506,U01662,2026-01-16T06:35:16Z,Mobile,Organic
S07507,U00504,2026-03-07T22:19:28Z,Mobile,Social
S07508,U00645,2026-01-27T02:58:20Z,Mobile,Social
S07509,U06315,2026-03-24T10:11:18Z,Desktop,Paid Search
S07510,U05983,2026-01-10T19:06:55Z,Desktop,Social
S07511,U01715,2026-03-14T19:33:52Z,Mobile,Email
S07512,U00030,2026-01-13T05:24:40Z,Mobile,Email
S07513,U00847,2026-03-15T21:07:24Z,Mobile,Organic
S07514,U07360,2026-01-03T12:27:09Z,Mobile,Organic
S07515,U05585,2026-02-02T17:34:40Z,Mobile,Paid Search
S07516,U01553,2026-02-04T06:59:08Z,Mobile,Social
S07517,U06380,2026-01-30T22:24:54Z,Mobile,Social
S07518,U02841,2026-02-26T19:22:07Z,Desktop,Social
S07519,U03634,2026-03-10T10:58:14Z,Mobile,Organic
S07520,U00446,2026-02-18T00:12:39Z,Mobile,Paid Search
S07521,U06154,2026-01-17T12:13:27Z,Mobile,Paid Search
S07522,U07692,2026-02-06T09:15:49Z,Desktop,Paid Search
S07523,U02267,2026-03-13T07:00:00Z,Mobile,Organic
S07524,U01727,2026-01-24T08:20:24Z,Mobile,Organic
S07525,U05069,2026-01-17T11:20:28Z,Tablet,Paid Search
S07526,U06953,2026-03-25T07:03:26Z,Mobile,Social
S07527,U01491,2026-01-29T12:15:24Z,Mobile,Email
S07528,U02782,2026-01-15T07:59:59Z,Desktop,Social
S07529,U00676,2026-03-04T12:11:44Z,Mobile,Organic
S07530,U00275,2026-03-22T05:49:52Z,Tablet,Email
S07531,U00387,2026-01-28T10:14:21Z,Mobile,Email
S07532,U06910,2026-01-27T20:08:05Z,Mobile,Email
S07533,U01966,2026-01-17T03:31:50Z,Mobile,Social
S07534,U07139,2026-03-14T10:11:16Z,Desktop,Organic
S07535,U04441,2026-02-08T22:26:23Z,Mobile,Paid Search
S07536,U02407,2026-01-15T08:00:16Z,Desktop,Social
S07537,U04080,2026-02-11T09:00:57Z,Desktop,Paid Search
S07538,U01713,2026-03-16T11:20:43Z,Desktop,Organic
S07539,U03278,2026-03-26T14:20:28Z,Mobile,Email
S07540,U00921,2026-03-19T02:58:30Z,Mobile,Organic
S07541,U07636,2026-02-03T20:53:38Z,Mobile,Email
S07542,U03251,2026-02-24T13:30:59Z,Desktop,Email
S07543,U05890,2026-02-24T17:33:59Z,Desktop,Social
S07544,U01641,2026-02-28T12:58:42Z,Desktop,Organic
S07545,U02474,2026-02-22T05:58:50Z,Desktop,Organic
S07546,U01269,2026-02-12T03:57:13Z,Mobile,Paid Search
S07547,U04650,2026-03-18T10:53:54Z,Mobile,Organic
S07548,U07499,2026-02-16T15:45:20Z,Mobile,Organic
S07549,U05508,2026-03-16T07:27:09Z,Mobile,Organic
S07550,U05023,2026-01-28T12:20:12Z,Desktop,Social
S07551,U07257,2026-03-30T18:44:20Z,Mobile,Social
S07552,U07511,2026-02-27T19:05:04Z,Tablet,Social
S07553,U04939,2026-01-15T19:58:22Z,Tablet,Paid Search
S07554,U05899,2026-03-01T02:04:14Z,Desktop,Organic
S07555,U04929,2026-03-16T21:13:43Z,Mobile,Social
S07556,U03199,2026-01-16T04:26:51Z,Desktop,Organic
S07557,U04108,2026-03-09T11:58:51Z,Desktop,Social
S07558,U02832,2026-01-04T20:22:26Z,Mobile,Social
S07559,U06209,2026-03-16T06:31:58Z,Mobile,Organic
S07560,U05949,2026-02-15T09:27:00Z,Desktop,Paid Search
S07561,U07143,2026-03-23T16:39:34Z,Desktop,Paid Search
S07562,U05630,2026-02-04T04:42:27Z,Desktop,Paid Search
S07563,U03174,2026-02-11T10:08:49Z,Desktop,Social
S07564,U06622,2026-01-29T13:06:13Z,Mobile,Paid Search
S07565,U02315,2026-03-21T02:51:54Z,Mobile,Social
S07566,U01218,2026-03-08T10:17:02Z,Mobile,Organic
S07567,U04094,2026-02-14T21:55:38Z,Desktop,Organic
S07568,U06516,2026-01-15T08:56:55Z,Desktop,Email
S07569,U07335,2026-03-02T02:06:13Z,Desktop,Paid Search
S07570,U03062,2026-01-21T22:35:42Z,Mobile,Paid Search
S07571,U00432,2026-03-06T17:56:43Z,Tablet,Social
S07572,U02006,2026-02-04T13:39:57Z,Mobile,Organic
S07573,U01003,2026-03-07T22:56:32Z,Mobile,Social
S07574,U04315,2026-03-12T15:03:39Z,Mobile,Social
S07575,U01765,2026-02-09T22:30:16Z,Mobile,Organic
S07576,U05993,2026-03-20T20:46:37Z,Mobile,Organic
S07577,U05910,2026-03-30T14:27:25Z,Tablet,Paid Search
S07578,U06063,2026-02-06T04:49:23Z,Desktop,Social
S07579,U00652,2026-02-27T19:05:45Z,Mobile,Organic
S07580,U03304,2026-03-10T19:49:28Z,Mobile,Organic
S07581,U02768,2026-03-30T05:20:13Z,Mobile,Social
S07582,U01719,2026-02-19T08:02:57Z,Desktop,Social
S07583,U05405,2026-01-15T07:36:14Z,Desktop,Organic
S07584,U07931,2026-01-23T07:40:30Z,Desktop,Email
S07585,U06039,2026-02-08T19:33:20Z,Mobile,Email
S07586,U03665,2026-01-12T06:21:03Z,Mobile,Organic
S07587,U05803,2026-03-14T07:55:37Z,Desktop,Paid Search
S07588,U04831,2026-03-18T00:14:56Z,Mobile,Paid Search
S07589,U00557,2026-03-21T04:43:31Z,Desktop,Social
S07590,U05932,2026-01-01T20:06:34Z,Desktop,Organic
S07591,U00663,2026-02-07T21:54:55Z,Desktop,Email
S07592,U03371,2026-03-19T05:39:30Z,Mobile,Organic
S07593,U00718,2026-03-11T05:22:49Z,Desktop,Paid Search
S07594,U06805,2026-03-29T07:56:27Z,Desktop,Paid Search
S07595,U00512,2026-01-26T14:43:49Z,Mobile,Social
S07596,U04391,2026-02-23T03:10:33Z,Desktop,Social
S07597,U02364,2026-01-02T14:29:25Z,Desktop,Paid Search
S07598,U06083,2026-03-16T06:42:48Z,Mobile,Organic
S07599,U05322,2026-02-13T19:01:41Z,Tablet,Organic
S07600,U00615,2026-01-05T20:22:20Z,Mobile,Paid Search
S07601,U01161,2026-03-03T05:45:49Z,Mobile,Social
S07602,U05120,2026-02-26T18:53:24Z,Mobile,Organic
S07603,U04391,2026-02-09T09:44:16Z,Mobile,Paid Search
S07604,U03896,2026-01-12T18:03:22Z,Mobile,Paid Search
S07605,U05492,2026-01-06T05:39:14Z,Mobile,Organic
S07606,U04856,2026-01-12T00:23:09Z,Mobile,Organic
S07607,U00231,2026-01-23T08:43:55Z,Tablet,Email
S07608,U05627,2026-02-08T05:15:18Z,Mobile,Organic
S07609,U07749,2026-02-24T20:24:06Z,Mobile,Social
S07610,U03843,2026-03-28T19:39:38Z,Desktop,Organic
S07611,U07841,2026-03-23T19:24:52Z,Mobile,Organic
S07612,U00520,2026-01-08T03:24:13Z,Desktop,Social
S07613,U01734,2026-01-20T12:31:40Z,Desktop,Paid Search
S07614,U06506,2026-02-11T04:19:40Z,Mobile,Organic
S07615,U07451,2026-03-07T00:57:06Z,Tablet,Organic
S07616,U00353,2026-02-05T15:15:07Z,Mobile,Paid Search
S07617,U07491,2026-02-12T03:10:18Z,Mobile,Email
S07618,U06790,2026-03-03T07:40:14Z,Desktop,Social
S07619,U07142,2026-02-12T04:37:10Z,Mobile,Organic
S07620,U01574,2026-02-02T10:45:39Z,Mobile,Organic
S07621,U02603,2026-01-02T01:01:22Z,Mobile,Social
S07622,U00678,2026-01-04T15:53:51Z,Mobile,Organic
S07623,U07691,2026-02-17T17:14:04Z,Desktop,Social
S07624,U06987,2026-03-09T07:20:34Z,Mobile,Email
S07625,U06756,2026-01-15T18:18:49Z,Mobile,Social
S07626,U01605,2026-02-06T15:19:04Z,Desktop,Social
S07627,U07208,2026-01-08T09:54:41Z,Desktop,Organic
S07628,U02866,2026-01-11T18:14:11Z,Mobile,Social
S07629,U06867,2026-02-25T04:34:00Z,Desktop,Paid Search
S07630,U04665,2026-03-18T21:44:07Z,Mobile,Organic
S07631,U06672,2026-02-26T07:07:47Z,Mobile,Organic
S07632,U07045,2026-03-20T07:27:08Z,Desktop,Paid Search
S07633,U05388,2026-02-13T14:40:19Z,Desktop,Organic
S07634,U04457,2026-01-02T23:14:47Z,Mobile,Paid Search
S07635,U04867,2026-03-28T20:59:29Z,Desktop,Organic
S07636,U05598,2026-02-05T14:25:31Z,Mobile,Paid Search
S07637,U02250,2026-02-28T21:28:01Z,Desktop,Email
S07638,U00256,2026-01-10T15:20:02Z,Desktop,Organic
S07639,U04628,2026-02-26T08:47:46Z,Mobile,Paid Search
S07640,U02682,2026-03-01T11:40:03Z,Mobile,Paid Search
S07641,U07353,2026-01-24T05:46:23Z,Mobile,Organic
S07642,U00314,2026-02-12T19:39:01Z,Mobile,Organic
S07643,U04023,2026-02-04T00:27:55Z,Tablet,Paid Search
S07644,U02838,2026-03-08T09:30:34Z,Desktop,Email
S07645,U00906,2026-01-05T05:49:43Z,Desktop,Organic
S07646,U07304,2026-02-08T02:38:42Z,Mobile,Organic
S07647,U05092,2026-03-25T21:32:04Z,Desktop,Paid Search
S07648,U06847,2026-01-20T00:12:30Z,Mobile,Social
S07649,U02909,2026-02-16T16:56:28Z,Mobile,Organic
S07650,U05108,2026-01-25T08:24:42Z,Mobile,Organic
S07651,U05658,2026-03-14T20:28:28Z,Desktop,Social
S07652,U01690,2026-01-29T08:42:12Z,Desktop,Email
S07653,U00165,2026-01-02T05:11:54Z,Desktop,Organic
S07654,U05267,2026-01-01T08:05:08Z,Desktop,Organic
S07655,U00589,2026-03-15T17:02:47Z,Mobile,Paid Search
S07656,U07739,2026-01-28T09:11:16Z,Mobile,Social
S07657,U03923,2026-02-08T09:29:38Z,Desktop,Paid Search
S07658,U01878,2026-02-15T00:45:59Z,Desktop,Organic
S07659,U07763,2026-03-13T03:32:55Z,Desktop,Organic
S07660,U04019,2026-02-11T18:45:54Z,Mobile,Social
S07661,U02411,2026-01-16T11:11:54Z,Mobile,Organic
S07662,U05852,2026-03-08T15:04:37Z,Mobile,Email
S07663,U07097,2026-03-11T16:09:43Z,Mobile,Organic
S07664,U07182,2026-03-03T02:12:16Z,Mobile,Organic
S07665,U02809,2026-03-03T10:38:58Z,Mobile,Paid Search
S07666,U05905,2026-03-06T03:37:11Z,Mobile,Paid Search
S07667,U04276,2026-03-29T03:22:58Z,Mobile,Social
S07668,U02184,2026-03-02T08:12:27Z,Mobile,Social
S07669,U04075,2026-01-06T21:20:46Z,Mobile,Social
S07670,U01182,2026-03-10T02:24:08Z,Desktop,Social
S07671,U01775,2026-01-10T10:22:38Z,Tablet,Organic
S07672,U05650,2026-02-11T11:43:35Z,Mobile,Social
S07673,U02896,2026-01-16T09:39:12Z,Mobile,Social
S07674,U04625,2026-03-13T02:03:27Z,Desktop,Email
S07675,U01120,2026-01-25T22:32:17Z,Desktop,Paid Search
S07676,U06205,2026-03-23T09:25:48Z,Mobile,Organic
S07677,U02255,2026-01-24T16:18:13Z,Mobile,Social
S07678,U03997,2026-03-16T21:59:41Z,Mobile,Paid Search
S07679,U01649,2026-03-02T08:23:39Z,Mobile,Social
S07680,U04089,2026-01-24T03:34:17Z,Mobile,Organic
S07681,U01407,2026-02-12T19:18:46Z,Mobile,Organic
S07682,U00408,2026-03-11T14:17:31Z,Mobile,Organic
S07683,U04942,2026-03-05T10:14:37Z,Mobile,Social
S07684,U02025,2026-02-11T05:13:58Z,Mobile,Organic
S07685,U00031,2026-03-06T21:33:35Z,Mobile,Organic
S07686,U02753,2026-02-16T07:58:22Z,Desktop,Social
S07687,U05776,2026-01-21T03:49:48Z,Desktop,Organic
S07688,U04306,2026-01-18T15:03:41Z,Mobile,Organic
S07689,U00536,2026-02-22T17:23:23Z,Mobile,Organic
S07690,U06033,2026-01-29T06:47:08Z,Desktop,Organic
S07691,U02446,2026-02-27T12:41:46Z,Mobile,Social
S07692,U07982,2026-01-04T10:11:49Z,Mobile,Social
S07693,U00830,2026-02-19T21:26:14Z,Desktop,Paid Search
S07694,U07419,2026-01-20T09:56:52Z,Mobile,Paid Search
S07695,U05806,2026-03-17T19:19:12Z,Desktop,Organic
S07696,U05443,2026-01-10T17:15:13Z,Mobile,Social
S07697,U05266,2026-03-12T03:46:05Z,Desktop,Organic
S07698,U06061,2026-03-15T19:08:57Z,Mobile,Organic
S07699,U02459,2026-03-29T23:12:31Z,Desktop,Organic
S07700,U00302,2026-02-22T19:03:12Z,Mobile,Email
S07701,U04853,2026-02-03T16:37:30Z,Desktop,Social
S07702,U01264,2026-02-21T03:36:39Z,Mobile,Paid Search
S07703,U04698,2026-03-31T22:11:34Z,Desktop,Paid Search
S07704,U03140,2026-01-17T20:44:06Z,Mobile,Email
S07705,U03074,2026-03-04T16:29:27Z,Desktop,Organic
S07706,U05335,2026-02-27T13:09:09Z,Mobile,Organic
S07707,U00801,2026-03-07T08:25:34Z,Desktop,Paid Search
S07708,U05261,2026-03-11T04:46:17Z,Mobile,Email
S07709,U04400,2026-03-03T21:08:35Z,Desktop,Social
S07710,U03494,2026-01-23T13:36:18Z,Mobile,Organic
S07711,U01186,2026-01-01T04:46:24Z,Desktop,Paid Search
S07712,U03386,2026-02-07T14:07:27Z,Mobile,Email
S07713,U01501,2026-02-16T20:26:40Z,Mobile,Paid Search
S07714,U01790,2026-02-15T18:07:36Z,Desktop,Organic
S07715,U00637,2026-01-16T06:49:02Z,Desktop,Social
S07716,U01373,2026-02-16T16:18:12Z,Mobile,Social
S07717,U07198,2026-02-03T02:00:45Z,Desktop,Social
S07718,U02195,2026-01-20T01:45:01Z,Desktop,Organic
S07719,U03383,2026-02-19T11:55:10Z,Desktop,Paid Search
S07720,U00637,2026-03-02T04:01:59Z,Mobile,Social
S07721,U07737,2026-03-04T08:27:28Z,Desktop,Organic
S07722,U05477,2026-03-14T17:08:56Z,Mobile,Paid Search
S07723,U01367,2026-02-25T11:12:44Z,Desktop,Organic
S07724,U01212,2026-03-25T14:36:54Z,Mobile,Paid Search
S07725,U05298,2026-01-03T06:09:57Z,Mobile,Email
S07726,U04663,2026-03-15T09:11:44Z,Mobile,Social
S07727,U02566,2026-02-12T09:30:07Z,Mobile,Organic
S07728,U01209,2026-01-04T21:49:29Z,Desktop,Organic
S07729,U05437,2026-02-17T17:52:42Z,Mobile,Email
S07730,U04180,2026-02-21T03:40:59Z,Mobile,Social
S07731,U05399,2026-03-15T22:38:34Z,Mobile,Organic
S07732,U01828,2026-03-15T19:55:18Z,Mobile,Paid Search
S07733,U00483,2026-03-02T02:36:06Z,Mobile,Organic
S07734,U04363,2026-03-20T01:57:53Z,Desktop,Paid Search
S07735,U01552,2026-03-01T18:44:28Z,Mobile,Email
S07736,U01566,2026-02-28T17:37:11Z,Desktop,Organic
S07737,U04154,2026-03-11T18:11:19Z,Mobile,Social
S07738,U05255,2026-02-02T06:34:19Z,Tablet,Paid Search
S07739,U06240,2026-01-30T20:41:37Z,Desktop,Paid Search
S07740,U00251,2026-01-26T08:26:51Z,Desktop,Organic
S07741,U01010,2026-03-24T22:13:30Z,Desktop,Paid Search
S07742,U07634,2026-02-03T04:51:12Z,Desktop,Social
S07743,U05687,2026-02-16T19:53:36Z,Mobile,Social
S07744,U03840,2026-01-09T10:21:59Z,Mobile,Organic
S07745,U01455,2026-01-09T16:37:00Z,Desktop,Social
S07746,U00398,2026-03-31T14:30:33Z,Tablet,Paid Search
S07747,U04266,2026-01-05T01:25:23Z,Desktop,Email
S07748,U00457,2026-01-16T16:20:44Z,Mobile,Organic
S07749,U03145,2026-02-03T04:15:26Z,Mobile,Social
S07750,U07605,2026-03-27T03:44:34Z,Desktop,Social
S07751,U00368,2026-03-16T04:47:58Z,Mobile,Paid Search
S07752,U07961,2026-01-06T07:53:07Z,Desktop,Paid Search
S07753,U01538,2026-01-25T01:16:11Z,Mobile,Paid Search
S07754,U00958,2026-02-12T04:29:46Z,Mobile,Paid Search
S07755,U05904,2026-02-12T12:07:47Z,Mobile,Paid Search
S07756,U07943,2026-01-06T05:37:20Z,Mobile,Paid Search
S07757,U06375,2026-02-07T19:28:16Z,Desktop,Social
S07758,U07655,2026-02-20T03:28:48Z,Mobile,Social
S07759,U04889,2026-01-21T04:33:00Z,Mobile,Social
S07760,U03133,2026-01-28T02:52:45Z,Mobile,Organic
S07761,U06181,2026-03-02T20:09:17Z,Desktop,Paid Search
S07762,U05492,2026-02-04T06:08:12Z,Desktop,Paid Search
S07763,U07256,2026-03-06T11:46:46Z,Mobile,Paid Search
S07764,U01969,2026-03-22T01:35:53Z,Mobile,Organic
S07765,U02365,2026-03-09T19:39:23Z,Tablet,Paid Search
S07766,U01197,2026-02-08T10:11:34Z,Desktop,Paid Search
S07767,U02519,2026-03-16T01:16:20Z,Mobile,Paid Search
S07768,U07829,2026-03-05T16:55:41Z,Mobile,Organic
S07769,U04751,2026-01-12T12:00:16Z,Mobile,Organic
S07770,U04041,2026-03-01T16:20:27Z,Mobile,Organic
S07771,U01838,2026-03-31T16:20:34Z,Mobile,Organic
S07772,U06403,2026-01-18T13:00:56Z,Mobile,Paid Search
S07773,U01416,2026-03-30T00:37:57Z,Mobile,Organic
S07774,U02872,2026-02-04T11:17:17Z,Desktop,Paid Search
S07775,U03186,2026-03-31T02:39:52Z,Mobile,Social
S07776,U03949,2026-01-12T00:07:42Z,Mobile,Organic
S07777,U05167,2026-03-04T08:25:39Z,Mobile,Paid Search
S07778,U04043,2026-03-23T14:20:10Z,Mobile,Organic
S07779,U07821,2026-01-14T05:45:36Z,Mobile,Paid Search
S07780,U02762,2026-01-27T11:18:02Z,Mobile,Organic
S07781,U03594,2026-02-25T19:31:13Z,Desktop,Paid Search
S07782,U01984,2026-03-20T18:15:44Z,Desktop,Organic
S07783,U04302,2026-03-16T21:04:06Z,Desktop,Organic
S07784,U05091,2026-01-21T17:20:39Z,Desktop,Organic
S07785,U03180,2026-01-30T03:14:45Z,Mobile,Social
S07786,U06340,2026-03-07T18:49:57Z,Desktop,Organic
S07787,U07983,2026-03-15T15:43:24Z,Desktop,Social
S07788,U04032,2026-02-27T17:51:47Z,Mobile,Organic
S07789,U01889,2026-01-22T22:00:26Z,Mobile,Organic
S07790,U02365,2026-01-10T18:49:26Z,Mobile,Paid Search
S07791,U07570,2026-01-20T16:18:14Z,Mobile,Paid Search
S07792,U07013,2026-03-27T19:04:21Z,Mobile,Organic
S07793,U05150,2026-03-16T03:27:01Z,Mobile,Email
S07794,U02456,2026-03-18T16:06:32Z,Mobile,Paid Search
S07795,U01200,2026-01-08T10:49:30Z,Mobile,Organic
S07796,U07371,2026-01-04T00:59:08Z,Mobile,Organic
S07797,U06885,2026-01-02T12:59:44Z,Desktop,Organic
S07798,U06499,2026-01-27T16:49:42Z,Mobile,Paid Search
S07799,U06457,2026-01-29T17:56:53Z,Mobile,Paid Search
S07800,U00591,2026-01-22T17:34:26Z,Mobile,Social
S07801,U00869,2026-03-23T15:00:30Z,Desktop,Email
S07802,U06809,2026-03-19T20:39:09Z,Desktop,Organic
S07803,U03335,2026-01-10T21:13:12Z,Mobile,Social
S07804,U01538,2026-02-07T01:20:25Z,Mobile,Paid Search
S07805,U06970,2026-03-06T09:41:21Z,Mobile,Organic
S07806,U00570,2026-03-22T19:29:44Z,Desktop,Social
S07807,U01055,2026-01-04T12:14:37Z,Mobile,Paid Search
S07808,U03444,2026-02-08T16:54:52Z,Desktop,Organic
S07809,U01237,2026-02-18T05:02:34Z,Desktop,Social
S07810,U05519,2026-03-04T01:06:12Z,Mobile,Social
S07811,U01128,2026-03-11T21:35:12Z,Mobile,Paid Search
S07812,U07628,2026-02-11T10:43:36Z,Desktop,Paid Search
S07813,U03405,2026-02-09T13:05:06Z,Mobile,Paid Search
S07814,U00394,2026-03-19T13:14:55Z,Mobile,Social
S07815,U00104,2026-01-03T14:31:58Z,Desktop,Social
S07816,U05129,2026-03-25T18:20:47Z,Mobile,Email
S07817,U06136,2026-01-08T06:08:13Z,Mobile,Paid Search
S07818,U07471,2026-01-12T09:22:05Z,Desktop,Paid Search
S07819,U00905,2026-03-17T03:26:25Z,Desktop,Paid Search
S07820,U01541,2026-02-16T09:23:57Z,Desktop,Paid Search
S07821,U01824,2026-01-12T02:30:36Z,Mobile,Paid Search
S07822,U04836,2026-02-19T23:16:38Z,Desktop,Organic
S07823,U03525,2026-01-30T01:54:34Z,Mobile,Paid Search
S07824,U02795,2026-03-01T19:55:29Z,Desktop,Organic
S07825,U02869,2026-02-25T02:20:57Z,Mobile,Organic
S07826,U03595,2026-03-18T13:56:26Z,Mobile,Organic
S07827,U07784,2026-01-10T17:08:55Z,Desktop,Organic
S07828,U02396,2026-02-06T22:52:39Z,Mobile,Organic
S07829,U05838,2026-01-04T05:26:26Z,Mobile,Paid Search
S07830,U02497,2026-03-20T15:33:32Z,Desktop,Social
S07831,U05345,2026-01-20T03:50:53Z,Mobile,Social
S07832,U04531,2026-03-30T19:52:57Z,Mobile,Organic
S07833,U04281,2026-01-29T20:17:45Z,Mobile,Paid Search
S07834,U06654,2026-03-15T12:52:38Z,Tablet,Email
S07835,U05188,2026-02-28T07:10:21Z,Mobile,Organic
S07836,U02817,2026-03-18T17:04:09Z,Desktop,Paid Search
S07837,U06470,2026-01-11T06:50:55Z,Desktop,Organic
S07838,U05827,2026-02-21T07:51:01Z,Mobile,Organic
S07839,U02421,2026-03-30T13:57:30Z,Mobile,Email
S07840,U05524,2026-03-05T03:58:55Z,Mobile,Social
S07841,U00883,2026-02-15T08:15:51Z,Mobile,Paid Search
S07842,U06867,2026-03-15T23:15:30Z,Desktop,Social
S07843,U02320,2026-02-10T15:15:41Z,Tablet,Social
S07844,U04820,2026-01-08T15:01:01Z,Mobile,Organic
S07845,U03439,2026-01-24T15:46:33Z,Desktop,Paid Search
S07846,U06834,2026-01-21T16:33:49Z,Desktop,Paid Search
S07847,U03108,2026-01-31T07:48:59Z,Mobile,Social
S07848,U04233,2026-03-04T07:15:42Z,Mobile,Paid Search
S07849,U00367,2026-03-06T02:35:45Z,Desktop,Social
S07850,U03035,2026-02-27T05:45:03Z,Mobile,Organic
S07851,U03840,2026-03-16T03:08:29Z,Desktop,Social
S07852,U04449,2026-01-02T02:39:15Z,Mobile,Social
S07853,U03129,2026-02-02T12:59:22Z,Mobile,Social
S07854,U05695,2026-01-14T12:47:11Z,Mobile,Paid Search
S07855,U02133,2026-03-12T12:04:27Z,Desktop,Organic
S07856,U05068,2026-03-07T14:33:58Z,Mobile,Social
S07857,U02839,2026-01-07T00:40:16Z,Desktop,Email
S07858,U02230,2026-03-24T16:26:55Z,Mobile,Organic
S07859,U03102,2026-01-27T10:23:05Z,Desktop,Organic
S07860,U07573,2026-03-12T17:00:39Z,Desktop,Organic
S07861,U06482,2026-02-24T15:12:36Z,Mobile,Paid Search
S07862,U03177,2026-03-27T20:19:02Z,Mobile,Paid Search
S07863,U03192,2026-03-03T03:57:26Z,Mobile,Organic
S07864,U05525,2026-03-19T22:10:50Z,Mobile,Social
S07865,U06814,2026-02-23T13:01:59Z,Mobile,Social
S07866,U00316,2026-01-22T05:34:29Z,Tablet,Social
S07867,U05720,2026-01-18T03:39:29Z,Mobile,Organic
S07868,U01591,2026-01-31T21:55:42Z,Mobile,Paid Search
S07869,U00052,2026-03-09T19:55:06Z,Mobile,Organic
S07870,U00127,2026-03-13T05:17:44Z,Mobile,Paid Search
S07871,U01701,2026-03-01T20:37:21Z,Desktop,Organic
S07872,U06946,2026-03-27T17:00:23Z,Desktop,Paid Search
S07873,U04782,2026-01-12T08:06:05Z,Mobile,Email
S07874,U07793,2026-03-21T13:35:55Z,Mobile,Email
S07875,U01103,2026-03-03T14:00:06Z,Mobile,Social
S07876,U00038,2026-02-20T12:22:01Z,Desktop,Paid Search
S07877,U00278,2026-02-28T05:27:45Z,Mobile,Paid Search
S07878,U06923,2026-02-12T02:45:21Z,Desktop,Paid Search
S07879,U04183,2026-01-08T21:56:37Z,Mobile,Organic
S07880,U02221,2026-03-18T03:00:07Z,Desktop,Organic
S07881,U04505,2026-01-21T17:24:29Z,Mobile,Organic
S07882,U00881,2026-02-22T17:53:13Z,Desktop,Organic
S07883,U01023,2026-01-04T09:02:35Z,Tablet,Paid Search
S07884,U01486,2026-03-16T22:00:25Z,Desktop,Organic
S07885,U05875,2026-02-04T09:16:37Z,Desktop,Organic
S07886,U01449,2026-02-25T03:07:16Z,Desktop,Paid Search
S07887,U04595,2026-02-19T02:23:53Z,Mobile,Social
S07888,U06516,2026-01-16T10:43:37Z,Mobile,Social
S07889,U00314,2026-01-10T18:37:55Z,Mobile,Paid Search
S07890,U00910,2026-02-27T18:41:21Z,Mobile,Paid Search
S07891,U02173,2026-02-09T16:06:18Z,Desktop,Organic
S07892,U03530,2026-03-30T13:02:00Z,Mobile,Social
S07893,U06468,2026-02-10T17:24:35Z,Mobile,Social
S07894,U02145,2026-03-25T20:56:40Z,Mobile,Organic
S07895,U00590,2026-03-20T19:35:25Z,Desktop,Social
S07896,U01868,2026-01-09T15:55:46Z,Mobile,Organic
S07897,U05656,2026-01-10T13:56:29Z,Mobile,Paid Search
S07898,U00799,2026-01-11T01:22:42Z,Desktop,Paid Search
S07899,U05221,2026-01-03T21:04:11Z,Mobile,Social
S07900,U05791,2026-02-12T09:01:34Z,Tablet,Social
S07901,U01895,2026-03-18T06:05:55Z,Mobile,Paid Search
S07902,U04335,2026-03-14T19:41:45Z,Mobile,Social
S07903,U04813,2026-03-27T14:31:53Z,Mobile,Organic
S07904,U03774,2026-02-28T22:27:01Z,Mobile,Organic
S07905,U03017,2026-01-05T22:04:31Z,Desktop,Paid Search
S07906,U04289,2026-03-17T22:29:27Z,Tablet,Organic
S07907,U05314,2026-01-29T04:27:41Z,Desktop,Paid Search
S07908,U02304,2026-02-12T04:25:18Z,Desktop,Paid Search
S07909,U01436,2026-03-27T08:06:58Z,Mobile,Organic
S07910,U04301,2026-02-16T12:03:44Z,Desktop,Organic
S07911,U05443,2026-02-26T03:29:43Z,Tablet,Social
S07912,U06441,2026-01-11T12:21:45Z,Desktop,Paid Search
S07913,U05719,2026-03-18T15:46:40Z,Mobile,Social
S07914,U04084,2026-02-13T09:08:04Z,Mobile,Paid Search
S07915,U04399,2026-03-12T04:18:29Z,Desktop,Social
S07916,U04663,2026-02-24T05:30:11Z,Mobile,Paid Search
S07917,U04757,2026-03-03T09:18:02Z,Desktop,Organic
S07918,U06607,2026-01-26T03:16:38Z,Mobile,Social
S07919,U02355,2026-03-31T12:33:34Z,Desktop,Organic
S07920,U00205,2026-02-06T20:58:07Z,Desktop,Organic
S07921,U07032,2026-02-07T05:58:09Z,Tablet,Organic
S07922,U04334,2026-03-04T07:14:13Z,Desktop,Organic
S07923,U02239,2026-03-25T20:32:17Z,Mobile,Organic
S07924,U02960,2026-02-12T21:56:06Z,Desktop,Social
S07925,U05862,2026-01-15T08:34:56Z,Mobile,Organic
S07926,U02005,2026-03-18T13:34:12Z,Desktop,Organic
S07927,U04519,2026-02-14T12:57:37Z,Mobile,Paid Search
S07928,U00439,2026-03-05T17:14:31Z,Mobile,Organic
S07929,U01161,2026-01-16T18:16:43Z,Mobile,Social
S07930,U02911,2026-03-21T15:29:27Z,Mobile,Organic
S07931,U07737,2026-01-21T18:58:02Z,Mobile,Social
S07932,U07621,2026-02-21T10:54:53Z,Desktop,Social
S07933,U04847,2026-01-01T15:12:44Z,Mobile,Email
S07934,U00804,2026-01-01T22:47:08Z,Desktop,Organic
S07935,U05971,2026-01-15T06:54:36Z,Mobile,Social
S07936,U06768,2026-02-24T22:49:58Z,Desktop,Paid Search
S07937,U04466,2026-03-27T04:28:53Z,Mobile,Organic
S07938,U07721,2026-01-09T21:10:28Z,Mobile,Social
S07939,U04855,2026-02-25T09:51:21Z,Tablet,Social
S07940,U05277,2026-01-10T18:38:37Z,Desktop,Organic
S07941,U01352,2026-02-28T10:40:40Z,Mobile,Organic
S07942,U01832,2026-02-10T12:54:41Z,Mobile,Email
S07943,U05437,2026-01-30T15:22:42Z,Mobile,Social
S07944,U07291,2026-01-12T18:07:30Z,Desktop,Social
S07945,U07376,2026-01-20T16:30:24Z,Mobile,Organic
S07946,U00289,2026-02-18T05:07:07Z,Mobile,Email
S07947,U05949,2026-02-27T14:42:29Z,Desktop,Paid Search
S07948,U02656,2026-02-19T09:58:09Z,Mobile,Organic
S07949,U00343,2026-03-03T07:33:51Z,Mobile,Email
S07950,U02999,2026-01-20T08:34:36Z,Mobile,Social
S07951,U06585,2026-01-16T04:34:41Z,Desktop,Social
S07952,U05379,2026-03-26T18:18:07Z,Mobile,Paid Search
S07953,U04044,2026-02-23T15:12:16Z,Desktop,Paid Search
S07954,U07580,2026-01-31T23:18:37Z,Desktop,Organic
S07955,U01249,2026-02-14T09:33:58Z,Mobile,Organic
S07956,U02514,2026-02-21T14:05:25Z,Mobile,Paid Search
S07957,U00748,2026-03-15T00:03:10Z,Mobile,Email
S07958,U00473,2026-02-17T22:39:09Z,Desktop,Organic
S07959,U03168,2026-02-21T12:12:09Z,Mobile,Paid Search
S07960,U07414,2026-03-18T11:25:43Z,Desktop,Social
S07961,U00545,2026-02-16T13:25:08Z,Mobile,Social
S07962,U02407,2026-02-11T04:51:38Z,Mobile,Organic
S07963,U02215,2026-03-03T15:40:20Z,Mobile,Social
S07964,U02434,2026-01-23T06:49:26Z,Mobile,Email
S07965,U03732,2026-01-11T21:48:21Z,Mobile,Paid Search
S07966,U01962,2026-03-02T07:40:56Z,Mobile,Social
S07967,U01851,2026-01-20T07:34:13Z,Mobile,Social
S07968,U04734,2026-02-19T02:30:03Z,Mobile,Paid Search
S07969,U04371,2026-03-29T13:14:04Z,Desktop,Organic
S07970,U00983,2026-02-11T23:08:03Z,Desktop,Paid Search
S07971,U04486,2026-02-01T15:19:41Z,Desktop,Organic
S07972,U07607,2026-01-05T15:31:01Z,Desktop,Social
S07973,U05656,2026-02-08T05:36:52Z,Mobile,Social
S07974,U05595,2026-02-01T18:05:27Z,Mobile,Paid Search
S07975,U01656,2026-01-03T19:16:00Z,Mobile,Social
S07976,U05788,2026-02-04T12:38:29Z,Mobile,Organic
S07977,U06934,2026-03-19T14:09:43Z,Mobile,Paid Search
S07978,U00505,2026-02-02T17:15:42Z,Mobile,Paid Search
S07979,U02912,2026-02-20T19:57:57Z,Mobile,Organic
S07980,U04018,2026-01-24T16:40:02Z,Mobile,Organic
S07981,U01649,2026-01-23T21:27:44Z,Mobile,Organic
S07982,U01010,2026-01-29T10:53:29Z,Mobile,Social
S07983,U07726,2026-03-15T18:54:58Z,Mobile,Paid Search
S07984,U07429,2026-02-06T14:09:41Z,Mobile,Paid Search
S07985,U07095,2026-01-26T11:16:59Z,Desktop,Paid Search
S07986,U05224,2026-01-25T20:56:05Z,Mobile,Paid Search
S07987,U06424,2026-01-29T07:01:29Z,Mobile,Email
S07988,U00334,2026-01-06T20:13:06Z,Mobile,Social
S07989,U06069,2026-03-12T00:57:00Z,Desktop,Email
S07990,U04522,2026-03-08T03:25:29Z,Desktop,Social
S07991,U03159,2026-02-27T00:23:43Z,Desktop,Paid Search
S07992,U01608,2026-03-07T18:27:40Z,Mobile,Organic
S07993,U01845,2026-02-25T11:40:01Z,Mobile,Paid Search
S07994,U04968,2026-01-09T06:33:03Z,Mobile,Social
S07995,U04882,2026-01-14T09:48:36Z,Mobile,Organic
S07996,U02009,2026-03-08T21:53:37Z,Mobile,Paid Search
S07997,U00104,2026-03-04T06:28:42Z,Tablet,Social
S07998,U01252,2026-03-27T13:25:28Z,Mobile,Paid Search
S07999,U01331,2026-01-05T07:26:40Z,Mobile,Organic
S08000,U02900,2026-03-06T12:55:10Z,Mobile,Paid Search
S08001,U07665,2026-01-12T16:59:01Z,Desktop,Email
S08002,U02424,2026-02-08T05:47:49Z,Mobile,Paid Search
S08003,U00712,2026-01-01T09:21:49Z,Desktop,Social
S08004,U04826,2026-03-21T03:45:13Z,Mobile,Organic
S08005,U02776,2026-02-21T09:40:53Z,Mobile,Organic
S08006,U00575,2026-01-12T16:08:04Z,Mobile,Paid Search
S08007,U01707,2026-02-15T14:55:50Z,Mobile,Organic
S08008,U07486,2026-01-04T00:53:30Z,Mobile,Organic
S08009,U03188,2026-01-17T16:21:23Z,Mobile,Social
S08010,U06217,2026-01-18T13:35:21Z,Desktop,Paid Search
S08011,U06303,2026-03-03T06:23:12Z,Tablet,Paid Search
S08012,U02099,2026-03-22T05:24:31Z,Mobile,Social
S08013,U05501,2026-03-02T20:16:50Z,Desktop,Social
S08014,U02414,2026-02-25T02:33:07Z,Desktop,Paid Search
S08015,U04910,2026-03-27T18:20:23Z,Desktop,Email
S08016,U00027,2026-02-09T12:45:28Z,Desktop,Social
S08017,U04272,2026-01-28T07:07:31Z,Desktop,Paid Search
S08018,U07459,2026-03-07T05:52:50Z,Desktop,Social
S08019,U05450,2026-03-05T02:09:58Z,Mobile,Paid Search
S08020,U02138,2026-02-19T07:37:44Z,Desktop,Organic
S08021,U00119,2026-02-13T20:40:03Z,Mobile,Organic
S08022,U04792,2026-03-22T19:20:17Z,Mobile,Social
S08023,U04595,2026-01-21T07:06:52Z,Mobile,Email
S08024,U05819,2026-01-13T02:36:12Z,Mobile,Paid Search
S08025,U00656,2026-03-15T10:25:08Z,Mobile,Organic
S08026,U06805,2026-01-08T03:09:14Z,Tablet,Social
S08027,U05805,2026-01-29T15:58:52Z,Mobile,Email
S08028,U07760,2026-02-17T04:27:30Z,Tablet,Paid Search
S08029,U07852,2026-02-28T14:16:33Z,Mobile,Paid Search
S08030,U07933,2026-03-14T02:40:40Z,Mobile,Email
S08031,U06478,2026-02-15T12:13:29Z,Desktop,Email
S08032,U01312,2026-01-12T11:04:07Z,Desktop,Email
S08033,U05661,2026-01-23T04:34:11Z,Desktop,Email
S08034,U02197,2026-01-13T19:55:27Z,Desktop,Social
S08035,U06027,2026-01-04T18:53:49Z,Mobile,Organic
S08036,U06400,2026-01-02T22:02:29Z,Mobile,Organic
S08037,U05025,2026-03-01T22:25:22Z,Mobile,Organic
S08038,U06050,2026-03-17T19:43:52Z,Desktop,Paid Search
S08039,U07441,2026-02-28T18:54:28Z,Desktop,Organic
S08040,U07220,2026-01-16T15:22:27Z,Desktop,Organic
S08041,U07908,2026-01-16T15:29:25Z,Mobile,Organic
S08042,U03013,2026-02-13T10:30:07Z,Desktop,Organic
S08043,U00733,2026-02-21T18:43:16Z,Desktop,Paid Search
S08044,U04016,2026-01-11T13:51:15Z,Desktop,Social
S08045,U00456,2026-03-10T17:50:15Z,Mobile,Paid Search
S08046,U07800,2026-02-27T13:38:07Z,Mobile,Organic
S08047,U05022,2026-02-06T06:42:43Z,Desktop,Paid Search
S08048,U07351,2026-02-14T16:49:01Z,Mobile,Organic
S08049,U02395,2026-03-01T00:47:51Z,Mobile,Paid Search
S08050,U06624,2026-01-08T06:20:25Z,Mobile,Social
S08051,U07391,2026-03-20T06:53:05Z,Mobile,Paid Search
S08052,U05728,2026-01-07T10:00:38Z,Mobile,Paid Search
S08053,U01234,2026-02-24T05:15:02Z,Desktop,Email
S08054,U07023,2026-02-15T07:23:33Z,Mobile,Organic
S08055,U03600,2026-02-16T07:15:20Z,Mobile,Paid Search
S08056,U02247,2026-01-06T15:44:47Z,Mobile,Paid Search
S08057,U01753,2026-03-24T00:32:33Z,Mobile,Paid Search
S08058,U06352,2026-01-31T16:37:55Z,Mobile,Organic
S08059,U06722,2026-03-08T07:25:05Z,Mobile,Paid Search
S08060,U03439,2026-02-26T01:52:42Z,Mobile,Paid Search
S08061,U07761,2026-01-11T21:16:30Z,Desktop,Paid Search
S08062,U07696,2026-01-28T16:27:22Z,Desktop,Paid Search
S08063,U04348,2026-02-27T05:19:17Z,Mobile,Social
S08064,U04609,2026-03-13T06:08:38Z,Tablet,Paid Search
S08065,U03608,2026-03-04T00:05:54Z,Desktop,Email
S08066,U00715,2026-02-08T06:17:40Z,Tablet,Organic
S08067,U03310,2026-01-28T05:11:41Z,Mobile,Social
S08068,U06742,2026-01-05T21:25:59Z,Mobile,Social
S08069,U04219,2026-02-03T05:21:08Z,Mobile,Social
S08070,U00241,2026-03-11T02:12:28Z,Mobile,Organic
S08071,U05261,2026-01-14T10:59:13Z,Desktop,Social
S08072,U04501,2026-02-09T12:34:14Z,Mobile,Social
S08073,U04248,2026-03-29T21:48:39Z,Mobile,Social
S08074,U07210,2026-02-08T15:09:24Z,Desktop,Organic
S08075,U05707,2026-02-22T10:08:44Z,Tablet,Organic
S08076,U06677,2026-03-31T17:40:22Z,Mobile,Paid Search
S08077,U03337,2026-03-11T10:51:56Z,Desktop,Email
S08078,U05476,2026-02-04T12:33:34Z,Mobile,Organic
S08079,U03255,2026-01-14T03:41:08Z,Desktop,Organic
S08080,U01282,2026-03-13T09:52:32Z,Mobile,Social
S08081,U02927,2026-01-17T10:14:22Z,Mobile,Organic
S08082,U07033,2026-02-08T00:09:13Z,Desktop,Social
S08083,U04027,2026-03-15T14:20:18Z,Desktop,Social
S08084,U00560,2026-02-28T05:00:23Z,Desktop,Social
S08085,U03190,2026-01-05T15:48:20Z,Desktop,Organic
S08086,U00625,2026-02-06T12:52:59Z,Mobile,Paid Search
S08087,U02281,2026-01-10T09:15:24Z,Mobile,Organic
S08088,U06729,2026-01-10T08:24:34Z,Tablet,Social
S08089,U01817,2026-01-02T18:00:30Z,Mobile,Paid Search
S08090,U01804,2026-02-07T06:17:48Z,Mobile,Social
S08091,U07371,2026-01-19T10:50:12Z,Mobile,Paid Search
S08092,U06502,2026-01-13T15:20:02Z,Desktop,Organic
S08093,U02180,2026-03-15T13:06:32Z,Desktop,Organic
S08094,U03233,2026-03-30T13:14:36Z,Mobile,Paid Search
S08095,U05216,2026-01-31T12:53:02Z,Desktop,Paid Search
S08096,U02917,2026-03-18T17:01:26Z,Mobile,Paid Search
S08097,U02094,2026-03-05T13:43:51Z,Mobile,Paid Search
S08098,U03220,2026-01-12T08:00:01Z,Mobile,Paid Search
S08099,U01162,2026-02-05T00:26:25Z,Mobile,Organic
S08100,U05568,2026-02-02T12:51:27Z,Mobile,Organic
S08101,U00134,2026-01-18T04:22:07Z,Mobile,Organic
S08102,U06256,2026-03-21T20:24:32Z,Mobile,Paid Search
S08103,U04724,2026-03-03T15:01:38Z,Mobile,Paid Search
S08104,U06272,2026-01-05T11:40:48Z,Mobile,Paid Search
S08105,U02719,2026-03-05T13:01:53Z,Mobile,Email
S08106,U02255,2026-02-04T13:33:32Z,Mobile,Email
S08107,U05552,2026-01-23T05:26:05Z,Desktop,Organic
S08108,U00793,2026-01-13T05:16:33Z,Desktop,Social
S08109,U02196,2026-03-20T13:24:43Z,Mobile,Organic
S08110,U01677,2026-01-12T03:58:29Z,Desktop,Social
S08111,U00581,2026-01-20T12:55:48Z,Mobile,Organic
S08112,U06744,2026-02-04T22:39:29Z,Mobile,Paid Search
S08113,U07769,2026-03-11T04:23:34Z,Desktop,Organic
S08114,U00947,2026-02-22T20:08:07Z,Mobile,Organic
S08115,U06259,2026-01-23T04:26:45Z,Mobile,Paid Search
S08116,U05137,2026-02-14T01:30:49Z,Desktop,Paid Search
S08117,U00961,2026-01-29T03:12:15Z,Mobile,Organic
S08118,U03123,2026-01-24T11:17:52Z,Mobile,Social
S08119,U02261,2026-02-18T06:29:34Z,Mobile,Organic
S08120,U06878,2026-02-03T00:31:36Z,Desktop,Organic
S08121,U05888,2026-02-23T04:06:31Z,Desktop,Organic
S08122,U03701,2026-02-05T21:41:54Z,Mobile,Organic
S08123,U05685,2026-01-26T06:52:33Z,Mobile,Organic
S08124,U04108,2026-02-05T02:17:38Z,Desktop,Paid Search
S08125,U07853,2026-02-14T14:04:22Z,Mobile,Organic
S08126,U07435,2026-03-06T15:30:09Z,Mobile,Email
S08127,U05569,2026-02-18T03:12:43Z,Mobile,Social
S08128,U00344,2026-01-01T12:18:31Z,Mobile,Social
S08129,U01751,2026-02-21T16:05:31Z,Mobile,Email
S08130,U04730,2026-03-30T18:53:55Z,Mobile,Organic
S08131,U06945,2026-01-16T02:53:33Z,Mobile,Organic
S08132,U02127,2026-03-19T06:56:49Z,Desktop,Organic
S08133,U04188,2026-03-07T05:25:42Z,Desktop,Paid Search
S08134,U02408,2026-02-17T22:45:09Z,Desktop,Paid Search
S08135,U03151,2026-02-06T11:06:20Z,Mobile,Email
S08136,U07616,2026-03-17T05:39:10Z,Mobile,Social
S08137,U04850,2026-02-21T19:53:24Z,Mobile,Organic
S08138,U07145,2026-03-21T14:10:36Z,Mobile,Social
S08139,U02423,2026-01-30T22:34:49Z,Mobile,Organic
S08140,U02949,2026-03-02T10:08:38Z,Mobile,Organic
S08141,U04445,2026-03-26T04:26:03Z,Desktop,Social
S08142,U02545,2026-01-24T17:17:15Z,Mobile,Paid Search
S08143,U02416,2026-01-15T22:58:56Z,Mobile,Paid Search
S08144,U05956,2026-01-17T16:46:12Z,Mobile,Paid Search
S08145,U06788,2026-01-16T22:42:33Z,Desktop,Organic
S08146,U01318,2026-02-21T10:49:53Z,Mobile,Paid Search
S08147,U06532,2026-02-06T11:18:17Z,Mobile,Social
S08148,U00904,2026-01-26T03:12:18Z,Desktop,Social
S08149,U05633,2026-03-11T04:51:43Z,Desktop,Paid Search
S08150,U02168,2026-01-16T23:16:11Z,Desktop,Social
S08151,U03053,2026-01-23T19:45:33Z,Desktop,Paid Search
S08152,U05230,2026-03-28T17:22:53Z,Desktop,Social
S08153,U06093,2026-02-26T13:37:30Z,Tablet,Social
S08154,U05374,2026-01-21T07:01:16Z,Desktop,Social
S08155,U06313,2026-02-17T18:43:41Z,Mobile,Organic
S08156,U02712,2026-03-22T16:11:04Z,Tablet,Paid Search
S08157,U02999,2026-03-31T09:36:37Z,Mobile,Organic
S08158,U04656,2026-01-30T13:13:33Z,Mobile,Social
S08159,U06353,2026-03-21T18:40:17Z,Desktop,Email
S08160,U03954,2026-01-21T06:10:16Z,Desktop,Paid Search
S08161,U02323,2026-01-24T13:17:18Z,Desktop,Social
S08162,U02412,2026-02-06T04:57:12Z,Mobile,Organic
S08163,U07114,2026-03-06T16:27:47Z,Desktop,Social
S08164,U07213,2026-01-15T06:45:55Z,Desktop,Social
S08165,U03736,2026-02-01T13:19:40Z,Desktop,Social
S08166,U00609,2026-01-28T05:19:12Z,Mobile,Organic
S08167,U03524,2026-02-15T12:57:49Z,Desktop,Paid Search
S08168,U00579,2026-03-25T04:20:50Z,Mobile,Paid Search
S08169,U02212,2026-03-30T15:24:23Z,Desktop,Social
S08170,U00418,2026-02-18T07:28:08Z,Mobile,Social
S08171,U03739,2026-03-22T18:37:04Z,Mobile,Organic
S08172,U01527,2026-03-12T14:48:08Z,Mobile,Organic
S08173,U03419,2026-01-16T16:14:33Z,Mobile,Organic
S08174,U07720,2026-01-12T00:00:07Z,Desktop,Social
S08175,U03056,2026-01-23T19:13:44Z,Mobile,Social
S08176,U06922,2026-02-04T20:35:54Z,Mobile,Organic
S08177,U07771,2026-01-03T21:59:04Z,Mobile,Paid Search
S08178,U03425,2026-03-29T11:39:49Z,Mobile,Organic
S08179,U02132,2026-02-12T22:47:24Z,Mobile,Social
S08180,U00523,2026-03-13T06:43:03Z,Mobile,Paid Search
S08181,U00611,2026-03-25T08:18:53Z,Mobile,Organic
S08182,U06631,2026-03-23T22:35:31Z,Mobile,Social
S08183,U07647,2026-03-12T20:33:42Z,Mobile,Social
S08184,U03139,2026-01-28T17:46:34Z,Desktop,Social
S08185,U00082,2026-01-02T20:24:48Z,Desktop,Paid Search
S08186,U00722,2026-01-08T15:17:00Z,Mobile,Paid Search
S08187,U05402,2026-02-05T00:48:03Z,Desktop,Social
S08188,U01558,2026-03-14T06:59:04Z,Mobile,Organic
S08189,U02936,2026-02-07T15:46:26Z,Mobile,Email
S08190,U02405,2026-01-11T02:25:45Z,Mobile,Organic
S08191,U01092,2026-01-14T05:02:11Z,Mobile,Paid Search
S08192,U07752,2026-02-19T13:28:05Z,Mobile,Organic
S08193,U02654,2026-03-25T22:26:30Z,Mobile,Paid Search
S08194,U05156,2026-03-20T09:46:16Z,Mobile,Paid Search
S08195,U07194,2026-02-26T01:52:48Z,Tablet,Social
S08196,U01479,2026-03-27T21:28:19Z,Mobile,Paid Search
S08197,U06707,2026-02-01T21:38:26Z,Desktop,Social
S08198,U03793,2026-03-24T22:07:55Z,Mobile,Organic
S08199,U00508,2026-03-06T09:32:51Z,Mobile,Social
S08200,U03886,2026-01-22T08:30:52Z,Mobile,Social
S08201,U01225,2026-02-12T01:09:04Z,Desktop,Social
S08202,U05048,2026-01-10T18:28:59Z,Mobile,Paid Search
S08203,U04480,2026-01-05T18:35:36Z,Mobile,Email
S08204,U02334,2026-03-02T19:13:30Z,Mobile,Organic
S08205,U02589,2026-02-04T10:05:27Z,Desktop,Organic
S08206,U00733,2026-01-30T04:53:02Z,Mobile,Paid Search
S08207,U00622,2026-03-30T02:20:27Z,Mobile,Social
S08208,U05622,2026-01-12T00:16:32Z,Mobile,Paid Search
S08209,U02798,2026-03-09T23:17:32Z,Desktop,Organic
S08210,U04198,2026-01-23T00:23:55Z,Desktop,Organic
S08211,U02526,2026-03-02T15:20:27Z,Mobile,Social
S08212,U00641,2026-02-24T21:05:50Z,Tablet,Social
S08213,U04576,2026-02-05T20:31:24Z,Mobile,Organic
S08214,U07573,2026-03-05T07:18:41Z,Mobile,Paid Search
S08215,U00335,2026-01-10T21:30:45Z,Desktop,Paid Search
S08216,U06827,2026-01-12T03:32:47Z,Mobile,Organic
S08217,U01708,2026-03-26T11:35:33Z,Desktop,Paid Search
S08218,U07135,2026-01-03T18:01:04Z,Mobile,Social
S08219,U06657,2026-01-18T08:16:34Z,Mobile,Social
S08220,U07934,2026-03-08T19:31:48Z,Tablet,Organic
S08221,U05585,2026-01-07T15:59:31Z,Mobile,Social
S08222,U03795,2026-02-10T19:29:35Z,Desktop,Social
S08223,U03589,2026-01-06T09:09:57Z,Mobile,Organic
S08224,U05860,2026-02-22T21:35:54Z,Desktop,Paid Search
S08225,U07581,2026-03-17T14:17:04Z,Mobile,Social
S08226,U07994,2026-01-27T20:01:08Z,Mobile,Paid Search
S08227,U03163,2026-02-25T06:32:57Z,Desktop,Social
S08228,U05356,2026-02-03T06:09:25Z,Mobile,Social
S08229,U02386,2026-01-22T14:27:17Z,Mobile,Social
S08230,U02719,2026-03-22T14:40:50Z,Tablet,Paid Search
S08231,U01193,2026-03-19T22:09:10Z,Desktop,Organic
S08232,U02436,2026-01-30T06:52:02Z,Desktop,Email
S08233,U02838,2026-01-27T10:54:35Z,Tablet,Paid Search
S08234,U07017,2026-02-06T11:21:59Z,Mobile,Organic
S08235,U07633,2026-03-29T10:36:06Z,Tablet,Organic
S08236,U00436,2026-02-19T10:28:47Z,Desktop,Paid Search
S08237,U02178,2026-01-03T09:21:59Z,Tablet,Social
S08238,U06583,2026-01-15T04:49:51Z,Desktop,Organic
S08239,U04102,2026-02-20T00:46:55Z,Mobile,Social
S08240,U05935,2026-02-23T21:36:30Z,Desktop,Social
S08241,U01925,2026-02-05T05:28:28Z,Tablet,Paid Search
S08242,U04904,2026-02-26T16:49:06Z,Mobile,Paid Search
S08243,U04277,2026-01-29T10:09:13Z,Desktop,Social
S08244,U03045,2026-01-12T11:49:24Z,Desktop,Organic
S08245,U05651,2026-02-11T09:52:04Z,Mobile,Social
S08246,U03614,2026-03-05T21:16:58Z,Mobile,Organic
S08247,U04205,2026-02-10T05:09:41Z,Mobile,Paid Search
S08248,U06117,2026-02-25T18:23:29Z,Mobile,Social
S08249,U02092,2026-01-18T00:59:11Z,Tablet,Social
S08250,U02672,2026-03-01T02:50:53Z,Mobile,Organic
S08251,U00149,2026-01-27T09:14:07Z,Mobile,Organic
S08252,U03048,2026-02-08T08:48:09Z,Desktop,Social
S08253,U05960,2026-03-27T12:07:40Z,Mobile,Social
S08254,U07522,2026-01-11T19:37:30Z,Mobile,Paid Search
S08255,U03562,2026-02-18T03:21:44Z,Mobile,Organic
S08256,U07022,2026-03-31T02:22:10Z,Mobile,Social
S08257,U03154,2026-03-11T15:41:31Z,Mobile,Email
S08258,U03153,2026-01-30T16:53:22Z,Mobile,Social
S08259,U05872,2026-02-06T06:02:45Z,Desktop,Social
S08260,U00520,2026-03-09T21:57:15Z,Desktop,Organic
S08261,U04476,2026-03-22T22:44:26Z,Mobile,Social
S08262,U05686,2026-03-06T21:27:31Z,Mobile,Social
S08263,U02524,2026-03-24T03:44:42Z,Mobile,Paid Search
S08264,U01582,2026-02-13T22:10:26Z,Tablet,Social
S08265,U00192,2026-03-30T02:53:55Z,Mobile,Organic
S08266,U05850,2026-03-07T09:15:51Z,Desktop,Paid Search
S08267,U05788,2026-02-17T11:47:12Z,Mobile,Social
S08268,U03212,2026-01-10T09:26:21Z,Mobile,Organic
S08269,U03533,2026-01-19T12:47:02Z,Desktop,Paid Search
S08270,U01750,2026-01-31T07:41:06Z,Desktop,Email
S08271,U02000,2026-01-14T02:50:10Z,Mobile,Social
S08272,U04192,2026-02-23T17:05:21Z,Desktop,Paid Search
S08273,U00626,2026-02-17T23:00:48Z,Mobile,Email
S08274,U04690,2026-01-10T03:46:50Z,Mobile,Organic
S08275,U01794,2026-03-06T17:33:05Z,Mobile,Organic
S08276,U00676,2026-01-09T06:51:13Z,Mobile,Paid Search
S08277,U06740,2026-02-24T00:45:53Z,Mobile,Social
S08278,U05439,2026-01-20T20:27:27Z,Mobile,Social
S08279,U01671,2026-03-23T04:18:16Z,Mobile,Organic
S08280,U02033,2026-03-24T18:54:26Z,Mobile,Email
S08281,U04447,2026-02-17T18:24:15Z,Desktop,Organic
S08282,U04559,2026-03-17T15:51:39Z,Mobile,Paid Search
S08283,U03126,2026-03-15T19:17:01Z,Desktop,Paid Search
S08284,U06786,2026-03-04T13:34:02Z,Mobile,Organic
S08285,U00743,2026-03-23T09:35:52Z,Mobile,Paid Search
S08286,U05515,2026-03-12T07:32:30Z,Desktop,Organic
S08287,U02222,2026-01-14T09:56:42Z,Mobile,Organic
S08288,U06692,2026-02-05T11:48:34Z,Mobile,Paid Search
S08289,U02135,2026-01-25T06:16:31Z,Desktop,Organic
S08290,U03057,2026-01-12T10:36:31Z,Mobile,Paid Search
S08291,U05835,2026-01-08T19:06:02Z,Desktop,Social
S08292,U06873,2026-01-22T07:47:38Z,Desktop,Organic
S08293,U02743,2026-02-23T00:25:07Z,Mobile,Paid Search
S08294,U06576,2026-01-23T06:28:18Z,Desktop,Paid Search
S08295,U03563,2026-01-03T21:41:00Z,Desktop,Organic
S08296,U03236,2026-02-06T19:26:08Z,Desktop,Social
S08297,U03602,2026-01-09T19:24:38Z,Mobile,Organic
S08298,U05337,2026-02-26T14:39:36Z,Mobile,Organic
S08299,U04760,2026-03-28T00:25:57Z,Desktop,Email
S08300,U05734,2026-01-07T08:02:14Z,Mobile,Email
S08301,U06632,2026-01-05T16:56:08Z,Mobile,Paid Search
S08302,U05791,2026-01-28T07:06:21Z,Mobile,Organic
S08303,U07737,2026-01-15T07:15:48Z,Mobile,Social
S08304,U01099,2026-01-30T03:14:55Z,Tablet,Paid Search
S08305,U01836,2026-03-04T10:30:43Z,Desktop,Paid Search
S08306,U01018,2026-02-02T00:44:13Z,Desktop,Paid Search
S08307,U02621,2026-01-07T04:27:16Z,Mobile,Paid Search
S08308,U07536,2026-01-20T13:52:33Z,Mobile,Organic
S08309,U04214,2026-03-08T22:49:36Z,Desktop,Paid Search
S08310,U06142,2026-01-05T13:32:09Z,Desktop,Organic
S08311,U01859,2026-02-20T18:35:41Z,Mobile,Organic
S08312,U02317,2026-01-06T02:53:50Z,Desktop,Paid Search
S08313,U05642,2026-01-14T20:00:53Z,Desktop,Social
S08314,U06483,2026-03-01T02:53:50Z,Desktop,Email
S08315,U04411,2026-01-15T21:28:44Z,Mobile,Organic
S08316,U02156,2026-03-31T07:58:14Z,Mobile,Social
S08317,U03293,2026-01-14T19:22:09Z,Desktop,Social
S08318,U02340,2026-02-05T17:12:13Z,Tablet,Social
S08319,U05524,2026-03-30T16:16:49Z,Mobile,Organic
S08320,U06710,2026-03-18T07:21:28Z,Mobile,Social
S08321,U00845,2026-01-17T09:01:15Z,Mobile,Paid Search
S08322,U04847,2026-01-21T07:59:20Z,Mobile,Paid Search
S08323,U05741,2026-01-03T09:52:13Z,Desktop,Organic
S08324,U01236,2026-02-22T03:03:02Z,Mobile,Organic
S08325,U03750,2026-01-05T14:30:30Z,Mobile,Social
S08326,U01229,2026-03-06T10:24:46Z,Mobile,Organic
S08327,U04259,2026-03-29T21:43:57Z,Mobile,Paid Search
S08328,U03423,2026-01-01T02:30:54Z,Desktop,Paid Search
S08329,U04639,2026-02-19T16:06:04Z,Mobile,Social
S08330,U05229,2026-03-05T19:34:09Z,Desktop,Organic
S08331,U06965,2026-03-05T21:10:27Z,Mobile,Organic
S08332,U07413,2026-03-22T06:39:38Z,Desktop,Paid Search
S08333,U04263,2026-03-07T08:32:19Z,Desktop,Social
S08334,U05862,2026-01-11T22:11:34Z,Mobile,Social
S08335,U07167,2026-02-18T09:29:37Z,Desktop,Paid Search
S08336,U06022,2026-01-25T06:28:56Z,Mobile,Paid Search
S08337,U06857,2026-03-26T10:29:01Z,Mobile,Paid Search
S08338,U01483,2026-02-17T21:02:55Z,Mobile,Paid Search
S08339,U01810,2026-03-14T05:25:57Z,Mobile,Social
S08340,U04209,2026-01-23T10:21:00Z,Mobile,Paid Search
S08341,U07099,2026-01-23T09:55:23Z,Desktop,Paid Search
S08342,U04028,2026-03-15T14:40:26Z,Desktop,Paid Search
S08343,U04673,2026-01-18T03:07:35Z,Desktop,Organic
S08344,U01230,2026-02-12T13:59:20Z,Mobile,Email
S08345,U05047,2026-01-03T02:10:07Z,Mobile,Organic
S08346,U06972,2026-01-19T20:50:18Z,Desktop,Paid Search
S08347,U01093,2026-01-01T01:22:52Z,Desktop,Social
S08348,U06910,2026-03-17T04:24:40Z,Mobile,Paid Search
S08349,U01544,2026-03-26T17:41:25Z,Mobile,Organic
S08350,U00894,2026-02-18T09:58:51Z,Tablet,Paid Search
S08351,U00924,2026-01-16T18:32:30Z,Mobile,Organic
S08352,U02005,2026-03-15T13:34:11Z,Mobile,Organic
S08353,U01113,2026-01-16T07:54:40Z,Mobile,Paid Search
S08354,U07324,2026-03-11T11:27:27Z,Desktop,Social
S08355,U02202,2026-02-10T01:19:07Z,Mobile,Organic
S08356,U05656,2026-03-21T03:05:17Z,Mobile,Organic
S08357,U07897,2026-03-18T21:08:37Z,Mobile,Social
S08358,U06661,2026-03-06T10:49:11Z,Tablet,Social
S08359,U05350,2026-03-26T19:40:06Z,Mobile,Organic
S08360,U05072,2026-03-23T11:47:04Z,Desktop,Social
S08361,U07118,2026-03-15T17:03:04Z,Desktop,Social
S08362,U01713,2026-01-14T03:55:59Z,Mobile,Social
S08363,U02396,2026-02-25T16:14:01Z,Tablet,Organic
S08364,U03330,2026-02-08T20:22:58Z,Mobile,Social
S08365,U04482,2026-01-19T22:46:37Z,Mobile,Organic
S08366,U05650,2026-01-25T15:46:46Z,Desktop,Organic
S08367,U01035,2026-01-17T13:35:22Z,Tablet,Social
S08368,U05872,2026-02-14T15:00:04Z,Desktop,Paid Search
S08369,U07294,2026-01-10T05:10:57Z,Mobile,Social
S08370,U03691,2026-01-13T08:18:41Z,Mobile,Email
S08371,U04556,2026-01-06T16:40:53Z,Desktop,Organic
S08372,U07717,2026-03-12T15:54:28Z,Desktop,Paid Search
S08373,U05748,2026-01-08T04:58:07Z,Desktop,Organic
S08374,U02616,2026-03-08T09:18:32Z,Mobile,Organic
S08375,U02146,2026-03-25T04:43:59Z,Mobile,Social
S08376,U06132,2026-02-22T00:28:43Z,Mobile,Social
S08377,U00292,2026-03-12T02:21:57Z,Mobile,Paid Search
S08378,U01826,2026-03-14T18:41:09Z,Mobile,Social
S08379,U01716,2026-03-18T16:31:08Z,Mobile,Social
S08380,U05265,2026-01-07T18:19:39Z,Mobile,Organic
S08381,U02987,2026-02-15T15:54:53Z,Mobile,Paid Search
S08382,U07726,2026-03-31T08:52:21Z,Desktop,Social
S08383,U05772,2026-03-27T23:10:21Z,Desktop,Social
S08384,U03048,2026-03-14T05:06:04Z,Desktop,Organic
S08385,U04782,2026-03-31T20:45:53Z,Desktop,Email
S08386,U04697,2026-01-24T18:42:06Z,Mobile,Paid Search
S08387,U07376,2026-02-07T05:39:13Z,Mobile,Email
S08388,U07029,2026-02-22T07:59:36Z,Mobile,Organic
S08389,U05522,2026-03-14T11:04:29Z,Tablet,Paid Search
S08390,U02756,2026-03-06T02:18:42Z,Mobile,Social
S08391,U00985,2026-03-14T05:51:17Z,Mobile,Organic
S08392,U01305,2026-03-06T21:31:12Z,Desktop,Organic
S08393,U03022,2026-02-25T13:41:23Z,Mobile,Social
S08394,U06722,2026-01-29T00:01:00Z,Mobile,Social
S08395,U00105,2026-01-06T02:52:13Z,Mobile,Social
S08396,U02168,2026-02-12T14:41:04Z,Mobile,Social
S08397,U01193,2026-02-26T07:40:10Z,Mobile,Email
S08398,U03888,2026-03-20T13:56:53Z,Desktop,Paid Search
S08399,U06712,2026-02-03T03:41:38Z,Desktop,Organic
S08400,U07390,2026-02-16T15:09:08Z,Desktop,Social
S08401,U03349,2026-01-15T03:04:00Z,Mobile,Paid Search
S08402,U03332,2026-03-20T06:41:14Z,Mobile,Paid Search
S08403,U07516,2026-01-30T11:19:49Z,Mobile,Paid Search
S08404,U04094,2026-02-06T16:09:53Z,Mobile,Organic
S08405,U00949,2026-01-29T09:00:13Z,Mobile,Email
S08406,U03013,2026-02-24T17:23:54Z,Mobile,Social
S08407,U05434,2026-03-30T03:38:03Z,Mobile,Social
S08408,U05553,2026-03-11T22:51:11Z,Desktop,Organic
S08409,U03084,2026-02-18T10:58:40Z,Mobile,Social
S08410,U06547,2026-02-17T16:26:59Z,Desktop,Organic
S08411,U01385,2026-01-27T13:41:01Z,Desktop,Organic
S08412,U01177,2026-01-17T19:33:52Z,Desktop,Paid Search
S08413,U06126,2026-01-19T03:10:27Z,Mobile,Paid Search
S08414,U00458,2026-02-25T15:14:49Z,Mobile,Email
S08415,U07595,2026-01-21T18:07:35Z,Desktop,Social
S08416,U00616,2026-01-25T15:03:20Z,Mobile,Paid Search
S08417,U06090,2026-02-28T15:44:46Z,Mobile,Social
S08418,U07356,2026-03-02T22:53:28Z,Mobile,Organic
S08419,U05780,2026-01-17T07:07:40Z,Mobile,Email
S08420,U00716,2026-01-23T09:42:32Z,Desktop,Paid Search
S08421,U05213,2026-01-24T15:23:22Z,Mobile,Social
S08422,U04604,2026-02-13T17:24:54Z,Mobile,Organic
S08423,U01958,2026-01-03T17:52:50Z,Tablet,Organic
S08424,U00078,2026-02-14T14:20:09Z,Desktop,Email
S08425,U04911,2026-03-27T01:27:59Z,Mobile,Organic
S08426,U02520,2026-01-08T14:27:57Z,Mobile,Social
S08427,U00709,2026-03-12T22:01:22Z,Mobile,Social
S08428,U01745,2026-03-17T16:03:08Z,Desktop,Paid Search
S08429,U00801,2026-02-03T02:00:07Z,Desktop,Social
S08430,U05532,2026-01-10T14:25:06Z,Mobile,Paid Search
S08431,U07665,2026-02-11T10:20:37Z,Mobile,Organic
S08432,U04219,2026-01-02T10:35:08Z,Desktop,Social
S08433,U05571,2026-03-25T17:25:14Z,Desktop,Email
S08434,U04110,2026-01-07T06:09:45Z,Mobile,Paid Search
S08435,U02772,2026-03-18T05:10:49Z,Mobile,Social
S08436,U05060,2026-02-13T19:42:45Z,Desktop,Social
S08437,U04919,2026-01-26T02:15:50Z,Tablet,Paid Search
S08438,U02418,2026-03-28T16:12:34Z,Desktop,Organic
S08439,U01133,2026-01-30T15:49:18Z,Mobile,Paid Search
S08440,U00732,2026-02-26T22:28:31Z,Mobile,Organic
S08441,U07145,2026-02-01T07:09:53Z,Desktop,Organic
S08442,U02732,2026-03-22T09:05:53Z,Mobile,Social
S08443,U01986,2026-01-15T11:59:15Z,Desktop,Social
S08444,U02636,2026-02-24T05:35:27Z,Desktop,Organic
S08445,U00725,2026-02-03T07:04:34Z,Mobile,Email
S08446,U04348,2026-03-10T15:28:01Z,Mobile,Paid Search
S08447,U02067,2026-03-26T18:36:37Z,Mobile,Organic
S08448,U00411,2026-02-11T08:29:34Z,Desktop,Social
S08449,U05518,2026-01-08T17:23:23Z,Mobile,Social
S08450,U07457,2026-02-25T16:55:31Z,Mobile,Organic
S08451,U07538,2026-02-05T13:15:06Z,Tablet,Email
S08452,U03341,2026-02-16T15:29:57Z,Mobile,Paid Search
S08453,U00177,2026-03-29T05:57:27Z,Mobile,Organic
S08454,U00322,2026-02-24T18:20:26Z,Mobile,Organic
S08455,U06117,2026-01-06T07:11:56Z,Mobile,Organic
S08456,U02705,2026-02-05T04:58:29Z,Mobile,Email
S08457,U05895,2026-01-13T22:52:56Z,Mobile,Paid Search
S08458,U05187,2026-01-10T02:22:25Z,Desktop,Social
S08459,U05582,2026-02-27T08:30:32Z,Mobile,Social
S08460,U03511,2026-02-19T13:46:54Z,Desktop,Email
S08461,U00216,2026-02-21T19:19:55Z,Mobile,Organic
S08462,U07843,2026-01-27T17:10:45Z,Mobile,Email
S08463,U04300,2026-02-04T08:27:15Z,Mobile,Organic
S08464,U06198,2026-02-27T01:06:53Z,Mobile,Social
S08465,U04763,2026-03-03T22:53:22Z,Mobile,Organic
S08466,U01904,2026-03-17T09:36:41Z,Desktop,Paid Search
S08467,U05862,2026-02-24T01:48:12Z,Desktop,Organic
S08468,U03079,2026-01-30T21:28:44Z,Mobile,Paid Search
S08469,U04218,2026-01-04T09:10:45Z,Mobile,Organic
S08470,U07189,2026-02-12T10:37:11Z,Desktop,Social
S08471,U00068,2026-03-29T07:52:19Z,Desktop,Paid Search
S08472,U02063,2026-02-16T07:54:15Z,Desktop,Paid Search
S08473,U05756,2026-03-12T02:15:03Z,Mobile,Social
S08474,U02147,2026-03-16T06:14:41Z,Mobile,Organic
S08475,U00793,2026-03-13T16:18:58Z,Mobile,Paid Search
S08476,U07647,2026-03-18T09:21:23Z,Desktop,Organic
S08477,U07376,2026-03-05T02:16:36Z,Mobile,Social
S08478,U01590,2026-03-27T04:18:35Z,Mobile,Paid Search
S08479,U07635,2026-02-22T06:29:23Z,Desktop,Paid Search
S08480,U05228,2026-01-24T12:23:00Z,Desktop,Social
S08481,U03937,2026-03-11T15:05:34Z,Mobile,Organic
S08482,U07545,2026-01-28T15:31:45Z,Desktop,Organic
S08483,U07268,2026-03-03T22:15:19Z,Mobile,Paid Search
S08484,U04869,2026-01-13T19:50:09Z,Desktop,Organic
S08485,U07519,2026-03-03T15:15:15Z,Desktop,Social
S08486,U07504,2026-03-10T21:25:44Z,Desktop,Paid Search
S08487,U07570,2026-02-05T16:13:39Z,Desktop,Organic
S08488,U04697,2026-03-11T03:33:48Z,Mobile,Organic
S08489,U02199,2026-02-27T02:21:12Z,Mobile,Organic
S08490,U05042,2026-01-16T13:58:30Z,Mobile,Social
S08491,U05331,2026-03-09T01:50:12Z,Mobile,Paid Search
S08492,U00912,2026-03-01T18:37:16Z,Desktop,Social
S08493,U05253,2026-03-29T09:46:31Z,Mobile,Organic
S08494,U05421,2026-01-06T18:40:19Z,Desktop,Organic
S08495,U05289,2026-03-01T10:16:14Z,Desktop,Organic
S08496,U05006,2026-03-12T10:33:54Z,Mobile,Organic
S08497,U04059,2026-03-22T09:08:24Z,Desktop,Organic
S08498,U03354,2026-02-25T16:25:44Z,Mobile,Social
S08499,U06688,2026-01-28T21:32:33Z,Desktop,Social
S08500,U07895,2026-01-26T17:46:58Z,Mobile,Social
S08501,U02348,2026-03-08T03:31:10Z,Desktop,Organic
S08502,U03831,2026-01-19T00:52:12Z,Mobile,Organic
S08503,U05473,2026-03-15T04:39:10Z,Mobile,Paid Search
S08504,U06601,2026-03-09T05:56:27Z,Mobile,Paid Search
S08505,U07409,2026-02-06T15:32:08Z,Tablet,Paid Search
S08506,U01259,2026-03-22T04:35:21Z,Desktop,Paid Search
S08507,U07520,2026-01-20T22:11:35Z,Tablet,Social
S08508,U07619,2026-02-03T13:21:54Z,Desktop,Social
S08509,U03962,2026-03-14T13:38:34Z,Tablet,Social
S08510,U07800,2026-02-15T08:30:23Z,Desktop,Social
S08511,U03760,2026-02-13T16:29:49Z,Mobile,Social
S08512,U05264,2026-01-10T20:15:17Z,Mobile,Email
S08513,U06568,2026-03-02T19:53:49Z,Mobile,Paid Search
S08514,U05166,2026-02-16T20:01:10Z,Mobile,Organic
S08515,U02190,2026-01-18T08:35:13Z,Desktop,Paid Search
S08516,U03296,2026-03-15T13:15:17Z,Mobile,Organic
S08517,U00153,2026-01-23T03:51:53Z,Mobile,Organic
S08518,U05372,2026-01-09T20:47:58Z,Desktop,Organic
S08519,U03639,2026-03-17T01:23:59Z,Desktop,Organic
S08520,U07588,2026-03-11T15:10:51Z,Tablet,Social
S08521,U06474,2026-02-24T07:28:23Z,Mobile,Organic
S08522,U07904,2026-03-23T10:40:58Z,Mobile,Paid Search
S08523,U07108,2026-02-24T05:01:10Z,Desktop,Organic
S08524,U03226,2026-03-02T00:09:01Z,Tablet,Email
S08525,U03177,2026-03-31T05:42:45Z,Tablet,Organic
S08526,U01159,2026-01-07T03:25:09Z,Tablet,Organic
S08527,U00256,2026-02-02T18:32:53Z,Desktop,Paid Search
S08528,U01656,2026-01-17T18:17:12Z,Mobile,Paid Search
S08529,U01572,2026-03-11T12:00:27Z,Mobile,Paid Search
S08530,U07443,2026-03-06T06:47:49Z,Desktop,Organic
S08531,U05736,2026-02-06T16:15:39Z,Mobile,Paid Search
S08532,U01775,2026-03-19T18:57:31Z,Mobile,Organic
S08533,U01293,2026-01-20T07:11:51Z,Desktop,Paid Search
S08534,U01667,2026-03-31T16:39:16Z,Mobile,Organic
S08535,U06602,2026-03-02T01:48:14Z,Mobile,Organic
S08536,U00924,2026-03-04T11:45:31Z,Mobile,Organic
S08537,U06526,2026-02-23T22:33:29Z,Mobile,Paid Search
S08538,U02273,2026-03-24T10:53:59Z,Mobile,Email
S08539,U04629,2026-01-13T17:11:02Z,Desktop,Paid Search
S08540,U06829,2026-03-30T13:56:00Z,Desktop,Organic
S08541,U01145,2026-02-10T11:03:41Z,Mobile,Paid Search
S08542,U01207,2026-03-30T20:57:11Z,Desktop,Organic
S08543,U07438,2026-03-02T04:23:01Z,Mobile,Organic
S08544,U00493,2026-02-23T21:45:10Z,Mobile,Social
S08545,U07660,2026-03-07T13:36:27Z,Mobile,Organic
S08546,U04159,2026-01-03T18:29:45Z,Desktop,Paid Search
S08547,U02130,2026-03-19T17:11:27Z,Mobile,Paid Search
S08548,U04095,2026-03-05T09:48:46Z,Mobile,Paid Search
S08549,U03258,2026-01-29T17:51:00Z,Mobile,Organic
S08550,U04471,2026-03-15T22:56:06Z,Mobile,Organic
S08551,U00211,2026-02-07T10:55:36Z,Desktop,Paid Search
S08552,U06237,2026-02-12T21:18:51Z,Mobile,Organic
S08553,U00618,2026-01-21T16:47:43Z,Tablet,Social
S08554,U04556,2026-03-21T22:53:29Z,Mobile,Paid Search
S08555,U04572,2026-03-01T17:34:58Z,Tablet,Organic
S08556,U03450,2026-02-07T11:44:13Z,Desktop,Social
S08557,U03161,2026-03-17T19:15:00Z,Mobile,Paid Search
S08558,U06951,2026-03-01T00:03:27Z,Mobile,Paid Search
S08559,U05820,2026-03-12T04:59:56Z,Desktop,Social
S08560,U05523,2026-03-04T12:50:12Z,Mobile,Organic
S08561,U05617,2026-03-11T16:44:31Z,Desktop,Paid Search
S08562,U05327,2026-02-14T17:14:04Z,Desktop,Paid Search
S08563,U00054,2026-02-02T03:39:04Z,Desktop,Organic
S08564,U04107,2026-03-25T15:35:22Z,Mobile,Paid Search
S08565,U07023,2026-02-09T02:59:57Z,Desktop,Organic
S08566,U02557,2026-01-26T18:36:08Z,Desktop,Organic
S08567,U00447,2026-03-25T05:35:41Z,Desktop,Social
S08568,U05292,2026-02-26T16:50:52Z,Mobile,Email
S08569,U01045,2026-02-24T08:31:24Z,Tablet,Paid Search
S08570,U00561,2026-01-20T11:55:02Z,Mobile,Organic
S08571,U04301,2026-01-24T08:53:58Z,Desktop,Paid Search
S08572,U02162,2026-01-10T22:55:30Z,Mobile,Organic
S08573,U06576,2026-01-17T03:27:49Z,Mobile,Organic
S08574,U00548,2026-01-07T01:15:13Z,Mobile,Paid Search
S08575,U07190,2026-01-11T02:18:05Z,Desktop,Social
S08576,U01365,2026-02-13T02:10:11Z,Desktop,Organic
S08577,U03239,2026-02-28T12:04:10Z,Mobile,Paid Search
S08578,U07819,2026-02-26T22:26:42Z,Mobile,Organic
S08579,U02096,2026-01-05T10:02:37Z,Mobile,Organic
S08580,U00346,2026-01-16T18:00:56Z,Mobile,Paid Search
S08581,U03417,2026-01-21T17:01:25Z,Mobile,Organic
S08582,U00459,2026-02-08T17:13:17Z,Desktop,Paid Search
S08583,U06337,2026-03-26T11:12:32Z,Mobile,Organic
S08584,U02917,2026-03-15T02:32:58Z,Desktop,Paid Search
S08585,U00288,2026-01-25T13:43:52Z,Desktop,Organic
S08586,U04528,2026-03-22T13:26:18Z,Mobile,Organic
S08587,U03626,2026-02-27T17:17:59Z,Mobile,Email
S08588,U07450,2026-02-16T17:11:52Z,Mobile,Social
S08589,U01918,2026-03-02T07:31:39Z,Desktop,Social
S08590,U07628,2026-03-01T19:31:42Z,Mobile,Social
S08591,U03514,2026-03-13T13:59:09Z,Desktop,Email
S08592,U02578,2026-02-10T08:56:01Z,Mobile,Paid Search
S08593,U04933,2026-01-31T21:30:27Z,Mobile,Paid Search
S08594,U02289,2026-01-30T19:27:06Z,Desktop,Organic
S08595,U02763,2026-03-20T11:04:38Z,Desktop,Organic
S08596,U05555,2026-03-15T22:28:17Z,Mobile,Paid Search
S08597,U00962,2026-03-21T22:01:09Z,Tablet,Paid Search
S08598,U00955,2026-02-20T00:50:57Z,Mobile,Organic
S08599,U05394,2026-02-26T02:27:27Z,Desktop,Paid Search
S08600,U00479,2026-03-09T21:05:00Z,Mobile,Social
S08601,U06483,2026-01-19T11:38:04Z,Mobile,Organic
S08602,U02228,2026-03-23T12:03:27Z,Mobile,Email
S08603,U03411,2026-01-01T12:10:14Z,Desktop,Social
S08604,U07059,2026-01-24T13:13:48Z,Desktop,Social
S08605,U05399,2026-02-28T23:14:11Z,Mobile,Organic
S08606,U05564,2026-01-23T09:45:58Z,Desktop,Paid Search
S08607,U07743,2026-01-14T18:03:07Z,Mobile,Organic
S08608,U07378,2026-01-30T01:10:16Z,Mobile,Organic
S08609,U06922,2026-01-15T21:30:54Z,Mobile,Organic
S08610,U06392,2026-02-10T01:39:58Z,Mobile,Organic
S08611,U02935,2026-03-04T04:22:42Z,Desktop,Email
S08612,U00671,2026-01-20T15:52:52Z,Mobile,Social
S08613,U07014,2026-01-14T11:36:13Z,Desktop,Paid Search
S08614,U05835,2026-03-28T15:29:36Z,Desktop,Paid Search
S08615,U03550,2026-02-10T16:50:14Z,Mobile,Social
S08616,U03574,2026-02-27T05:07:20Z,Mobile,Social
S08617,U04217,2026-03-01T08:54:32Z,Mobile,Email
S08618,U05398,2026-02-03T21:27:39Z,Desktop,Social
S08619,U04570,2026-01-15T00:17:27Z,Desktop,Email
S08620,U07426,2026-01-11T08:18:18Z,Mobile,Paid Search
S08621,U03355,2026-03-30T14:55:19Z,Mobile,Organic
S08622,U03449,2026-01-31T16:56:38Z,Desktop,Email
S08623,U00956,2026-02-14T19:41:28Z,Mobile,Organic
S08624,U03433,2026-03-03T19:30:02Z,Mobile,Social
S08625,U01697,2026-01-26T09:49:12Z,Desktop,Organic
S08626,U04863,2026-03-08T12:11:34Z,Desktop,Social
S08627,U06904,2026-03-29T08:59:34Z,Mobile,Paid Search
S08628,U05985,2026-01-26T05:52:50Z,Mobile,Paid Search
S08629,U05310,2026-03-18T21:18:11Z,Mobile,Paid Search
S08630,U05564,2026-02-26T14:50:09Z,Mobile,Paid Search
S08631,U00183,2026-03-24T13:53:33Z,Mobile,Organic
S08632,U00650,2026-03-10T15:34:24Z,Mobile,Paid Search
S08633,U06325,2026-02-10T17:55:45Z,Mobile,Email
S08634,U02050,2026-02-25T13:00:37Z,Desktop,Paid Search
S08635,U03626,2026-03-16T03:03:13Z,Desktop,Organic
S08636,U04525,2026-01-21T02:51:55Z,Desktop,Organic
S08637,U02634,2026-02-27T15:45:00Z,Desktop,Organic
S08638,U03101,2026-01-09T22:36:52Z,Mobile,Paid Search
S08639,U01310,2026-03-31T01:44:31Z,Mobile,Social
S08640,U07809,2026-01-23T06:30:23Z,Desktop,Paid Search
S08641,U04955,2026-03-08T21:29:33Z,Mobile,Paid Search
S08642,U07604,2026-01-22T10:33:15Z,Mobile,Organic
S08643,U04425,2026-02-16T09:52:38Z,Mobile,Email
S08644,U05989,2026-03-29T14:37:53Z,Mobile,Organic
S08645,U04596,2026-02-06T09:53:30Z,Mobile,Paid Search
S08646,U03044,2026-02-09T06:06:00Z,Mobile,Social
S08647,U00299,2026-02-04T17:05:26Z,Desktop,Organic
S08648,U01485,2026-01-06T19:32:36Z,Mobile,Social
S08649,U03948,2026-03-18T17:15:26Z,Desktop,Paid Search
S08650,U04395,2026-01-26T04:37:47Z,Desktop,Paid Search
S08651,U04114,2026-03-31T12:23:56Z,Desktop,Organic
S08652,U06767,2026-03-24T11:16:49Z,Mobile,Organic
S08653,U00878,2026-02-21T16:27:02Z,Mobile,Organic
S08654,U01955,2026-03-19T07:49:06Z,Mobile,Organic
S08655,U05610,2026-02-20T08:55:58Z,Mobile,Organic
S08656,U03274,2026-01-05T20:25:32Z,Mobile,Paid Search
S08657,U05037,2026-02-19T10:24:03Z,Desktop,Email
S08658,U00592,2026-01-22T11:15:48Z,Mobile,Email
S08659,U06876,2026-01-20T17:10:39Z,Desktop,Organic
S08660,U04055,2026-02-16T08:43:42Z,Mobile,Social
S08661,U01263,2026-01-31T21:20:38Z,Mobile,Organic
S08662,U04533,2026-03-06T04:30:23Z,Desktop,Organic
S08663,U01831,2026-02-05T01:38:54Z,Mobile,Paid Search
S08664,U02069,2026-02-19T05:59:25Z,Mobile,Social
S08665,U01745,2026-02-19T01:30:36Z,Tablet,Paid Search
S08666,U06709,2026-03-17T10:10:00Z,Mobile,Organic
S08667,U03103,2026-01-29T11:05:36Z,Desktop,Organic
S08668,U05501,2026-02-15T19:12:42Z,Mobile,Social
S08669,U04156,2026-02-28T07:58:20Z,Mobile,Social
S08670,U00684,2026-03-31T03:02:54Z,Desktop,Paid Search
S08671,U05403,2026-03-15T05:13:10Z,Mobile,Email
S08672,U06641,2026-01-22T21:49:45Z,Mobile,Organic
S08673,U00218,2026-03-04T09:31:46Z,Desktop,Organic
S08674,U03595,2026-03-19T06:24:55Z,Desktop,Paid Search
S08675,U01823,2026-01-19T21:51:43Z,Desktop,Paid Search
S08676,U04367,2026-01-21T08:24:55Z,Mobile,Social
S08677,U07095,2026-02-17T16:17:20Z,Desktop,Social
S08678,U00878,2026-01-30T21:38:07Z,Mobile,Email
S08679,U07516,2026-02-19T12:00:40Z,Mobile,Organic
S08680,U06876,2026-03-30T22:24:19Z,Mobile,Email
S08681,U05344,2026-03-03T03:24:29Z,Mobile,Paid Search
S08682,U05180,2026-01-29T08:27:28Z,Mobile,Organic
S08683,U03614,2026-02-01T09:28:48Z,Mobile,Social
S08684,U01434,2026-02-28T08:19:11Z,Tablet,Paid Search
S08685,U06548,2026-03-22T15:39:33Z,Desktop,Organic
S08686,U03938,2026-03-13T15:04:02Z,Mobile,Organic
S08687,U01871,2026-02-06T19:48:14Z,Tablet,Paid Search
S08688,U03517,2026-03-20T18:33:16Z,Desktop,Organic
S08689,U07878,2026-03-21T20:43:39Z,Desktop,Paid Search
S08690,U01560,2026-03-14T08:54:49Z,Mobile,Paid Search
S08691,U01029,2026-03-06T14:25:45Z,Mobile,Social
S08692,U01652,2026-01-02T14:25:47Z,Desktop,Social
S08693,U04572,2026-02-20T22:10:39Z,Mobile,Organic
S08694,U03157,2026-01-15T02:41:26Z,Mobile,Email
S08695,U03403,2026-02-12T22:01:46Z,Desktop,Organic
S08696,U00154,2026-03-18T17:11:58Z,Mobile,Paid Search
S08697,U07036,2026-03-09T18:20:55Z,Desktop,Paid Search
S08698,U02191,2026-01-25T20:30:20Z,Mobile,Social
S08699,U04919,2026-01-28T20:28:06Z,Mobile,Paid Search
S08700,U01322,2026-01-02T11:19:27Z,Desktop,Social
S08701,U06889,2026-01-03T22:37:40Z,Desktop,Organic
S08702,U06698,2026-03-10T06:14:28Z,Mobile,Social
S08703,U04912,2026-01-01T15:06:31Z,Tablet,Social
S08704,U01266,2026-03-03T00:57:06Z,Mobile,Social
S08705,U06751,2026-02-28T14:45:33Z,Desktop,Paid Search
S08706,U01953,2026-01-18T07:49:02Z,Mobile,Social
S08707,U06646,2026-01-23T12:36:01Z,Mobile,Email
S08708,U07433,2026-02-28T13:33:36Z,Mobile,Social
S08709,U07747,2026-01-11T18:02:35Z,Desktop,Social
S08710,U03263,2026-01-28T15:06:59Z,Mobile,Email
S08711,U01640,2026-02-19T08:08:13Z,Desktop,Email
S08712,U04348,2026-03-26T11:30:34Z,Mobile,Paid Search
S08713,U04206,2026-02-26T01:11:19Z,Mobile,Organic
S08714,U01902,2026-01-17T06:18:35Z,Tablet,Organic
S08715,U05379,2026-01-18T07:48:13Z,Mobile,Social
S08716,U00997,2026-01-17T05:14:56Z,Mobile,Organic
S08717,U06738,2026-01-19T07:00:05Z,Desktop,Paid Search
S08718,U00885,2026-02-27T15:20:05Z,Mobile,Social
S08719,U01022,2026-01-16T17:41:37Z,Mobile,Organic
S08720,U03566,2026-01-26T20:38:51Z,Mobile,Social
S08721,U06804,2026-03-08T00:22:43Z,Desktop,Organic
S08722,U03649,2026-03-13T12:34:52Z,Mobile,Paid Search
S08723,U07838,2026-02-24T15:32:51Z,Mobile,Organic
S08724,U02671,2026-03-29T13:40:39Z,Desktop,Email
S08725,U07534,2026-02-24T10:59:58Z,Desktop,Paid Search
S08726,U03876,2026-03-23T01:27:41Z,Mobile,Email
S08727,U02276,2026-02-28T10:49:43Z,Mobile,Email
S08728,U02568,2026-03-11T06:40:22Z,Mobile,Organic
S08729,U07374,2026-03-26T14:04:03Z,Mobile,Paid Search
S08730,U05533,2026-03-28T19:00:50Z,Mobile,Paid Search
S08731,U01298,2026-02-23T13:21:02Z,Mobile,Social
S08732,U03724,2026-02-13T17:18:14Z,Mobile,Social
S08733,U00316,2026-01-07T05:16:48Z,Desktop,Organic
S08734,U02953,2026-03-23T03:21:07Z,Mobile,Organic
S08735,U07011,2026-01-24T08:57:40Z,Mobile,Organic
S08736,U04565,2026-01-02T15:37:45Z,Desktop,Paid Search
S08737,U05784,2026-02-19T16:22:57Z,Desktop,Paid Search
S08738,U00270,2026-01-18T23:10:11Z,Desktop,Social
S08739,U02616,2026-02-21T12:40:21Z,Mobile,Email
S08740,U02233,2026-02-02T17:20:48Z,Desktop,Paid Search
S08741,U00052,2026-03-09T17:56:31Z,Desktop,Social
S08742,U06601,2026-02-14T02:02:20Z,Mobile,Paid Search
S08743,U01526,2026-03-27T07:32:06Z,Mobile,Social
S08744,U03524,2026-03-24T07:02:55Z,Tablet,Social
S08745,U01945,2026-03-22T18:08:06Z,Mobile,Organic
S08746,U06837,2026-02-23T19:33:16Z,Mobile,Organic
S08747,U05276,2026-02-27T22:04:21Z,Mobile,Social
S08748,U02282,2026-03-17T08:36:33Z,Desktop,Paid Search
S08749,U05332,2026-02-04T22:19:37Z,Desktop,Organic
S08750,U07223,2026-01-24T20:22:04Z,Mobile,Social
S08751,U05188,2026-01-14T22:34:20Z,Desktop,Social
S08752,U03555,2026-01-06T18:58:53Z,Desktop,Paid Search
S08753,U06193,2026-02-04T00:28:50Z,Mobile,Organic
S08754,U07094,2026-03-14T07:56:43Z,Mobile,Email
S08755,U01548,2026-01-23T19:26:44Z,Mobile,Social
S08756,U02240,2026-03-07T03:28:14Z,Mobile,Paid Search
S08757,U02686,2026-01-21T23:08:18Z,Mobile,Paid Search
S08758,U05338,2026-03-20T03:58:47Z,Mobile,Paid Search
S08759,U04679,2026-03-22T17:43:15Z,Desktop,Paid Search
S08760,U04446,2026-03-20T01:03:45Z,Mobile,Social
S08761,U03219,2026-01-13T05:04:01Z,Mobile,Social
S08762,U07309,2026-01-22T05:23:04Z,Mobile,Paid Search
S08763,U00270,2026-03-04T12:43:14Z,Desktop,Social
S08764,U04663,2026-01-03T00:41:15Z,Mobile,Organic
S08765,U03453,2026-03-21T16:13:46Z,Desktop,Social
S08766,U00236,2026-03-25T11:17:49Z,Desktop,Paid Search
S08767,U03377,2026-01-19T11:18:05Z,Mobile,Organic
S08768,U03457,2026-02-14T02:20:21Z,Mobile,Paid Search
S08769,U03130,2026-01-18T18:16:25Z,Desktop,Organic
S08770,U07547,2026-02-05T06:31:07Z,Desktop,Social
S08771,U04272,2026-02-07T18:10:22Z,Mobile,Paid Search
S08772,U03082,2026-03-11T00:47:47Z,Desktop,Organic
S08773,U07639,2026-01-05T01:32:59Z,Desktop,Paid Search
S08774,U01019,2026-01-18T22:13:30Z,Mobile,Organic
S08775,U04114,2026-03-20T01:28:51Z,Tablet,Organic
S08776,U07836,2026-03-06T10:36:25Z,Mobile,Email
S08777,U01724,2026-01-22T13:39:21Z,Desktop,Social
S08778,U04196,2026-02-08T21:18:14Z,Mobile,Organic
S08779,U04458,2026-01-17T03:56:58Z,Tablet,Social
S08780,U00997,2026-01-21T04:52:34Z,Mobile,Paid Search
S08781,U02970,2026-02-09T06:44:35Z,Desktop,Organic
S08782,U03704,2026-02-09T17:35:25Z,Desktop,Paid Search
S08783,U07710,2026-03-29T20:48:27Z,Desktop,Social
S08784,U04214,2026-02-09T08:54:06Z,Desktop,Organic
S08785,U04276,2026-03-27T20:31:24Z,Mobile,Paid Search
S08786,U04686,2026-02-04T07:20:59Z,Mobile,Paid Search
S08787,U01464,2026-02-03T19:12:20Z,Mobile,Social
S08788,U04368,2026-03-16T06:04:30Z,Mobile,Social
S08789,U06667,2026-03-11T07:10:34Z,Mobile,Paid Search
S08790,U00283,2026-01-03T03:11:48Z,Desktop,Paid Search
S08791,U00858,2026-03-01T08:48:27Z,Tablet,Email
S08792,U00263,2026-03-01T13:21:16Z,Desktop,Paid Search
S08793,U01912,2026-03-26T12:10:08Z,Mobile,Social
S08794,U07008,2026-02-28T16:12:05Z,Mobile,Social
S08795,U04838,2026-02-24T03:25:18Z,Desktop,Paid Search
S08796,U04642,2026-01-23T04:12:22Z,Mobile,Paid Search
S08797,U02249,2026-01-07T00:54:26Z,Desktop,Social
S08798,U03836,2026-02-04T15:01:33Z,Desktop,Paid Search
S08799,U00298,2026-02-22T04:32:19Z,Mobile,Paid Search
S08800,U07623,2026-01-12T00:44:25Z,Desktop,Organic
S08801,U03578,2026-03-02T08:24:26Z,Mobile,Email
S08802,U02715,2026-03-02T04:11:51Z,Desktop,Email
S08803,U05400,2026-02-19T18:04:39Z,Tablet,Email
S08804,U03974,2026-03-31T08:22:34Z,Desktop,Organic
S08805,U05686,2026-01-04T14:30:07Z,Desktop,Organic
S08806,U00249,2026-03-31T13:06:05Z,Mobile,Email
S08807,U04283,2026-03-09T06:37:00Z,Tablet,Social
S08808,U00001,2026-02-25T03:25:16Z,Mobile,Organic
S08809,U00465,2026-01-04T16:33:04Z,Mobile,Social
S08810,U05882,2026-01-12T06:02:48Z,Mobile,Social
S08811,U02047,2026-02-18T08:13:12Z,Mobile,Organic
S08812,U06776,2026-03-11T04:07:55Z,Desktop,Paid Search
S08813,U04409,2026-01-05T18:51:52Z,Mobile,Organic
S08814,U01855,2026-01-02T16:34:49Z,Mobile,Social
S08815,U02481,2026-02-22T02:19:22Z,Mobile,Social
S08816,U07295,2026-02-27T12:45:45Z,Desktop,Organic
S08817,U06950,2026-02-24T20:20:29Z,Desktop,Paid Search
S08818,U04288,2026-03-02T11:37:05Z,Mobile,Organic
S08819,U02061,2026-03-19T18:02:37Z,Mobile,Organic
S08820,U07583,2026-02-22T15:11:07Z,Mobile,Social
S08821,U01387,2026-01-21T13:07:57Z,Mobile,Social
S08822,U01133,2026-01-25T05:25:29Z,Mobile,Social
S08823,U04756,2026-01-10T04:57:52Z,Mobile,Email
S08824,U07257,2026-02-10T01:19:09Z,Mobile,Organic
S08825,U02132,2026-01-16T16:05:13Z,Desktop,Social
S08826,U06703,2026-03-07T07:22:38Z,Mobile,Paid Search
S08827,U07268,2026-02-24T16:26:11Z,Mobile,Social
S08828,U01172,2026-03-24T20:17:26Z,Desktop,Paid Search
S08829,U06021,2026-03-30T16:48:50Z,Mobile,Email
S08830,U05567,2026-03-12T06:23:36Z,Mobile,Paid Search
S08831,U00456,2026-03-03T21:58:49Z,Desktop,Social
S08832,U02032,2026-02-20T10:34:47Z,Mobile,Paid Search
S08833,U06978,2026-02-19T06:56:45Z,Desktop,Paid Search
S08834,U02997,2026-01-25T03:32:11Z,Mobile,Social
S08835,U00905,2026-01-29T04:21:52Z,Mobile,Email
S08836,U01521,2026-02-17T14:03:40Z,Mobile,Paid Search
S08837,U03528,2026-01-19T22:40:20Z,Desktop,Social
S08838,U01092,2026-02-19T16:05:38Z,Tablet,Organic
S08839,U04956,2026-01-06T03:57:29Z,Mobile,Paid Search
S08840,U02611,2026-01-03T19:41:12Z,Desktop,Paid Search
S08841,U02941,2026-01-21T17:50:55Z,Mobile,Organic
S08842,U05196,2026-01-21T17:57:51Z,Mobile,Organic
S08843,U01957,2026-01-27T15:29:51Z,Mobile,Email
S08844,U04149,2026-01-21T06:13:02Z,Mobile,Organic
S08845,U05104,2026-03-24T21:10:11Z,Desktop,Paid Search
S08846,U03890,2026-01-11T03:48:06Z,Desktop,Organic
S08847,U03602,2026-03-18T14:44:33Z,Mobile,Organic
S08848,U03287,2026-03-18T15:57:32Z,Mobile,Paid Search
S08849,U05440,2026-01-09T15:47:07Z,Desktop,Organic
S08850,U07462,2026-01-07T16:12:31Z,Mobile,Organic
S08851,U06333,2026-03-27T05:07:07Z,Mobile,Paid Search
S08852,U03758,2026-01-03T22:05:25Z,Desktop,Social
S08853,U02121,2026-02-02T20:39:37Z,Desktop,Paid Search
S08854,U02655,2026-01-12T16:17:35Z,Mobile,Organic
S08855,U01038,2026-03-25T04:06:43Z,Mobile,Paid Search
S08856,U00872,2026-03-07T17:20:16Z,Desktop,Paid Search
S08857,U05657,2026-03-06T16:36:39Z,Mobile,Email
S08858,U07829,2026-03-19T04:34:14Z,Desktop,Email
S08859,U05883,2026-01-19T13:00:50Z,Mobile,Organic
S08860,U05933,2026-03-29T20:29:24Z,Mobile,Paid Search
S08861,U00661,2026-02-23T09:40:59Z,Mobile,Organic
S08862,U05998,2026-01-18T14:13:47Z,Mobile,Organic
S08863,U07468,2026-01-20T17:26:50Z,Mobile,Paid Search
S08864,U05133,2026-03-13T07:44:57Z,Tablet,Paid Search
S08865,U01327,2026-01-21T15:20:54Z,Desktop,Social
S08866,U01090,2026-02-26T07:42:29Z,Mobile,Organic
S08867,U02194,2026-02-13T04:58:49Z,Mobile,Paid Search
S08868,U03327,2026-02-28T02:38:10Z,Desktop,Social
S08869,U02520,2026-02-03T17:30:22Z,Mobile,Social
S08870,U00653,2026-02-19T09:08:11Z,Tablet,Organic
S08871,U01176,2026-01-06T05:35:16Z,Desktop,Social
S08872,U02134,2026-01-01T21:52:53Z,Mobile,Organic
S08873,U03516,2026-01-02T14:38:44Z,Mobile,Organic
S08874,U06864,2026-02-16T00:02:46Z,Tablet,Paid Search
S08875,U06048,2026-01-30T17:17:16Z,Mobile,Organic
S08876,U03436,2026-02-07T07:37:47Z,Mobile,Organic
S08877,U02321,2026-02-05T14:09:57Z,Desktop,Email
S08878,U02752,2026-02-18T18:48:41Z,Mobile,Paid Search
S08879,U01182,2026-03-09T17:35:49Z,Desktop,Organic
S08880,U00340,2026-01-09T01:34:06Z,Desktop,Paid Search
S08881,U04299,2026-02-22T16:23:26Z,Desktop,Organic
S08882,U06852,2026-01-13T11:30:26Z,Desktop,Social
S08883,U05129,2026-03-04T15:06:05Z,Mobile,Paid Search
S08884,U00506,2026-02-09T06:03:01Z,Desktop,Social
S08885,U00650,2026-01-26T14:35:02Z,Mobile,Social
S08886,U01131,2026-02-24T01:49:53Z,Mobile,Organic
S08887,U03441,2026-02-24T17:56:54Z,Desktop,Paid Search
S08888,U00533,2026-01-13T16:52:40Z,Desktop,Email
S08889,U03189,2026-03-08T01:32:47Z,Mobile,Social
S08890,U05382,2026-02-18T03:45:45Z,Mobile,Paid Search
S08891,U05571,2026-01-15T02:48:05Z,Desktop,Organic
S08892,U01423,2026-03-03T10:01:19Z,Tablet,Organic
S08893,U02188,2026-03-02T15:36:25Z,Mobile,Social
S08894,U01864,2026-03-10T14:05:30Z,Mobile,Social
S08895,U07504,2026-01-07T09:14:45Z,Mobile,Organic
S08896,U03946,2026-01-30T11:33:24Z,Desktop,Organic
S08897,U05956,2026-03-17T07:56:00Z,Desktop,Paid Search
S08898,U03396,2026-01-18T10:29:33Z,Mobile,Social
S08899,U03379,2026-01-06T15:30:00Z,Mobile,Organic
S08900,U04490,2026-01-06T22:20:01Z,Mobile,Organic
S08901,U01268,2026-03-23T04:47:32Z,Mobile,Paid Search
S08902,U05902,2026-01-12T12:12:25Z,Mobile,Social
S08903,U07516,2026-01-12T09:56:17Z,Mobile,Organic
S08904,U04186,2026-02-22T10:34:01Z,Desktop,Paid Search
S08905,U05764,2026-03-30T11:39:44Z,Mobile,Organic
S08906,U03150,2026-03-06T13:26:07Z,Desktop,Social
S08907,U00865,2026-03-04T05:17:20Z,Desktop,Paid Search
S08908,U02602,2026-02-23T15:24:36Z,Mobile,Organic
S08909,U06732,2026-03-14T23:02:32Z,Desktop,Paid Search
S08910,U04007,2026-01-24T14:59:55Z,Mobile,Social
S08911,U07852,2026-01-18T19:04:13Z,Desktop,Organic
S08912,U00356,2026-01-05T19:42:15Z,Mobile,Organic
S08913,U04632,2026-03-18T14:57:50Z,Mobile,Social
S08914,U02657,2026-03-23T15:47:17Z,Mobile,Paid Search
S08915,U05201,2026-01-02T00:15:45Z,Mobile,Organic
S08916,U00074,2026-03-29T05:24:00Z,Mobile,Organic
S08917,U03824,2026-02-19T01:19:29Z,Mobile,Social
S08918,U06441,2026-02-11T16:17:01Z,Desktop,Paid Search
S08919,U05602,2026-02-19T05:02:01Z,Tablet,Organic
S08920,U03741,2026-03-20T02:17:31Z,Desktop,Social
S08921,U05951,2026-03-31T00:15:01Z,Mobile,Organic
S08922,U03082,2026-03-18T22:32:14Z,Desktop,Organic
S08923,U05689,2026-02-19T14:46:30Z,Desktop,Organic
S08924,U02264,2026-01-31T08:15:40Z,Mobile,Email
S08925,U00044,2026-03-12T20:12:18Z,Desktop,Paid Search
S08926,U03555,2026-03-25T05:40:55Z,Desktop,Paid Search
S08927,U04698,2026-01-26T09:24:06Z,Mobile,Organic
S08928,U06691,2026-01-07T08:29:31Z,Desktop,Email
S08929,U02002,2026-03-24T11:12:57Z,Desktop,Email
S08930,U07847,2026-01-08T15:38:31Z,Mobile,Social
S08931,U03079,2026-03-30T06:42:07Z,Mobile,Social
S08932,U07957,2026-03-25T08:27:48Z,Mobile,Social
S08933,U01733,2026-02-15T01:47:33Z,Mobile,Social
S08934,U02261,2026-01-08T14:42:40Z,Mobile,Paid Search
S08935,U06247,2026-03-13T06:25:27Z,Mobile,Organic
S08936,U06615,2026-02-01T22:44:30Z,Mobile,Organic
S08937,U06501,2026-02-24T17:51:54Z,Mobile,Social
S08938,U06492,2026-01-14T12:27:28Z,Mobile,Social
S08939,U07254,2026-03-22T05:47:19Z,Desktop,Social
S08940,U05080,2026-03-05T01:26:09Z,Mobile,Social
S08941,U04263,2026-03-22T20:41:52Z,Mobile,Social
S08942,U01153,2026-02-24T07:04:52Z,Mobile,Organic
S08943,U07770,2026-02-18T16:21:29Z,Mobile,Organic
S08944,U01120,2026-01-05T22:07:00Z,Mobile,Email
S08945,U00897,2026-02-16T02:28:22Z,Mobile,Email
S08946,U07564,2026-02-08T09:38:27Z,Mobile,Organic
S08947,U00841,2026-01-08T08:54:52Z,Mobile,Social
S08948,U02480,2026-03-21T06:40:22Z,Tablet,Organic
S08949,U05224,2026-03-04T18:30:17Z,Desktop,Email
S08950,U07030,2026-01-16T22:51:11Z,Mobile,Social
S08951,U06019,2026-01-04T21:06:06Z,Mobile,Email
S08952,U03819,2026-03-10T09:37:14Z,Desktop,Social
S08953,U02603,2026-02-06T09:25:46Z,Desktop,Organic
S08954,U03420,2026-03-27T05:53:24Z,Mobile,Social
S08955,U02496,2026-01-05T08:04:25Z,Mobile,Social
S08956,U01537,2026-03-21T21:17:12Z,Mobile,Social
S08957,U03116,2026-01-21T23:19:12Z,Mobile,Paid Search
S08958,U02809,2026-03-28T14:43:50Z,Mobile,Organic
S08959,U04830,2026-02-14T19:42:49Z,Mobile,Email
S08960,U05604,2026-01-08T08:00:00Z,Desktop,Paid Search
S08961,U07939,2026-02-05T22:27:26Z,Mobile,Social
S08962,U00576,2026-01-14T04:30:10Z,Desktop,Social
S08963,U07368,2026-01-27T05:16:30Z,Desktop,Email
S08964,U06478,2026-02-23T05:04:30Z,Mobile,Organic
S08965,U05426,2026-01-13T23:16:42Z,Mobile,Social
S08966,U06611,2026-01-28T03:25:49Z,Mobile,Organic
S08967,U04411,2026-02-06T22:14:07Z,Mobile,Social
S08968,U07148,2026-03-08T10:37:15Z,Mobile,Social
S08969,U03352,2026-03-13T01:55:56Z,Mobile,Email
S08970,U07796,2026-01-10T11:27:09Z,Desktop,Paid Search
S08971,U01974,2026-01-20T05:18:56Z,Desktop,Organic
S08972,U02864,2026-01-27T14:00:59Z,Mobile,Paid Search
S08973,U02972,2026-02-16T20:30:05Z,Desktop,Organic
S08974,U03796,2026-01-07T17:01:18Z,Desktop,Organic
S08975,U01528,2026-03-03T06:01:49Z,Mobile,Organic
S08976,U00306,2026-01-05T17:43:37Z,Mobile,Organic
S08977,U04200,2026-01-17T05:18:21Z,Mobile,Social
S08978,U02878,2026-03-06T17:36:07Z,Mobile,Organic
S08979,U05537,2026-03-30T14:43:07Z,Mobile,Email
S08980,U03896,2026-01-25T16:06:08Z,Mobile,Paid Search
S08981,U01004,2026-03-13T01:25:31Z,Mobile,Paid Search
S08982,U06767,2026-03-15T09:08:00Z,Desktop,Social
S08983,U05012,2026-01-26T23:17:45Z,Desktop,Email
S08984,U01154,2026-01-29T11:08:38Z,Mobile,Organic
S08985,U06510,2026-02-09T02:39:59Z,Mobile,Social
S08986,U01864,2026-03-14T20:36:53Z,Mobile,Paid Search
S08987,U04802,2026-03-09T19:04:44Z,Desktop,Social
S08988,U02396,2026-01-22T00:43:03Z,Mobile,Paid Search
S08989,U02908,2026-01-09T17:19:25Z,Desktop,Email
S08990,U01495,2026-02-12T08:22:45Z,Desktop,Organic
S08991,U07382,2026-02-14T11:42:24Z,Mobile,Organic
S08992,U07890,2026-03-02T14:54:49Z,Mobile,Organic
S08993,U05276,2026-02-01T04:51:04Z,Desktop,Organic
S08994,U07104,2026-03-22T14:42:56Z,Mobile,Organic
S08995,U07863,2026-03-09T15:37:29Z,Mobile,Organic
S08996,U07467,2026-03-29T04:09:23Z,Desktop,Paid Search
S08997,U07789,2026-01-06T21:29:46Z,Mobile,Email
S08998,U02830,2026-03-28T14:11:32Z,Desktop,Paid Search
S08999,U01643,2026-02-05T05:56:52Z,Mobile,Paid Search
S09000,U05960,2026-02-27T09:12:27Z,Mobile,Social
S09001,U07360,2026-02-18T10:47:41Z,Mobile,Organic
S09002,U03699,2026-02-28T19:58:13Z,Desktop,Organic
S09003,U01070,2026-02-10T18:39:17Z,Desktop,Paid Search
S09004,U03410,2026-01-16T18:59:50Z,Desktop,Social
S09005,U07366,2026-01-31T08:37:29Z,Desktop,Paid Search
S09006,U01152,2026-01-23T21:08:54Z,Mobile,Organic
S09007,U06055,2026-03-29T11:10:10Z,Desktop,Social
S09008,U03008,2026-01-12T07:07:17Z,Mobile,Organic
S09009,U05297,2026-03-23T00:44:00Z,Tablet,Email
S09010,U06770,2026-01-05T20:09:11Z,Mobile,Social
S09011,U01918,2026-01-27T01:58:00Z,Mobile,Social
S09012,U06385,2026-02-22T09:28:17Z,Mobile,Paid Search
S09013,U06599,2026-01-13T05:20:02Z,Desktop,Paid Search
S09014,U00962,2026-01-16T06:02:27Z,Mobile,Social
S09015,U05562,2026-01-07T19:38:13Z,Desktop,Paid Search
S09016,U00716,2026-02-17T14:39:40Z,Mobile,Social
S09017,U04169,2026-01-13T12:43:57Z,Mobile,Organic
S09018,U00591,2026-02-06T02:00:49Z,Mobile,Social
S09019,U04829,2026-01-13T06:08:35Z,Desktop,Email
S09020,U07584,2026-01-11T17:23:02Z,Desktop,Paid Search
S09021,U02774,2026-01-21T17:17:55Z,Mobile,Social
S09022,U03348,2026-01-20T02:27:35Z,Desktop,Social
S09023,U00383,2026-01-16T04:26:32Z,Desktop,Social
S09024,U01526,2026-02-19T10:18:28Z,Mobile,Email
S09025,U06414,2026-03-18T11:11:13Z,Desktop,Organic
S09026,U06026,2026-01-31T06:39:51Z,Desktop,Organic
S09027,U04516,2026-02-18T16:03:28Z,Mobile,Organic
S09028,U06637,2026-02-15T02:24:57Z,Mobile,Organic
S09029,U06226,2026-01-12T05:43:07Z,Mobile,Paid Search
S09030,U07054,2026-01-18T09:36:55Z,Mobile,Paid Search
S09031,U07163,2026-01-27T00:28:41Z,Desktop,Paid Search
S09032,U05493,2026-01-09T04:45:05Z,Mobile,Organic
S09033,U04682,2026-01-16T01:46:00Z,Desktop,Organic
S09034,U05771,2026-02-19T17:10:16Z,Mobile,Paid Search
S09035,U03570,2026-01-25T10:20:48Z,Mobile,Organic
S09036,U01929,2026-03-18T07:49:58Z,Desktop,Organic
S09037,U04274,2026-02-26T03:54:12Z,Mobile,Paid Search
S09038,U07701,2026-03-17T14:04:05Z,Mobile,Social
S09039,U01613,2026-03-18T22:19:04Z,Mobile,Paid Search
S09040,U01227,2026-02-19T07:21:43Z,Mobile,Organic
S09041,U07460,2026-03-07T04:54:56Z,Mobile,Organic
S09042,U04275,2026-01-27T19:38:56Z,Mobile,Organic
S09043,U01498,2026-02-26T08:40:52Z,Desktop,Social
S09044,U05777,2026-03-16T22:24:59Z,Tablet,Paid Search
S09045,U03177,2026-01-30T22:22:33Z,Mobile,Organic
S09046,U05279,2026-01-14T19:38:28Z,Desktop,Paid Search
S09047,U02369,2026-02-02T01:21:22Z,Mobile,Social
S09048,U07671,2026-02-05T14:21:46Z,Desktop,Email
S09049,U04872,2026-02-25T16:47:40Z,Mobile,Paid Search
S09050,U01092,2026-03-30T10:26:32Z,Desktop,Social
S09051,U05917,2026-03-22T17:57:13Z,Mobile,Email
S09052,U06649,2026-02-17T17:19:00Z,Mobile,Social
S09053,U04300,2026-03-30T08:31:54Z,Mobile,Paid Search
S09054,U01808,2026-03-18T01:54:01Z,Mobile,Paid Search
S09055,U03384,2026-01-23T01:09:28Z,Mobile,Paid Search
S09056,U07923,2026-01-10T02:31:30Z,Mobile,Paid Search
S09057,U01464,2026-01-08T16:11:15Z,Mobile,Paid Search
S09058,U02282,2026-01-20T18:04:59Z,Mobile,Email
S09059,U03716,2026-03-16T15:37:00Z,Mobile,Paid Search
S09060,U06615,2026-02-15T04:50:43Z,Mobile,Organic
S09061,U01005,2026-02-13T16:09:58Z,Mobile,Social
S09062,U00168,2026-02-14T08:52:38Z,Mobile,Social
S09063,U05880,2026-01-02T17:18:32Z,Desktop,Paid Search
S09064,U02054,2026-01-23T10:24:48Z,Mobile,Paid Search
S09065,U05647,2026-02-20T07:19:47Z,Mobile,Email
S09066,U06634,2026-01-16T19:51:40Z,Mobile,Social
S09067,U07712,2026-02-13T09:28:59Z,Mobile,Paid Search
S09068,U00454,2026-03-30T02:49:56Z,Mobile,Paid Search
S09069,U04528,2026-03-06T09:34:14Z,Desktop,Social
S09070,U07875,2026-03-01T00:14:14Z,Mobile,Paid Search
S09071,U03780,2026-03-14T07:13:39Z,Desktop,Paid Search
S09072,U05042,2026-02-11T03:42:31Z,Mobile,Organic
S09073,U05043,2026-03-14T08:53:44Z,Desktop,Paid Search
S09074,U05477,2026-01-27T16:13:46Z,Desktop,Paid Search
S09075,U05018,2026-01-08T11:52:48Z,Desktop,Paid Search
S09076,U02320,2026-03-19T12:21:44Z,Mobile,Paid Search
S09077,U00548,2026-03-10T00:26:20Z,Mobile,Paid Search
S09078,U01499,2026-02-21T10:57:34Z,Mobile,Email
S09079,U07935,2026-02-07T05:06:59Z,Mobile,Paid Search
S09080,U07403,2026-03-20T03:57:34Z,Desktop,Paid Search
S09081,U04936,2026-01-26T23:08:24Z,Desktop,Paid Search
S09082,U06882,2026-02-02T16:19:32Z,Desktop,Organic
S09083,U00804,2026-01-02T09:50:36Z,Mobile,Paid Search
S09084,U03730,2026-03-18T20:34:22Z,Mobile,Social
S09085,U07090,2026-01-09T08:18:13Z,Tablet,Organic
S09086,U02042,2026-03-08T10:16:42Z,Mobile,Paid Search
S09087,U06111,2026-03-06T18:30:04Z,Mobile,Paid Search
S09088,U00654,2026-01-04T17:11:40Z,Mobile,Social
S09089,U03368,2026-03-05T05:48:22Z,Desktop,Organic
S09090,U05948,2026-03-23T09:18:59Z,Mobile,Social
S09091,U01636,2026-01-10T22:47:16Z,Mobile,Email
S09092,U06299,2026-03-23T07:43:27Z,Mobile,Paid Search
S09093,U07118,2026-01-30T09:50:26Z,Mobile,Paid Search
S09094,U06989,2026-03-27T06:08:04Z,Mobile,Social
S09095,U04701,2026-01-29T22:23:09Z,Mobile,Organic
S09096,U03940,2026-03-12T01:04:02Z,Desktop,Email
S09097,U01322,2026-02-27T08:32:47Z,Mobile,Social
S09098,U07791,2026-02-22T07:15:59Z,Desktop,Email
S09099,U00777,2026-02-13T19:08:01Z,Mobile,Paid Search
S09100,U04385,2026-01-02T06:50:39Z,Mobile,Email
S09101,U03236,2026-01-26T22:56:42Z,Mobile,Paid Search
S09102,U02794,2026-03-19T19:58:28Z,Mobile,Organic
S09103,U02499,2026-03-21T03:04:10Z,Mobile,Social
S09104,U01471,2026-02-21T13:27:09Z,Desktop,Organic
S09105,U01114,2026-02-14T05:55:25Z,Mobile,Organic
S09106,U03809,2026-03-24T10:31:26Z,Mobile,Social
S09107,U02426,2026-01-02T09:31:29Z,Mobile,Email
S09108,U00181,2026-03-20T08:37:50Z,Mobile,Organic
S09109,U01853,2026-02-26T11:45:41Z,Mobile,Social
S09110,U01032,2026-03-26T13:39:12Z,Mobile,Organic
S09111,U05751,2026-01-28T22:56:59Z,Mobile,Organic
S09112,U04268,2026-03-02T18:58:09Z,Desktop,Organic
S09113,U01573,2026-01-23T16:38:28Z,Mobile,Paid Search
S09114,U03819,2026-01-02T04:20:42Z,Mobile,Organic
S09115,U03426,2026-02-14T01:10:44Z,Mobile,Organic
S09116,U03502,2026-03-30T18:45:18Z,Mobile,Paid Search
S09117,U00213,2026-03-19T15:11:36Z,Mobile,Organic
S09118,U02775,2026-02-28T02:05:44Z,Desktop,Paid Search
S09119,U00310,2026-02-12T10:48:21Z,Desktop,Organic
S09120,U07511,2026-01-02T07:10:43Z,Desktop,Organic
S09121,U06455,2026-01-27T00:59:07Z,Mobile,Organic
S09122,U02498,2026-01-08T20:02:20Z,Mobile,Social
S09123,U05149,2026-03-19T17:42:05Z,Mobile,Paid Search
S09124,U05767,2026-02-13T10:15:17Z,Mobile,Email
S09125,U01949,2026-02-15T11:50:49Z,Desktop,Paid Search
S09126,U02822,2026-03-09T08:20:33Z,Mobile,Paid Search
S09127,U02035,2026-03-02T23:18:04Z,Desktop,Social
S09128,U01121,2026-03-30T00:05:45Z,Mobile,Social
S09129,U07313,2026-01-16T05:15:39Z,Mobile,Social
S09130,U04978,2026-03-30T05:01:27Z,Mobile,Email
S09131,U01139,2026-03-28T15:47:42Z,Mobile,Paid Search
S09132,U03883,2026-02-19T21:14:20Z,Desktop,Social
S09133,U05242,2026-01-18T08:49:09Z,Mobile,Organic
S09134,U05838,2026-02-07T05:17:36Z,Mobile,Paid Search
S09135,U05896,2026-03-26T17:09:35Z,Mobile,Organic
S09136,U07913,2026-02-04T08:08:08Z,Mobile,Organic
S09137,U07805,2026-01-24T07:43:02Z,Mobile,Organic
S09138,U04698,2026-01-12T21:09:52Z,Tablet,Paid Search
S09139,U01073,2026-01-14T17:16:39Z,Mobile,Organic
S09140,U07284,2026-02-10T23:13:53Z,Mobile,Social
S09141,U01312,2026-01-23T07:17:59Z,Mobile,Paid Search
S09142,U03863,2026-01-09T14:16:34Z,Desktop,Organic
S09143,U01835,2026-03-18T08:28:42Z,Desktop,Organic
S09144,U06598,2026-03-26T15:33:36Z,Desktop,Paid Search
S09145,U04833,2026-02-24T19:12:45Z,Mobile,Paid Search
S09146,U07865,2026-01-10T01:25:10Z,Desktop,Paid Search
S09147,U00188,2026-03-04T09:26:43Z,Mobile,Paid Search
S09148,U03963,2026-03-13T03:07:30Z,Desktop,Paid Search
S09149,U06522,2026-03-03T10:35:25Z,Desktop,Email
S09150,U03032,2026-03-02T22:18:00Z,Mobile,Organic
S09151,U00411,2026-02-21T05:29:43Z,Desktop,Social
S09152,U02995,2026-03-19T08:49:49Z,Mobile,Paid Search
S09153,U07702,2026-02-13T06:18:21Z,Tablet,Social
S09154,U02162,2026-03-18T13:02:19Z,Desktop,Organic
S09155,U01670,2026-03-10T17:54:47Z,Mobile,Organic
S09156,U01646,2026-03-16T02:05:19Z,Mobile,Email
S09157,U02454,2026-02-22T08:04:10Z,Desktop,Organic
S09158,U04341,2026-02-09T12:16:49Z,Desktop,Email
S09159,U05260,2026-01-22T20:04:14Z,Mobile,Paid Search
S09160,U01595,2026-02-21T19:33:46Z,Tablet,Social
S09161,U03345,2026-01-03T16:53:53Z,Mobile,Paid Search
S09162,U01100,2026-02-11T01:21:51Z,Mobile,Organic
S09163,U07845,2026-02-20T13:02:45Z,Tablet,Paid Search
S09164,U05679,2026-01-11T07:31:24Z,Mobile,Social
S09165,U04661,2026-02-18T06:07:49Z,Mobile,Social
S09166,U06877,2026-02-24T04:21:28Z,Mobile,Email
S09167,U05911,2026-03-05T18:05:50Z,Desktop,Paid Search
S09168,U05458,2026-02-14T03:05:51Z,Desktop,Paid Search
S09169,U07951,2026-01-12T12:37:54Z,Desktop,Paid Search
S09170,U04548,2026-01-23T22:26:31Z,Desktop,Paid Search
S09171,U03551,2026-02-03T19:59:05Z,Mobile,Social
S09172,U01285,2026-03-01T20:24:12Z,Mobile,Social
S09173,U00667,2026-03-19T16:24:38Z,Mobile,Social
S09174,U01930,2026-01-30T15:12:38Z,Mobile,Organic
S09175,U04354,2026-03-01T15:08:00Z,Mobile,Organic
S09176,U02486,2026-03-16T17:23:33Z,Desktop,Paid Search
S09177,U03099,2026-03-03T15:24:18Z,Desktop,Paid Search
S09178,U04235,2026-02-19T13:52:56Z,Mobile,Organic
S09179,U01582,2026-03-22T10:58:55Z,Mobile,Organic
S09180,U02161,2026-01-25T13:22:45Z,Mobile,Paid Search
S09181,U04524,2026-02-17T17:28:16Z,Desktop,Paid Search
S09182,U02713,2026-01-08T22:21:50Z,Desktop,Social
S09183,U02558,2026-03-09T16:31:13Z,Tablet,Paid Search
S09184,U02345,2026-02-21T18:09:11Z,Desktop,Organic
S09185,U04603,2026-01-13T04:50:02Z,Desktop,Paid Search
S09186,U02811,2026-03-09T07:17:01Z,Mobile,Paid Search
S09187,U07985,2026-03-28T23:06:33Z,Mobile,Social
S09188,U03342,2026-02-11T14:52:29Z,Desktop,Paid Search
S09189,U07119,2026-02-06T03:06:54Z,Desktop,Paid Search
S09190,U00238,2026-02-03T09:34:12Z,Mobile,Paid Search
S09191,U05995,2026-03-05T21:05:33Z,Mobile,Organic
S09192,U02681,2026-02-14T07:09:02Z,Mobile,Organic
S09193,U06287,2026-03-16T06:32:14Z,Mobile,Paid Search
S09194,U05750,2026-03-02T20:42:38Z,Mobile,Social
S09195,U00267,2026-03-20T13:11:50Z,Mobile,Paid Search
S09196,U03343,2026-03-08T11:44:12Z,Desktop,Paid Search
S09197,U04526,2026-01-28T23:18:02Z,Desktop,Paid Search
S09198,U04271,2026-02-18T09:47:31Z,Tablet,Email
S09199,U01200,2026-02-18T11:04:59Z,Mobile,Organic
S09200,U06871,2026-01-07T13:18:55Z,Mobile,Organic
S09201,U05699,2026-03-23T17:20:57Z,Desktop,Paid Search
S09202,U04415,2026-02-27T08:53:40Z,Tablet,Social
S09203,U03260,2026-01-03T15:53:08Z,Desktop,Paid Search
S09204,U07140,2026-01-11T17:09:44Z,Desktop,Paid Search
S09205,U05760,2026-01-08T22:10:28Z,Desktop,Email
S09206,U06025,2026-03-20T08:38:49Z,Desktop,Organic
S09207,U05910,2026-01-31T14:33:19Z,Desktop,Social
S09208,U03905,2026-01-07T02:59:02Z,Desktop,Email
S09209,U00551,2026-01-22T06:28:31Z,Mobile,Organic
S09210,U01835,2026-03-12T20:42:19Z,Mobile,Paid Search
S09211,U02003,2026-01-03T22:04:03Z,Desktop,Paid Search
S09212,U03518,2026-02-01T05:04:25Z,Mobile,Social
S09213,U06714,2026-03-17T15:27:43Z,Tablet,Email
S09214,U01669,2026-02-27T10:05:36Z,Mobile,Paid Search
S09215,U00077,2026-01-23T05:23:34Z,Mobile,Email
S09216,U05978,2026-01-08T23:01:23Z,Desktop,Social
S09217,U06390,2026-01-03T22:43:26Z,Desktop,Email
S09218,U02105,2026-01-28T07:20:55Z,Mobile,Paid Search
S09219,U05584,2026-02-26T12:47:22Z,Desktop,Social
S09220,U04595,2026-01-21T08:46:55Z,Desktop,Social
S09221,U01090,2026-02-18T16:38:21Z,Desktop,Organic
S09222,U07874,2026-01-29T16:24:02Z,Desktop,Social
S09223,U02389,2026-01-14T08:43:53Z,Mobile,Paid Search
S09224,U06967,2026-03-19T00:21:48Z,Desktop,Organic
S09225,U05671,2026-03-13T08:10:19Z,Desktop,Email
S09226,U05018,2026-01-10T18:23:49Z,Mobile,Social
S09227,U00428,2026-03-18T02:16:13Z,Mobile,Social
S09228,U04714,2026-02-19T16:57:26Z,Desktop,Email
S09229,U03127,2026-01-26T10:20:26Z,Mobile,Social
S09230,U04039,2026-02-20T02:21:04Z,Mobile,Social
S09231,U01736,2026-03-02T05:03:00Z,Tablet,Paid Search
S09232,U01222,2026-03-11T19:53:46Z,Desktop,Paid Search
S09233,U04876,2026-03-23T07:13:31Z,Mobile,Paid Search
S09234,U04403,2026-01-27T10:54:23Z,Desktop,Organic
S09235,U00891,2026-01-03T18:34:57Z,Desktop,Social
S09236,U06085,2026-01-26T18:08:46Z,Mobile,Social
S09237,U03740,2026-02-12T14:57:21Z,Mobile,Organic
S09238,U02889,2026-01-22T14:25:04Z,Mobile,Email
S09239,U05326,2026-03-21T19:37:41Z,Desktop,Paid Search
S09240,U00136,2026-01-05T07:04:58Z,Mobile,Organic
S09241,U06766,2026-03-22T15:49:54Z,Desktop,Email
S09242,U02224,2026-03-21T20:18:13Z,Desktop,Organic
S09243,U02876,2026-01-19T16:22:20Z,Mobile,Email
S09244,U05985,2026-01-02T13:09:12Z,Mobile,Email
S09245,U05990,2026-02-12T09:34:05Z,Mobile,Social
S09246,U01222,2026-01-24T09:10:00Z,Desktop,Email
S09247,U07225,2026-03-21T21:09:30Z,Desktop,Paid Search
S09248,U05581,2026-02-11T03:15:46Z,Mobile,Organic
S09249,U03244,2026-02-18T07:41:29Z,Desktop,Organic
S09250,U02482,2026-03-15T17:36:12Z,Mobile,Email
S09251,U07049,2026-03-06T00:22:44Z,Desktop,Paid Search
S09252,U05352,2026-01-05T05:32:14Z,Mobile,Organic
S09253,U03396,2026-03-08T22:42:40Z,Mobile,Organic
S09254,U05416,2026-01-01T21:21:20Z,Mobile,Paid Search
S09255,U05330,2026-02-25T02:34:27Z,Mobile,Organic
S09256,U05884,2026-03-09T19:26:17Z,Desktop,Social
S09257,U01147,2026-03-20T18:29:45Z,Mobile,Social
S09258,U02495,2026-01-30T19:18:07Z,Desktop,Email
S09259,U06212,2026-02-21T02:29:27Z,Mobile,Paid Search
S09260,U03755,2026-02-08T21:37:23Z,Desktop,Email
S09261,U05048,2026-03-29T03:01:53Z,Mobile,Organic
S09262,U07638,2026-03-24T11:15:57Z,Desktop,Organic
S09263,U01239,2026-03-11T07:57:10Z,Mobile,Social
S09264,U02946,2026-01-06T10:59:07Z,Desktop,Organic
S09265,U04199,2026-01-17T15:43:22Z,Mobile,Email
S09266,U07193,2026-01-08T23:19:51Z,Desktop,Organic
S09267,U01101,2026-02-06T10:42:59Z,Mobile,Social
S09268,U04386,2026-01-18T22:38:55Z,Mobile,Organic
S09269,U01330,2026-02-25T10:19:47Z,Desktop,Paid Search
S09270,U02459,2026-01-20T11:29:26Z,Desktop,Organic
S09271,U04740,2026-01-29T07:30:16Z,Desktop,Paid Search
S09272,U06385,2026-01-29T09:18:27Z,Mobile,Paid Search
S09273,U03255,2026-03-12T19:24:38Z,Mobile,Paid Search
S09274,U05472,2026-02-14T15:44:32Z,Mobile,Social
S09275,U06544,2026-03-19T22:52:30Z,Desktop,Organic
S09276,U03427,2026-01-10T06:54:31Z,Mobile,Social
S09277,U00101,2026-01-20T03:47:02Z,Mobile,Paid Search
S09278,U03194,2026-01-18T11:20:11Z,Mobile,Social
S09279,U04330,2026-03-05T11:22:45Z,Mobile,Paid Search
S09280,U05055,2026-01-29T14:28:18Z,Desktop,Social
S09281,U02986,2026-01-09T11:21:21Z,Desktop,Paid Search
S09282,U06775,2026-03-15T20:52:53Z,Desktop,Paid Search
S09283,U05056,2026-02-04T11:57:11Z,Desktop,Email
S09284,U04164,2026-02-28T16:31:07Z,Desktop,Organic
S09285,U07894,2026-02-02T01:03:02Z,Mobile,Social
S09286,U00977,2026-03-26T02:08:52Z,Mobile,Paid Search
S09287,U05805,2026-03-01T09:22:54Z,Mobile,Organic
S09288,U00820,2026-01-22T16:16:31Z,Desktop,Paid Search
S09289,U03408,2026-02-03T17:53:26Z,Mobile,Social
S09290,U05887,2026-03-13T19:16:03Z,Mobile,Organic
S09291,U03347,2026-02-23T04:42:17Z,Mobile,Organic
S09292,U01202,2026-02-03T01:44:41Z,Desktop,Paid Search
S09293,U06116,2026-01-21T16:08:22Z,Mobile,Social
S09294,U03361,2026-03-12T06:25:02Z,Desktop,Social
S09295,U07826,2026-02-21T19:52:49Z,Mobile,Organic
S09296,U04416,2026-01-06T16:01:09Z,Mobile,Social
S09297,U03404,2026-03-09T02:40:23Z,Tablet,Social
S09298,U04251,2026-01-20T00:23:01Z,Mobile,Organic
S09299,U07181,2026-01-15T16:34:36Z,Desktop,Organic
S09300,U06279,2026-01-22T17:31:39Z,Mobile,Email
S09301,U02862,2026-03-13T17:07:38Z,Mobile,Organic
S09302,U05229,2026-03-11T00:17:34Z,Desktop,Email
S09303,U00295,2026-03-13T16:58:25Z,Mobile,Social
S09304,U03081,2026-01-28T06:33:19Z,Mobile,Organic
S09305,U04298,2026-03-07T20:53:48Z,Mobile,Organic
S09306,U01663,2026-03-11T04:21:33Z,Mobile,Organic
S09307,U01729,2026-03-23T23:00:36Z,Desktop,Social
S09308,U00773,2026-03-11T14:55:58Z,Mobile,Social
S09309,U05015,2026-03-30T03:48:30Z,Desktop,Social
S09310,U06069,2026-02-20T10:14:09Z,Mobile,Social
S09311,U04248,2026-02-01T08:52:03Z,Mobile,Paid Search
S09312,U07636,2026-01-22T06:35:19Z,Mobile,Email
S09313,U04363,2026-03-02T18:10:23Z,Mobile,Organic
S09314,U00496,2026-01-24T21:04:54Z,Desktop,Organic
S09315,U02003,2026-02-03T15:23:31Z,Desktop,Paid Search
S09316,U04804,2026-02-18T02:35:41Z,Mobile,Organic
S09317,U05350,2026-01-12T06:23:52Z,Desktop,Paid Search
S09318,U07849,2026-03-25T21:00:18Z,Desktop,Social
S09319,U02713,2026-03-28T11:36:50Z,Desktop,Organic
S09320,U05278,2026-03-24T06:03:30Z,Mobile,Social
S09321,U00506,2026-01-09T05:41:05Z,Mobile,Paid Search
S09322,U05898,2026-03-12T10:49:58Z,Desktop,Organic
S09323,U02772,2026-01-25T18:55:17Z,Mobile,Paid Search
S09324,U00057,2026-01-24T09:07:27Z,Desktop,Organic
S09325,U04150,2026-01-29T15:43:59Z,Mobile,Organic
S09326,U05762,2026-03-08T13:16:21Z,Desktop,Organic
S09327,U01859,2026-02-25T04:44:15Z,Desktop,Paid Search
S09328,U02230,2026-02-06T15:00:16Z,Mobile,Paid Search
S09329,U03638,2026-01-18T16:28:39Z,Mobile,Organic
S09330,U00044,2026-02-19T16:14:34Z,Desktop,Organic
S09331,U02457,2026-01-13T23:06:32Z,Mobile,Email
S09332,U07466,2026-02-26T03:11:05Z,Mobile,Email
S09333,U05740,2026-03-12T09:08:56Z,Desktop,Paid Search
S09334,U06239,2026-02-14T13:53:27Z,Mobile,Social
S09335,U06884,2026-03-08T19:13:06Z,Desktop,Social
S09336,U04285,2026-01-08T10:26:02Z,Desktop,Organic
S09337,U03766,2026-01-05T00:57:08Z,Desktop,Organic
S09338,U00074,2026-01-19T05:51:33Z,Desktop,Paid Search
S09339,U01639,2026-02-08T18:14:12Z,Mobile,Paid Search
S09340,U07204,2026-02-04T04:33:56Z,Desktop,Email
S09341,U04804,2026-01-31T07:42:47Z,Mobile,Paid Search
S09342,U04506,2026-02-25T13:14:47Z,Mobile,Paid Search
S09343,U03114,2026-02-02T04:09:56Z,Desktop,Social
S09344,U06417,2026-01-21T14:18:34Z,Desktop,Paid Search
S09345,U05557,2026-02-07T14:49:30Z,Mobile,Paid Search
S09346,U03441,2026-02-05T02:38:41Z,Mobile,Organic
S09347,U01821,2026-03-16T03:10:09Z,Mobile,Social
S09348,U01371,2026-01-19T18:53:06Z,Mobile,Social
S09349,U01237,2026-01-01T02:39:39Z,Mobile,Organic
S09350,U04410,2026-01-06T20:33:47Z,Mobile,Email
S09351,U05910,2026-02-28T00:54:56Z,Mobile,Paid Search
S09352,U02433,2026-03-03T10:59:03Z,Desktop,Paid Search
S09353,U07160,2026-03-22T06:59:27Z,Mobile,Paid Search
S09354,U04013,2026-01-14T10:40:05Z,Mobile,Social
S09355,U05544,2026-02-14T02:45:27Z,Mobile,Paid Search
S09356,U06823,2026-01-24T17:46:08Z,Mobile,Organic
S09357,U03680,2026-01-31T13:42:41Z,Mobile,Social
S09358,U02026,2026-02-20T15:53:06Z,Desktop,Email
S09359,U03022,2026-02-05T18:58:07Z,Desktop,Paid Search
S09360,U00681,2026-01-22T16:54:14Z,Desktop,Social
S09361,U05016,2026-01-20T09:16:53Z,Desktop,Paid Search
S09362,U07755,2026-01-27T08:57:29Z,Mobile,Email
S09363,U02567,2026-01-04T20:06:26Z,Mobile,Organic
S09364,U01336,2026-01-27T15:59:55Z,Mobile,Organic
S09365,U06579,2026-02-24T21:07:42Z,Desktop,Organic
S09366,U06224,2026-02-05T09:54:29Z,Desktop,Paid Search
S09367,U06089,2026-03-12T16:18:01Z,Desktop,Paid Search
S09368,U05526,2026-01-24T13:22:05Z,Desktop,Social
S09369,U00989,2026-03-27T11:42:45Z,Mobile,Paid Search
S09370,U07709,2026-01-11T14:38:13Z,Mobile,Paid Search
S09371,U06147,2026-03-11T02:02:02Z,Desktop,Social
S09372,U03962,2026-02-15T15:24:55Z,Desktop,Email
S09373,U02240,2026-01-25T15:53:07Z,Mobile,Paid Search
S09374,U06008,2026-01-28T19:39:31Z,Mobile,Organic
S09375,U07753,2026-03-19T08:31:07Z,Mobile,Organic
S09376,U04943,2026-02-24T21:18:04Z,Desktop,Organic
S09377,U00816,2026-02-27T06:08:56Z,Desktop,Organic
S09378,U07253,2026-01-26T00:14:29Z,Desktop,Social
S09379,U07289,2026-01-24T03:42:16Z,Mobile,Organic
S09380,U07423,2026-02-12T18:31:02Z,Mobile,Organic
S09381,U06141,2026-02-11T13:16:57Z,Mobile,Social
S09382,U06275,2026-01-08T11:49:36Z,Desktop,Paid Search
S09383,U07559,2026-03-29T07:40:15Z,Mobile,Social
S09384,U05153,2026-01-26T08:57:43Z,Desktop,Organic
S09385,U05520,2026-03-16T00:32:02Z,Desktop,Social
S09386,U04207,2026-03-05T08:22:21Z,Mobile,Paid Search
S09387,U05965,2026-02-26T23:18:33Z,Desktop,Organic
S09388,U02499,2026-03-04T15:15:46Z,Desktop,Paid Search
S09389,U00603,2026-01-29T16:35:14Z,Mobile,Organic
S09390,U02673,2026-01-27T14:15:40Z,Mobile,Social
S09391,U00799,2026-01-29T08:51:33Z,Tablet,Email
S09392,U05409,2026-01-15T14:23:05Z,Mobile,Email
S09393,U07824,2026-02-06T12:53:03Z,Desktop,Paid Search
S09394,U01030,2026-01-31T00:28:01Z,Mobile,Social
S09395,U07576,2026-01-01T06:08:47Z,Mobile,Organic
S09396,U01066,2026-02-27T04:54:49Z,Desktop,Paid Search
S09397,U06938,2026-01-03T21:23:18Z,Desktop,Organic
S09398,U06952,2026-01-01T06:47:14Z,Mobile,Paid Search
S09399,U06876,2026-03-15T15:01:54Z,Mobile,Paid Search
S09400,U04293,2026-02-05T12:55:23Z,Desktop,Social
S09401,U06033,2026-01-23T06:04:06Z,Mobile,Paid Search
S09402,U02371,2026-01-30T01:21:28Z,Desktop,Paid Search
S09403,U00237,2026-01-22T22:37:14Z,Mobile,Organic
S09404,U07134,2026-03-18T07:14:11Z,Desktop,Paid Search
S09405,U01736,2026-03-30T06:16:14Z,Mobile,Paid Search
S09406,U01893,2026-02-04T08:48:11Z,Mobile,Organic
S09407,U01936,2026-03-20T15:16:56Z,Mobile,Paid Search
S09408,U05199,2026-03-04T13:54:23Z,Desktop,Email
S09409,U07988,2026-02-01T22:06:29Z,Mobile,Paid Search
S09410,U00776,2026-03-12T19:57:50Z,Mobile,Email
S09411,U06849,2026-02-09T02:16:47Z,Desktop,Organic
S09412,U02094,2026-01-26T16:49:09Z,Mobile,Email
S09413,U04398,2026-01-24T19:30:13Z,Desktop,Organic
S09414,U00067,2026-03-06T13:21:20Z,Mobile,Organic
S09415,U06755,2026-01-20T02:30:45Z,Mobile,Organic
S09416,U03014,2026-03-12T13:05:41Z,Desktop,Social
S09417,U07630,2026-03-03T01:08:57Z,Mobile,Social
S09418,U06470,2026-03-12T20:02:59Z,Mobile,Organic
S09419,U04713,2026-01-02T04:55:20Z,Desktop,Organic
S09420,U01672,2026-03-12T02:31:40Z,Mobile,Paid Search
S09421,U01505,2026-01-19T09:50:31Z,Desktop,Paid Search
S09422,U04023,2026-02-12T13:14:43Z,Mobile,Paid Search
S09423,U07995,2026-01-30T12:18:23Z,Desktop,Social
S09424,U05588,2026-03-30T20:00:19Z,Mobile,Email
S09425,U02280,2026-03-16T21:48:02Z,Mobile,Social
S09426,U03459,2026-02-06T10:34:58Z,Mobile,Social
S09427,U05601,2026-03-04T11:11:21Z,Mobile,Social
S09428,U00435,2026-01-14T00:56:30Z,Mobile,Organic
S09429,U06179,2026-01-19T07:04:33Z,Mobile,Paid Search
S09430,U04444,2026-03-22T18:33:53Z,Desktop,Organic
S09431,U01430,2026-03-31T02:28:46Z,Mobile,Email
S09432,U06275,2026-03-18T14:58:12Z,Tablet,Organic
S09433,U06336,2026-01-24T04:21:46Z,Mobile,Organic
S09434,U01176,2026-03-13T14:59:42Z,Mobile,Paid Search
S09435,U05802,2026-03-03T11:45:51Z,Mobile,Paid Search
S09436,U06748,2026-03-13T14:27:51Z,Mobile,Paid Search
S09437,U07443,2026-03-17T16:11:21Z,Desktop,Social
S09438,U00932,2026-03-03T04:46:02Z,Mobile,Paid Search
S09439,U03374,2026-02-28T09:31:43Z,Tablet,Organic
S09440,U04251,2026-02-26T07:42:27Z,Mobile,Paid Search
S09441,U03210,2026-01-29T14:31:29Z,Mobile,Paid Search
S09442,U00237,2026-03-28T19:36:33Z,Mobile,Social
S09443,U02283,2026-02-11T22:28:12Z,Mobile,Social
S09444,U00890,2026-01-19T10:11:00Z,Mobile,Email
S09445,U01388,2026-01-10T10:23:49Z,Desktop,Organic
S09446,U06381,2026-02-13T09:17:33Z,Tablet,Organic
S09447,U00293,2026-02-18T21:59:47Z,Desktop,Paid Search
S09448,U02316,2026-03-21T04:59:11Z,Desktop,Paid Search
S09449,U03655,2026-02-15T04:55:54Z,Mobile,Paid Search
S09450,U05024,2026-02-20T10:36:42Z,Mobile,Paid Search
S09451,U06313,2026-03-25T16:38:31Z,Mobile,Social
S09452,U02358,2026-01-14T16:40:23Z,Mobile,Paid Search
S09453,U06966,2026-03-21T00:52:30Z,Mobile,Social
S09454,U03644,2026-03-14T19:35:20Z,Mobile,Organic
S09455,U02879,2026-03-24T20:56:03Z,Mobile,Email
S09456,U04284,2026-03-19T22:30:16Z,Desktop,Organic
S09457,U05695,2026-01-24T12:33:42Z,Desktop,Email
S09458,U07807,2026-02-17T14:50:19Z,Mobile,Paid Search
S09459,U04710,2026-02-13T00:38:55Z,Mobile,Organic
S09460,U06704,2026-01-21T18:51:11Z,Mobile,Paid Search
S09461,U04577,2026-03-26T17:45:38Z,Desktop,Paid Search
S09462,U05695,2026-03-02T02:46:46Z,Desktop,Organic
S09463,U06475,2026-01-19T17:48:21Z,Desktop,Paid Search
S09464,U05372,2026-03-09T07:27:24Z,Desktop,Paid Search
S09465,U00582,2026-01-29T17:16:57Z,Mobile,Organic
S09466,U03597,2026-02-12T00:03:13Z,Mobile,Paid Search
S09467,U05314,2026-02-10T17:31:09Z,Mobile,Social
S09468,U01267,2026-01-20T14:15:53Z,Mobile,Organic
S09469,U07056,2026-03-04T10:13:23Z,Mobile,Paid Search
S09470,U06243,2026-02-03T10:48:35Z,Mobile,Organic
S09471,U06356,2026-02-10T19:41:46Z,Desktop,Social
S09472,U04199,2026-02-19T03:38:40Z,Mobile,Paid Search
S09473,U00085,2026-01-27T19:27:11Z,Desktop,Email
S09474,U00925,2026-01-01T09:34:11Z,Mobile,Paid Search
S09475,U01978,2026-02-25T21:42:16Z,Mobile,Email
S09476,U04917,2026-01-29T20:15:23Z,Mobile,Organic
S09477,U01130,2026-01-15T10:09:08Z,Desktop,Paid Search
S09478,U04192,2026-01-03T20:53:50Z,Tablet,Email
S09479,U06858,2026-02-05T16:51:04Z,Desktop,Paid Search
S09480,U03453,2026-02-02T14:13:57Z,Desktop,Paid Search
S09481,U01272,2026-01-05T08:02:36Z,Desktop,Paid Search
S09482,U01497,2026-01-19T07:37:46Z,Mobile,Social
S09483,U00305,2026-02-11T18:05:16Z,Tablet,Paid Search
S09484,U06992,2026-02-10T01:01:27Z,Desktop,Email
S09485,U03289,2026-03-10T16:10:32Z,Mobile,Paid Search
S09486,U03863,2026-03-04T16:56:14Z,Mobile,Social
S09487,U00013,2026-02-02T18:18:02Z,Mobile,Paid Search
S09488,U03501,2026-02-20T15:28:45Z,Mobile,Paid Search
S09489,U04802,2026-02-15T15:59:44Z,Mobile,Email
S09490,U00630,2026-03-05T13:02:07Z,Mobile,Organic
S09491,U04431,2026-02-08T02:02:17Z,Mobile,Social
S09492,U06162,2026-01-09T12:51:30Z,Tablet,Organic
S09493,U07500,2026-01-24T12:01:48Z,Mobile,Organic
S09494,U07236,2026-01-09T16:04:26Z,Desktop,Organic
S09495,U06099,2026-02-27T14:11:56Z,Mobile,Social
S09496,U07943,2026-01-24T13:04:09Z,Mobile,Paid Search
S09497,U02139,2026-03-31T08:25:15Z,Desktop,Paid Search
S09498,U02133,2026-03-17T06:55:22Z,Desktop,Paid Search
S09499,U02115,2026-01-24T11:56:39Z,Mobile,Paid Search
S09500,U07547,2026-03-29T00:15:45Z,Mobile,Email
S09501,U04170,2026-03-13T20:55:01Z,Mobile,Social
S09502,U07289,2026-01-31T06:47:12Z,Mobile,Email
S09503,U02908,2026-01-30T11:21:31Z,Desktop,Organic
S09504,U04787,2026-03-13T14:40:12Z,Desktop,Organic
S09505,U00404,2026-01-29T22:56:13Z,Mobile,Organic
S09506,U05763,2026-02-14T04:56:15Z,Mobile,Organic
S09507,U02886,2026-01-10T07:21:53Z,Mobile,Social
S09508,U06541,2026-03-01T00:49:44Z,Desktop,Organic
S09509,U01716,2026-02-03T18:33:35Z,Mobile,Organic
S09510,U04132,2026-01-03T06:40:20Z,Desktop,Paid Search
S09511,U04961,2026-02-11T16:09:22Z,Mobile,Social
S09512,U01111,2026-02-21T00:16:21Z,Mobile,Paid Search
S09513,U06953,2026-02-20T05:43:56Z,Desktop,Paid Search
S09514,U07759,2026-02-10T07:55:37Z,Desktop,Social
S09515,U03861,2026-01-16T16:55:37Z,Tablet,Email
S09516,U06407,2026-03-21T20:17:17Z,Desktop,Paid Search
S09517,U03865,2026-01-07T03:30:08Z,Mobile,Social
S09518,U07361,2026-01-26T17:02:38Z,Mobile,Paid Search
S09519,U02328,2026-02-15T05:27:59Z,Mobile,Paid Search
S09520,U01631,2026-02-28T18:35:13Z,Mobile,Social
S09521,U00256,2026-01-28T00:48:32Z,Mobile,Social
S09522,U00346,2026-02-27T08:57:05Z,Desktop,Organic
S09523,U02071,2026-02-16T23:18:20Z,Mobile,Social
S09524,U06859,2026-01-01T03:29:33Z,Mobile,Email
S09525,U06719,2026-02-28T19:46:25Z,Desktop,Social
S09526,U04092,2026-01-05T22:43:58Z,Desktop,Organic
S09527,U07237,2026-03-06T11:38:01Z,Mobile,Organic
S09528,U00864,2026-02-06T14:35:20Z,Mobile,Paid Search
S09529,U01398,2026-01-03T14:15:03Z,Desktop,Organic
S09530,U02450,2026-02-26T20:32:17Z,Mobile,Social
S09531,U02729,2026-01-06T02:45:58Z,Desktop,Social
S09532,U01458,2026-03-11T21:36:21Z,Mobile,Paid Search
S09533,U05254,2026-01-29T14:52:58Z,Desktop,Social
S09534,U02940,2026-03-22T00:41:34Z,Mobile,Organic
S09535,U06507,2026-01-17T17:12:21Z,Mobile,Social
S09536,U01308,2026-03-13T08:58:07Z,Tablet,Social
S09537,U07500,2026-02-11T21:34:34Z,Mobile,Organic
S09538,U00901,2026-03-07T21:45:52Z,Mobile,Social
S09539,U04984,2026-03-29T09:16:26Z,Mobile,Organic
S09540,U00243,2026-01-11T07:50:02Z,Mobile,Organic
S09541,U01842,2026-03-27T10:15:08Z,Desktop,Paid Search
S09542,U04614,2026-01-18T22:46:16Z,Mobile,Organic
S09543,U02887,2026-01-15T20:28:56Z,Mobile,Social
S09544,U05501,2026-03-11T00:51:59Z,Mobile,Organic
S09545,U06710,2026-03-05T22:19:55Z,Mobile,Email
S09546,U05835,2026-03-18T06:55:06Z,Mobile,Email
S09547,U06636,2026-01-24T05:11:16Z,Mobile,Organic
S09548,U01693,2026-02-06T12:15:43Z,Desktop,Paid Search
S09549,U07431,2026-02-27T11:36:21Z,Desktop,Social
S09550,U04297,2026-01-05T07:38:20Z,Mobile,Organic
S09551,U00540,2026-01-06T04:40:03Z,Mobile,Social
S09552,U02435,2026-03-17T22:36:17Z,Mobile,Organic
S09553,U02708,2026-02-13T13:45:26Z,Mobile,Paid Search
S09554,U07163,2026-02-15T17:39:28Z,Mobile,Paid Search
S09555,U00403,2026-01-02T09:08:03Z,Mobile,Social
S09556,U01203,2026-03-05T19:09:19Z,Desktop,Organic
S09557,U07601,2026-03-08T14:05:38Z,Desktop,Paid Search
S09558,U00471,2026-01-14T19:13:36Z,Desktop,Paid Search
S09559,U04975,2026-02-26T09:48:33Z,Desktop,Social
S09560,U07154,2026-01-02T15:07:46Z,Mobile,Organic
S09561,U01289,2026-02-22T07:06:50Z,Mobile,Social
S09562,U02512,2026-02-15T01:02:56Z,Mobile,Email
S09563,U04792,2026-02-10T13:31:22Z,Desktop,Paid Search
S09564,U07601,2026-03-29T04:16:45Z,Desktop,Organic
S09565,U00936,2026-01-03T18:06:10Z,Desktop,Organic
S09566,U00870,2026-03-02T07:46:23Z,Desktop,Organic
S09567,U06215,2026-01-23T08:53:34Z,Mobile,Paid Search
S09568,U04692,2026-02-03T03:39:43Z,Mobile,Organic
S09569,U04970,2026-01-10T18:35:26Z,Mobile,Paid Search
S09570,U00292,2026-02-01T20:43:24Z,Mobile,Paid Search
S09571,U05568,2026-02-15T17:13:50Z,Mobile,Social
S09572,U01087,2026-01-31T18:18:27Z,Desktop,Paid Search
S09573,U06473,2026-02-18T02:49:32Z,Mobile,Organic
S09574,U07581,2026-03-16T09:59:39Z,Mobile,Organic
S09575,U04990,2026-03-08T08:11:24Z,Tablet,Organic
S09576,U07176,2026-01-10T19:55:53Z,Desktop,Organic
S09577,U00657,2026-03-14T03:04:32Z,Mobile,Social
S09578,U06691,2026-03-08T11:59:51Z,Tablet,Paid Search
S09579,U02949,2026-02-03T11:18:30Z,Mobile,Social
S09580,U04325,2026-03-03T12:13:47Z,Tablet,Social
S09581,U07869,2026-01-15T18:24:48Z,Tablet,Social
S09582,U02661,2026-02-04T10:00:02Z,Mobile,Email
S09583,U03534,2026-03-15T03:03:04Z,Mobile,Organic
S09584,U05968,2026-02-17T05:12:36Z,Mobile,Organic
S09585,U04327,2026-01-09T23:04:05Z,Mobile,Organic
S09586,U02092,2026-02-24T11:37:04Z,Mobile,Social
S09587,U05363,2026-02-21T08:09:32Z,Mobile,Organic
S09588,U06773,2026-01-05T21:48:39Z,Mobile,Organic
S09589,U03549,2026-01-24T05:17:56Z,Mobile,Social
S09590,U00984,2026-03-02T10:46:34Z,Desktop,Organic
S09591,U00216,2026-01-28T06:14:15Z,Desktop,Paid Search
S09592,U03027,2026-01-16T19:29:41Z,Mobile,Social
S09593,U04598,2026-02-04T18:57:06Z,Desktop,Social
S09594,U02381,2026-03-12T11:26:36Z,Mobile,Paid Search
S09595,U06293,2026-02-21T02:23:41Z,Mobile,Email
S09596,U02322,2026-02-21T21:51:15Z,Mobile,Social
S09597,U00888,2026-02-20T04:25:24Z,Mobile,Paid Search
S09598,U05828,2026-01-13T17:50:13Z,Mobile,Organic
S09599,U00404,2026-03-11T17:05:34Z,Mobile,Organic
S09600,U01983,2026-03-01T00:08:10Z,Mobile,Paid Search
S09601,U07913,2026-01-08T22:52:51Z,Mobile,Social
S09602,U03699,2026-03-07T02:22:50Z,Desktop,Social
S09603,U02099,2026-03-05T15:48:40Z,Mobile,Social
S09604,U04501,2026-01-07T14:44:59Z,Mobile,Organic
S09605,U06564,2026-03-09T19:41:46Z,Desktop,Social
S09606,U04188,2026-01-08T09:55:25Z,Desktop,Social
S09607,U07892,2026-01-23T17:57:59Z,Desktop,Paid Search
S09608,U00753,2026-02-13T13:25:46Z,Mobile,Social
S09609,U04415,2026-01-24T03:13:35Z,Mobile,Paid Search
S09610,U03202,2026-03-12T15:00:48Z,Mobile,Organic
S09611,U04028,2026-03-09T12:24:41Z,Mobile,Social
S09612,U03085,2026-01-09T00:02:49Z,Mobile,Social
S09613,U00135,2026-03-09T18:55:48Z,Desktop,Organic
S09614,U00962,2026-01-23T11:55:25Z,Mobile,Social
S09615,U02553,2026-01-20T15:01:56Z,Mobile,Paid Search
S09616,U07392,2026-03-02T13:37:23Z,Mobile,Organic
S09617,U01274,2026-01-29T15:49:41Z,Mobile,Organic
S09618,U01893,2026-03-11T00:21:24Z,Mobile,Social
S09619,U01930,2026-03-22T09:14:29Z,Desktop,Paid Search
S09620,U02363,2026-01-28T18:47:22Z,Mobile,Organic
S09621,U02649,2026-03-20T19:00:48Z,Desktop,Organic
S09622,U05293,2026-02-24T01:52:12Z,Desktop,Organic
S09623,U02625,2026-01-01T10:34:09Z,Mobile,Social
S09624,U04761,2026-02-03T14:19:22Z,Mobile,Email
S09625,U04481,2026-02-13T17:21:43Z,Mobile,Email
S09626,U01263,2026-03-01T05:22:34Z,Mobile,Email
S09627,U00004,2026-03-05T16:38:24Z,Desktop,Organic
S09628,U00431,2026-03-29T10:22:24Z,Desktop,Email
S09629,U07984,2026-03-02T08:35:25Z,Mobile,Paid Search
S09630,U00938,2026-01-20T09:51:08Z,Desktop,Organic
S09631,U04303,2026-03-30T03:23:45Z,Mobile,Paid Search
S09632,U01095,2026-02-02T22:57:09Z,Mobile,Paid Search
S09633,U03463,2026-01-15T13:16:38Z,Mobile,Organic
S09634,U03587,2026-03-02T20:43:42Z,Desktop,Organic
S09635,U07267,2026-03-17T01:38:21Z,Mobile,Paid Search
S09636,U05192,2026-01-26T17:01:12Z,Mobile,Organic
S09637,U06018,2026-03-20T19:02:07Z,Desktop,Social
S09638,U04657,2026-03-23T07:53:04Z,Mobile,Paid Search
S09639,U01363,2026-01-24T02:43:02Z,Mobile,Social
S09640,U06035,2026-01-08T18:28:15Z,Tablet,Organic
S09641,U07041,2026-03-16T16:45:15Z,Desktop,Organic
S09642,U02116,2026-02-25T18:47:23Z,Mobile,Paid Search
S09643,U04724,2026-03-18T05:32:00Z,Mobile,Organic
S09644,U04478,2026-03-06T13:52:25Z,Mobile,Organic
S09645,U07284,2026-01-09T18:07:12Z,Desktop,Paid Search
S09646,U01771,2026-03-29T22:56:13Z,Mobile,Organic
S09647,U03215,2026-03-02T00:51:11Z,Mobile,Organic
S09648,U07699,2026-02-23T18:39:55Z,Mobile,Paid Search
S09649,U06408,2026-01-14T06:52:26Z,Desktop,Paid Search
S09650,U01243,2026-02-05T19:03:34Z,Mobile,Organic
S09651,U03940,2026-01-20T12:18:40Z,Mobile,Social
S09652,U05218,2026-01-27T06:32:19Z,Mobile,Paid Search
S09653,U02875,2026-01-14T22:47:21Z,Mobile,Paid Search
S09654,U05000,2026-01-01T22:13:32Z,Desktop,Social
S09655,U04692,2026-02-20T01:56:13Z,Mobile,Paid Search
S09656,U03288,2026-03-15T07:48:47Z,Mobile,Email
S09657,U00593,2026-01-27T18:36:02Z,Mobile,Paid Search
S09658,U05788,2026-02-25T12:21:37Z,Tablet,Paid Search
S09659,U01338,2026-01-15T00:26:11Z,Mobile,Organic
S09660,U05636,2026-03-28T05:49:52Z,Mobile,Organic
S09661,U02130,2026-02-11T11:13:26Z,Mobile,Organic
S09662,U04496,2026-02-06T00:14:03Z,Tablet,Organic
S09663,U02166,2026-01-07T15:00:28Z,Desktop,Email
S09664,U04632,2026-01-05T01:40:48Z,Mobile,Organic
S09665,U06711,2026-03-14T04:09:14Z,Mobile,Organic
S09666,U02353,2026-03-01T12:08:01Z,Mobile,Email
S09667,U01275,2026-02-01T07:59:40Z,Mobile,Social
S09668,U02466,2026-01-19T07:54:23Z,Desktop,Email
S09669,U04317,2026-03-05T11:09:50Z,Desktop,Email
S09670,U04513,2026-03-03T20:40:08Z,Mobile,Paid Search
S09671,U07104,2026-03-16T16:26:55Z,Desktop,Paid Search
S09672,U02375,2026-01-03T20:20:46Z,Mobile,Paid Search
S09673,U06275,2026-03-02T22:28:21Z,Desktop,Organic
S09674,U06137,2026-02-25T21:42:11Z,Mobile,Organic
S09675,U01075,2026-03-17T11:59:20Z,Desktop,Organic
S09676,U06946,2026-03-09T23:01:21Z,Mobile,Social
S09677,U03527,2026-03-17T08:16:11Z,Mobile,Organic
S09678,U05519,2026-03-15T04:56:21Z,Mobile,Organic
S09679,U00364,2026-03-19T07:09:59Z,Mobile,Social
S09680,U04554,2026-01-13T16:55:25Z,Mobile,Social
S09681,U00056,2026-03-31T03:49:48Z,Desktop,Organic
S09682,U02190,2026-01-10T14:59:31Z,Mobile,Organic
S09683,U07447,2026-03-26T14:34:17Z,Mobile,Organic
S09684,U00655,2026-02-05T08:54:23Z,Desktop,Paid Search
S09685,U01390,2026-01-09T22:09:19Z,Desktop,Social
S09686,U00172,2026-02-02T10:27:42Z,Mobile,Organic
S09687,U04959,2026-02-07T02:52:42Z,Mobile,Email
S09688,U05304,2026-02-12T14:02:52Z,Mobile,Organic
S09689,U01904,2026-03-18T08:05:25Z,Desktop,Organic
S09690,U03289,2026-01-21T07:34:00Z,Mobile,Paid Search
S09691,U03643,2026-01-22T15:37:33Z,Mobile,Organic
S09692,U07885,2026-01-30T20:49:01Z,Mobile,Organic
S09693,U05533,2026-01-26T00:11:56Z,Mobile,Social
S09694,U07390,2026-02-15T10:27:34Z,Mobile,Social
S09695,U02997,2026-03-22T13:53:58Z,Desktop,Paid Search
S09696,U05794,2026-03-04T05:18:53Z,Mobile,Paid Search
S09697,U03567,2026-01-27T23:09:41Z,Mobile,Social
S09698,U03016,2026-01-26T00:09:38Z,Mobile,Social
S09699,U04787,2026-01-24T09:14:49Z,Desktop,Organic
S09700,U06502,2026-02-17T13:58:11Z,Mobile,Organic
S09701,U04501,2026-03-25T01:37:08Z,Mobile,Paid Search
S09702,U06868,2026-02-04T00:41:17Z,Desktop,Email
S09703,U03794,2026-02-09T14:51:21Z,Desktop,Organic
S09704,U01124,2026-03-30T08:26:28Z,Tablet,Organic
S09705,U04394,2026-02-05T21:02:55Z,Tablet,Organic
S09706,U01608,2026-03-21T18:45:11Z,Mobile,Paid Search
S09707,U00084,2026-03-16T09:58:10Z,Mobile,Email
S09708,U07689,2026-03-15T17:36:33Z,Mobile,Organic
S09709,U02490,2026-02-25T09:22:21Z,Desktop,Paid Search
S09710,U04288,2026-01-15T14:39:54Z,Mobile,Social
S09711,U07866,2026-02-25T20:31:33Z,Mobile,Social
S09712,U05077,2026-01-30T10:40:57Z,Mobile,Email
S09713,U01636,2026-03-02T04:33:35Z,Mobile,Social
S09714,U00274,2026-02-10T04:36:42Z,Desktop,Social
S09715,U00980,2026-03-12T02:30:10Z,Mobile,Organic
S09716,U03764,2026-01-05T02:48:56Z,Desktop,Organic
S09717,U05599,2026-01-05T02:04:33Z,Mobile,Organic
S09718,U04735,2026-03-24T01:52:33Z,Mobile,Paid Search
S09719,U01922,2026-01-09T17:25:36Z,Mobile,Social
S09720,U05773,2026-03-26T04:50:45Z,Mobile,Organic
S09721,U01192,2026-02-16T16:28:11Z,Mobile,Organic
S09722,U01179,2026-01-05T03:16:49Z,Mobile,Paid Search
S09723,U04707,2026-01-27T06:05:00Z,Mobile,Email
S09724,U04525,2026-01-11T04:57:11Z,Mobile,Organic
S09725,U06308,2026-01-05T15:13:31Z,Mobile,Paid Search
S09726,U03621,2026-03-17T10:35:34Z,Mobile,Paid Search
S09727,U01261,2026-01-27T21:26:52Z,Desktop,Organic
S09728,U07074,2026-01-25T04:15:12Z,Mobile,Organic
S09729,U00904,2026-02-04T08:48:08Z,Mobile,Paid Search
S09730,U05533,2026-02-16T23:01:54Z,Mobile,Paid Search
S09731,U00793,2026-02-17T03:01:22Z,Mobile,Organic
S09732,U00959,2026-03-19T20:23:42Z,Mobile,Paid Search
S09733,U04999,2026-02-01T18:37:41Z,Mobile,Paid Search
S09734,U02644,2026-01-25T05:13:25Z,Tablet,Organic
S09735,U07238,2026-01-26T21:45:11Z,Mobile,Organic
S09736,U05210,2026-03-31T11:48:55Z,Desktop,Organic
S09737,U02969,2026-01-01T22:04:23Z,Mobile,Organic
S09738,U07325,2026-02-23T16:53:13Z,Desktop,Paid Search
S09739,U07674,2026-01-12T01:33:16Z,Mobile,Social
S09740,U05457,2026-03-22T00:09:27Z,Mobile,Organic
S09741,U02126,2026-01-29T07:14:19Z,Desktop,Social
S09742,U03896,2026-02-12T14:31:52Z,Mobile,Organic
S09743,U02056,2026-01-11T14:23:52Z,Mobile,Paid Search
S09744,U01173,2026-01-22T08:15:37Z,Desktop,Paid Search
S09745,U05891,2026-01-28T20:49:52Z,Mobile,Social
S09746,U00650,2026-01-07T16:41:53Z,Mobile,Paid Search
S09747,U07673,2026-01-04T16:44:17Z,Mobile,Social
S09748,U01639,2026-01-10T15:00:33Z,Desktop,Social
S09749,U06339,2026-03-26T19:23:47Z,Mobile,Social
S09750,U01872,2026-01-20T02:15:22Z,Desktop,Organic
S09751,U06655,2026-01-22T19:23:09Z,Tablet,Organic
S09752,U06506,2026-01-16T22:47:06Z,Mobile,Social
S09753,U05343,2026-03-28T06:44:05Z,Mobile,Social
S09754,U06290,2026-01-22T19:03:06Z,Desktop,Paid Search
S09755,U03452,2026-02-22T18:31:48Z,Mobile,Organic
S09756,U06079,2026-01-22T10:28:48Z,Desktop,Organic
S09757,U03076,2026-01-20T12:16:48Z,Mobile,Social
S09758,U04563,2026-01-15T08:42:24Z,Mobile,Social
S09759,U05446,2026-01-15T06:34:36Z,Mobile,Organic
S09760,U00936,2026-02-23T00:08:49Z,Desktop,Paid Search
S09761,U02145,2026-03-21T07:53:05Z,Mobile,Organic
S09762,U04352,2026-02-24T14:43:08Z,Desktop,Paid Search
S09763,U00623,2026-03-29T09:45:36Z,Mobile,Social
S09764,U01999,2026-01-17T14:06:48Z,Desktop,Organic
S09765,U05295,2026-01-16T18:21:55Z,Mobile,Email
S09766,U07417,2026-02-14T01:27:55Z,Desktop,Social
S09767,U01482,2026-02-17T22:36:22Z,Desktop,Organic
S09768,U02414,2026-02-07T23:06:39Z,Mobile,Paid Search
S09769,U04094,2026-01-19T11:39:50Z,Desktop,Organic
S09770,U00168,2026-01-27T04:57:05Z,Mobile,Paid Search
S09771,U07585,2026-03-17T06:33:50Z,Desktop,Paid Search
S09772,U05126,2026-01-05T14:08:38Z,Mobile,Organic
S09773,U05755,2026-01-18T22:19:53Z,Mobile,Paid Search
S09774,U06957,2026-01-04T11:45:30Z,Mobile,Organic
S09775,U02589,2026-01-04T10:47:02Z,Desktop,Organic
S09776,U04875,2026-03-01T16:43:36Z,Mobile,Organic
S09777,U05358,2026-03-14T11:28:21Z,Tablet,Social
S09778,U01615,2026-03-24T09:40:41Z,Desktop,Social
S09779,U06334,2026-02-11T00:41:45Z,Mobile,Social
S09780,U06779,2026-01-12T06:24:32Z,Mobile,Paid Search
S09781,U05261,2026-02-18T09:08:34Z,Desktop,Paid Search
S09782,U04896,2026-03-03T19:54:53Z,Desktop,Paid Search
S09783,U00433,2026-02-10T04:00:37Z,Mobile,Social
S09784,U03240,2026-01-14T19:12:14Z,Desktop,Paid Search
S09785,U07584,2026-01-29T18:05:16Z,Mobile,Social
S09786,U00852,2026-02-13T11:12:25Z,Mobile,Social
S09787,U00176,2026-03-10T15:13:16Z,Mobile,Organic
S09788,U05210,2026-03-07T02:20:26Z,Mobile,Organic
S09789,U05958,2026-03-15T00:54:18Z,Mobile,Social
S09790,U05637,2026-01-14T15:16:45Z,Mobile,Organic
S09791,U03252,2026-01-05T19:12:57Z,Mobile,Paid Search
S09792,U02390,2026-03-16T17:52:07Z,Desktop,Paid Search
S09793,U05655,2026-01-21T10:34:17Z,Mobile,Paid Search
S09794,U04087,2026-02-10T19:27:33Z,Desktop,Paid Search
S09795,U01147,2026-01-16T03:07:28Z,Mobile,Organic
S09796,U06071,2026-02-25T17:19:14Z,Mobile,Paid Search
S09797,U06824,2026-02-21T09:01:01Z,Mobile,Organic
S09798,U01552,2026-02-08T08:27:18Z,Mobile,Social
S09799,U01346,2026-02-18T16:11:12Z,Desktop,Organic
S09800,U06727,2026-01-26T12:12:26Z,Mobile,Email
S09801,U05125,2026-03-26T17:00:01Z,Mobile,Social
S09802,U02680,2026-01-13T07:53:17Z,Mobile,Social
S09803,U05486,2026-03-15T09:10:18Z,Mobile,Paid Search
S09804,U02017,2026-01-07T16:09:52Z,Mobile,Email
S09805,U05299,2026-02-22T10:54:51Z,Desktop,Social
S09806,U05646,2026-02-11T01:47:02Z,Mobile,Paid Search
S09807,U03036,2026-02-04T16:46:09Z,Mobile,Social
S09808,U00001,2026-01-02T04:31:00Z,Desktop,Social
S09809,U00517,2026-02-05T17:29:29Z,Mobile,Paid Search
S09810,U04554,2026-01-17T08:27:10Z,Mobile,Social
S09811,U05109,2026-02-21T18:52:57Z,Mobile,Organic
S09812,U02562,2026-03-21T21:06:20Z,Desktop,Organic
S09813,U04311,2026-02-26T09:14:34Z,Desktop,Organic
S09814,U07617,2026-03-09T20:34:29Z,Desktop,Organic
S09815,U02087,2026-01-14T15:44:17Z,Mobile,Paid Search
S09816,U06235,2026-03-10T08:18:12Z,Desktop,Social
S09817,U05140,2026-03-02T01:12:59Z,Desktop,Social
S09818,U00160,2026-03-29T09:39:37Z,Desktop,Paid Search
S09819,U06201,2026-02-05T03:11:28Z,Mobile,Paid Search
S09820,U04990,2026-03-10T04:25:16Z,Mobile,Email
S09821,U07094,2026-01-31T19:08:19Z,Mobile,Social
S09822,U07205,2026-02-15T06:52:38Z,Mobile,Organic
S09823,U07559,2026-02-23T00:38:54Z,Mobile,Organic
S09824,U01233,2026-03-26T09:22:45Z,Mobile,Organic
S09825,U07271,2026-02-07T19:30:57Z,Mobile,Paid Search
S09826,U06152,2026-03-13T05:12:48Z,Mobile,Organic
S09827,U03818,2026-01-02T06:20:15Z,Tablet,Organic
S09828,U03360,2026-02-20T02:17:05Z,Desktop,Social
S09829,U03008,2026-03-26T10:30:46Z,Tablet,Organic
S09830,U02957,2026-03-27T12:33:15Z,Mobile,Paid Search
S09831,U04542,2026-03-10T10:05:25Z,Mobile,Social
S09832,U03352,2026-02-11T10:52:52Z,Desktop,Social
S09833,U07656,2026-01-30T10:19:54Z,Desktop,Social
S09834,U05902,2026-02-03T07:17:48Z,Mobile,Paid Search
S09835,U02970,2026-03-03T05:48:58Z,Desktop,Organic
S09836,U04795,2026-03-07T11:56:56Z,Mobile,Paid Search
S09837,U07122,2026-01-02T03:58:19Z,Mobile,Paid Search
S09838,U00837,2026-03-29T01:26:15Z,Mobile,Email
S09839,U04562,2026-01-30T20:39:35Z,Desktop,Paid Search
S09840,U05378,2026-03-18T01:19:32Z,Mobile,Organic
S09841,U00391,2026-03-01T06:24:29Z,Desktop,Paid Search
S09842,U06274,2026-01-22T09:06:34Z,Mobile,Paid Search
S09843,U03860,2026-01-27T22:19:52Z,Desktop,Email
S09844,U01313,2026-01-17T03:47:49Z,Mobile,Organic
S09845,U07244,2026-01-26T08:44:06Z,Mobile,Organic
S09846,U03820,2026-03-23T18:42:38Z,Desktop,Organic
S09847,U07157,2026-02-01T12:30:24Z,Mobile,Organic
S09848,U01227,2026-02-19T05:01:06Z,Mobile,Paid Search
S09849,U05250,2026-01-27T02:34:34Z,Desktop,Email
S09850,U01646,2026-02-19T21:50:00Z,Mobile,Paid Search
S09851,U05276,2026-03-04T03:35:43Z,Desktop,Paid Search
S09852,U06039,2026-03-02T16:39:47Z,Mobile,Email
S09853,U02482,2026-01-07T05:17:58Z,Mobile,Paid Search
S09854,U02067,2026-02-08T01:13:41Z,Mobile,Organic
S09855,U06089,2026-01-11T00:49:22Z,Mobile,Organic
S09856,U05813,2026-01-11T06:57:50Z,Mobile,Paid Search
S09857,U05007,2026-03-31T21:10:05Z,Mobile,Social
S09858,U05499,2026-02-26T16:14:26Z,Mobile,Paid Search
S09859,U04213,2026-03-22T21:48:31Z,Mobile,Paid Search
S09860,U02144,2026-01-08T08:16:29Z,Tablet,Social
S09861,U03246,2026-02-22T09:59:28Z,Mobile,Organic
S09862,U01943,2026-01-09T19:22:38Z,Mobile,Organic
S09863,U06353,2026-03-21T00:28:35Z,Tablet,Paid Search
S09864,U00167,2026-02-02T00:47:20Z,Desktop,Paid Search
S09865,U03960,2026-01-05T18:25:13Z,Mobile,Email
S09866,U01113,2026-03-28T14:55:22Z,Desktop,Paid Search
S09867,U01775,2026-03-15T08:50:53Z,Desktop,Paid Search
S09868,U04154,2026-02-10T20:46:09Z,Mobile,Organic
S09869,U04809,2026-03-14T16:07:51Z,Mobile,Organic
S09870,U06940,2026-02-06T06:28:47Z,Mobile,Paid Search
S09871,U07568,2026-01-07T04:32:52Z,Mobile,Paid Search
S09872,U03396,2026-02-26T22:17:19Z,Mobile,Organic
S09873,U04584,2026-01-01T08:20:57Z,Mobile,Organic
S09874,U01063,2026-01-25T04:01:43Z,Desktop,Organic
S09875,U06058,2026-03-16T18:14:27Z,Mobile,Paid Search
S09876,U05527,2026-03-14T03:16:22Z,Desktop,Paid Search
S09877,U04972,2026-02-13T09:00:00Z,Desktop,Social
S09878,U07796,2026-01-10T17:55:12Z,Desktop,Paid Search
S09879,U01744,2026-01-22T11:55:57Z,Mobile,Organic
S09880,U04406,2026-01-13T19:53:25Z,Desktop,Social
S09881,U00359,2026-02-03T12:44:01Z,Mobile,Social
S09882,U02628,2026-02-06T09:02:30Z,Mobile,Organic
S09883,U02393,2026-02-07T07:00:03Z,Mobile,Social
S09884,U05930,2026-03-07T23:19:53Z,Mobile,Organic
S09885,U05820,2026-03-12T21:15:05Z,Mobile,Social
S09886,U01317,2026-03-30T03:00:29Z,Mobile,Email
S09887,U03476,2026-02-10T07:56:55Z,Mobile,Organic
S09888,U02615,2026-02-08T15:15:06Z,Mobile,Organic
S09889,U05886,2026-01-05T04:23:05Z,Mobile,Email
S09890,U04851,2026-01-02T00:11:31Z,Mobile,Organic
S09891,U07452,2026-03-15T05:59:04Z,Mobile,Organic
S09892,U03598,2026-02-19T04:00:36Z,Mobile,Organic
S09893,U04111,2026-02-06T04:47:51Z,Mobile,Paid Search
S09894,U02853,2026-01-04T23:04:27Z,Desktop,Paid Search
S09895,U01461,2026-01-27T11:23:27Z,Desktop,Organic
S09896,U02295,2026-01-15T05:54:54Z,Desktop,Paid Search
S09897,U00687,2026-01-20T05:03:46Z,Mobile,Organic
S09898,U07289,2026-02-17T02:46:05Z,Mobile,Paid Search
S09899,U00404,2026-03-31T21:59:51Z,Mobile,Organic
S09900,U02215,2026-01-29T12:27:00Z,Mobile,Organic
S09901,U02870,2026-01-04T19:58:11Z,Desktop,Organic
S09902,U01280,2026-03-12T14:17:08Z,Mobile,Paid Search
S09903,U07589,2026-03-03T11:10:30Z,Mobile,Social
S09904,U05069,2026-02-12T06:17:54Z,Mobile,Paid Search
S09905,U00991,2026-03-16T16:07:24Z,Mobile,Organic
S09906,U05564,2026-03-14T10:31:15Z,Mobile,Paid Search
S09907,U00429,2026-01-10T12:40:49Z,Mobile,Paid Search
S09908,U00903,2026-02-23T08:54:47Z,Desktop,Organic
S09909,U02572,2026-03-22T12:05:47Z,Mobile,Organic
S09910,U03307,2026-03-07T02:18:00Z,Mobile,Paid Search
S09911,U07614,2026-01-27T07:14:20Z,Mobile,Email
S09912,U05116,2026-01-13T13:57:44Z,Mobile,Social
S09913,U02733,2026-01-04T12:22:10Z,Mobile,Paid Search
S09914,U04721,2026-01-25T05:19:33Z,Desktop,Paid Search
S09915,U03048,2026-02-20T07:31:20Z,Tablet,Paid Search
S09916,U07082,2026-02-22T19:33:26Z,Mobile,Paid Search
S09917,U04092,2026-01-15T00:46:58Z,Mobile,Organic
S09918,U01905,2026-01-05T06:22:44Z,Tablet,Paid Search
S09919,U07998,2026-02-12T00:39:04Z,Mobile,Social
S09920,U03090,2026-01-19T06:42:28Z,Mobile,Email
S09921,U02897,2026-02-07T19:02:27Z,Tablet,Organic
S09922,U00736,2026-01-30T17:17:48Z,Desktop,Email
S09923,U05608,2026-03-26T22:57:56Z,Mobile,Paid Search
S09924,U06902,2026-02-01T06:15:40Z,Desktop,Paid Search
S09925,U07629,2026-03-01T21:27:59Z,Desktop,Organic
S09926,U04928,2026-01-22T06:33:43Z,Mobile,Organic
S09927,U04287,2026-03-21T21:53:51Z,Desktop,Paid Search
S09928,U01326,2026-03-09T19:37:27Z,Mobile,Social
S09929,U04962,2026-02-26T05:37:28Z,Desktop,Organic
S09930,U04666,2026-03-02T02:31:32Z,Mobile,Organic
S09931,U06269,2026-03-14T04:59:22Z,Mobile,Paid Search
S09932,U04142,2026-02-03T15:41:17Z,Desktop,Paid Search
S09933,U06896,2026-01-30T05:45:48Z,Mobile,Paid Search
S09934,U05913,2026-03-29T09:03:11Z,Mobile,Social
S09935,U05478,2026-02-17T09:34:27Z,Mobile,Social
S09936,U02980,2026-01-14T21:59:19Z,Mobile,Organic
S09937,U05461,2026-03-07T15:30:58Z,Desktop,Social
S09938,U06508,2026-03-31T12:45:57Z,Mobile,Organic
S09939,U02933,2026-02-08T11:08:05Z,Desktop,Paid Search
S09940,U07729,2026-02-24T01:19:18Z,Mobile,Email
S09941,U03273,2026-01-31T13:42:21Z,Mobile,Organic
S09942,U05151,2026-03-19T07:01:40Z,Mobile,Organic
S09943,U03890,2026-02-01T19:45:41Z,Desktop,Organic
S09944,U00717,2026-01-30T06:55:11Z,Desktop,Social
S09945,U06374,2026-02-19T22:59:37Z,Mobile,Social
S09946,U02240,2026-01-11T17:15:02Z,Desktop,Social
S09947,U02810,2026-03-24T14:32:17Z,Mobile,Social
S09948,U00502,2026-02-08T06:08:53Z,Mobile,Organic
S09949,U00033,2026-01-09T19:14:12Z,Desktop,Paid Search
S09950,U04970,2026-03-13T17:28:40Z,Desktop,Social
S09951,U05226,2026-01-21T08:57:18Z,Mobile,Paid Search
S09952,U00293,2026-01-29T10:13:09Z,Mobile,Organic
S09953,U05278,2026-03-03T21:32:54Z,Desktop,Social
S09954,U07797,2026-01-04T17:11:59Z,Desktop,Email
S09955,U05642,2026-03-24T18:33:22Z,Desktop,Social
S09956,U06655,2026-01-06T04:31:33Z,Desktop,Paid Search
S09957,U05954,2026-02-24T05:32:20Z,Mobile,Social
S09958,U05292,2026-03-08T22:48:16Z,Tablet,Organic
S09959,U04046,2026-03-15T08:08:04Z,Mobile,Social
S09960,U00525,2026-01-22T23:10:33Z,Mobile,Social
S09961,U00242,2026-02-03T04:15:43Z,Desktop,Organic
S09962,U00099,2026-03-23T10:45:20Z,Mobile,Paid Search
S09963,U04800,2026-03-04T06:54:12Z,Desktop,Paid Search
S09964,U05730,2026-01-14T23:11:00Z,Mobile,Paid Search
S09965,U03666,2026-03-08T18:46:52Z,Mobile,Organic
S09966,U05680,2026-02-17T20:52:21Z,Mobile,Organic
S09967,U00236,2026-01-31T16:22:35Z,Mobile,Organic
S09968,U07379,2026-02-19T13:00:58Z,Desktop,Paid Search
S09969,U05432,2026-03-16T11:32:28Z,Mobile,Organic
S09970,U05943,2026-02-09T21:05:08Z,Desktop,Paid Search
S09971,U06735,2026-03-19T17:25:46Z,Tablet,Organic
S09972,U02749,2026-01-30T07:02:31Z,Mobile,Paid Search
S09973,U04470,2026-01-05T06:29:37Z,Desktop,Organic
S09974,U04860,2026-02-06T21:33:39Z,Mobile,Organic
S09975,U01396,2026-02-07T13:09:29Z,Mobile,Paid Search
S09976,U04116,2026-01-04T20:35:00Z,Mobile,Organic
S09977,U07021,2026-03-14T11:40:28Z,Desktop,Paid Search
S09978,U01303,2026-01-19T15:35:02Z,Mobile,Organic
S09979,U04712,2026-02-27T13:42:12Z,Mobile,Organic
S09980,U05137,2026-01-21T21:09:38Z,Desktop,Organic
S09981,U02356,2026-01-20T19:07:08Z,Mobile,Social
S09982,U02114,2026-03-17T19:50:11Z,Mobile,Social
S09983,U07335,2026-03-04T13:08:42Z,Mobile,Paid Search
S09984,U02471,2026-03-09T01:04:57Z,Mobile,Social
S09985,U06068,2026-02-07T16:50:29Z,Desktop,Email
S09986,U07371,2026-01-03T01:24:16Z,Mobile,Organic
S09987,U05204,2026-03-26T17:17:15Z,Mobile,Organic
S09988,U03475,2026-03-31T18:22:23Z,Tablet,Social
S09989,U02481,2026-01-05T01:31:10Z,Desktop,Paid Search
S09990,U01505,2026-03-31T13:26:00Z,Desktop,Social
S09991,U03815,2026-01-10T10:45:58Z,Desktop,Paid Search
S09992,U00957,2026-01-22T17:05:50Z,Mobile,Paid Search
S09993,U04435,2026-01-17T04:07:31Z,Mobile,Organic
S09994,U06156,2026-02-18T15:22:38Z,Desktop,Email
S09995,U01585,2026-03-16T10:28:41Z,Desktop,Organic
S09996,U07174,2026-02-05T20:09:27Z,Mobile,Email
S09997,U07970,2026-01-17T18:18:07Z,Tablet,Social
S09998,U06655,2026-02-07T04:58:57Z,Desktop,Organic
S09999,U06992,2026-02-15T01:29:40Z,Mobile,Organic
S10000,U03702,2026-02-06T12:39:57Z,Mobile,Social
S10001,U05343,2026-02-17T00:27:00Z,Desktop,Social
S10002,U01114,2026-02-02T03:09:45Z,Mobile,Paid Search
S10003,U00556,2026-01-23T18:28:08Z,Mobile,Organic
S10004,U06425,2026-02-24T03:12:04Z,Mobile,Paid Search
S10005,U02295,2026-03-17T18:22:54Z,Desktop,Social
S10006,U07797,2026-03-28T10:32:36Z,Mobile,Email
S10007,U05720,2026-02-23T15:37:48Z,Mobile,Paid Search
S10008,U04008,2026-01-17T00:07:37Z,Desktop,Organic
S10009,U02022,2026-03-15T22:16:24Z,Mobile,Organic
S10010,U03522,2026-03-06T11:30:57Z,Mobile,Paid Search
S10011,U00617,2026-01-01T12:38:24Z,Mobile,Organic
S10012,U06374,2026-03-25T05:59:52Z,Mobile,Organic
S10013,U03166,2026-02-05T14:23:47Z,Mobile,Paid Search
S10014,U00517,2026-02-13T00:52:39Z,Mobile,Organic
S10015,U06151,2026-03-27T00:19:15Z,Desktop,Paid Search
S10016,U02174,2026-01-11T13:07:13Z,Mobile,Paid Search
S10017,U03039,2026-01-02T10:46:58Z,Mobile,Email
S10018,U03451,2026-03-13T00:50:43Z,Desktop,Social
S10019,U02644,2026-03-31T10:32:09Z,Desktop,Organic
S10020,U07605,2026-03-23T20:11:27Z,Mobile,Social
S10021,U01641,2026-03-29T21:48:47Z,Mobile,Paid Search
S10022,U07138,2026-01-21T18:52:00Z,Desktop,Paid Search
S10023,U05398,2026-03-24T12:31:01Z,Mobile,Email
S10024,U03808,2026-03-16T20:00:39Z,Mobile,Social
S10025,U04390,2026-01-21T02:55:49Z,Mobile,Paid Search
S10026,U00239,2026-02-15T12:33:21Z,Mobile,Organic
S10027,U03590,2026-03-16T08:55:22Z,Desktop,Paid Search
S10028,U00754,2026-01-01T09:27:50Z,Mobile,Organic
S10029,U00337,2026-01-17T17:56:18Z,Desktop,Paid Search
S10030,U06039,2026-02-23T08:34:21Z,Desktop,Organic
S10031,U03739,2026-01-04T18:33:27Z,Mobile,Paid Search
S10032,U07216,2026-03-19T08:09:55Z,Desktop,Paid Search
S10033,U00871,2026-02-03T15:42:02Z,Mobile,Organic
S10034,U00066,2026-03-25T03:43:40Z,Mobile,Organic
S10035,U02656,2026-01-09T06:54:51Z,Mobile,Paid Search
S10036,U05445,2026-01-14T17:32:39Z,Mobile,Social
S10037,U03619,2026-03-20T17:49:03Z,Mobile,Paid Search
S10038,U03186,2026-02-06T02:09:03Z,Desktop,Organic
S10039,U02946,2026-02-11T20:31:35Z,Mobile,Email
S10040,U04112,2026-01-18T19:26:45Z,Desktop,Social
S10041,U06686,2026-01-25T18:01:13Z,Mobile,Paid Search
S10042,U02587,2026-03-18T20:27:55Z,Mobile,Paid Search
S10043,U00226,2026-01-16T01:40:29Z,Desktop,Organic
S10044,U02888,2026-01-31T14:27:34Z,Desktop,Social
S10045,U00354,2026-03-02T14:29:23Z,Mobile,Paid Search
S10046,U02826,2026-01-23T06:54:03Z,Desktop,Paid Search
S10047,U00459,2026-02-09T17:11:33Z,Mobile,Email
S10048,U04638,2026-03-26T00:23:57Z,Mobile,Paid Search
S10049,U04674,2026-01-28T12:15:58Z,Mobile,Paid Search
S10050,U05605,2026-02-27T21:48:45Z,Mobile,Email
S10051,U00140,2026-03-15T02:56:34Z,Mobile,Organic
S10052,U02155,2026-01-29T06:30:38Z,Desktop,Organic
S10053,U04003,2026-03-14T04:06:10Z,Desktop,Social
S10054,U02456,2026-01-14T13:06:08Z,Desktop,Paid Search
S10055,U04159,2026-02-28T06:43:01Z,Mobile,Organic
S10056,U00977,2026-01-26T22:10:50Z,Desktop,Organic
S10057,U03175,2026-02-07T19:07:02Z,Mobile,Organic
S10058,U01045,2026-02-21T04:35:45Z,Mobile,Paid Search
S10059,U01791,2026-01-07T01:07:33Z,Desktop,Organic
S10060,U07791,2026-02-10T17:59:04Z,Mobile,Organic
S10061,U01008,2026-01-10T13:06:17Z,Mobile,Organic
S10062,U03644,2026-02-12T08:45:42Z,Desktop,Organic
S10063,U04313,2026-01-06T08:01:55Z,Mobile,Social
S10064,U01310,2026-01-31T22:20:49Z,Desktop,Paid Search
S10065,U00606,2026-03-07T06:51:10Z,Tablet,Paid Search
S10066,U05153,2026-01-27T00:22:24Z,Mobile,Organic
S10067,U05379,2026-03-29T17:39:50Z,Desktop,Paid Search
S10068,U01711,2026-02-28T11:33:10Z,Desktop,Paid Search
S10069,U04475,2026-03-29T06:59:12Z,Tablet,Organic
S10070,U06141,2026-03-25T08:52:58Z,Desktop,Organic
S10071,U07516,2026-01-01T19:27:22Z,Tablet,Social
S10072,U01909,2026-01-19T18:19:38Z,Mobile,Organic
S10073,U00481,2026-01-09T00:33:52Z,Mobile,Social
S10074,U02047,2026-03-08T04:04:13Z,Mobile,Organic
S10075,U00845,2026-03-29T13:26:42Z,Mobile,Paid Search
S10076,U01307,2026-02-22T17:12:01Z,Mobile,Paid Search
S10077,U01136,2026-02-23T22:22:19Z,Mobile,Social
S10078,U06214,2026-01-27T20:29:51Z,Desktop,Email
S10079,U07574,2026-01-21T19:50:51Z,Desktop,Social
S10080,U02777,2026-03-27T13:45:42Z,Mobile,Social
S10081,U01807,2026-02-05T17:58:55Z,Desktop,Social
S10082,U01748,2026-01-23T10:07:59Z,Mobile,Paid Search
S10083,U05591,2026-03-01T05:21:20Z,Mobile,Social
S10084,U02267,2026-01-14T09:51:08Z,Desktop,Organic
S10085,U00407,2026-01-18T17:01:42Z,Mobile,Social
S10086,U06513,2026-01-02T22:23:21Z,Mobile,Organic
S10087,U04860,2026-03-01T10:19:13Z,Desktop,Email
S10088,U06299,2026-01-31T22:49:17Z,Mobile,Organic
S10089,U00506,2026-03-08T06:39:51Z,Tablet,Email
S10090,U05862,2026-03-15T23:02:26Z,Mobile,Email
S10091,U07922,2026-02-16T02:32:48Z,Mobile,Paid Search
S10092,U05605,2026-01-21T08:50:27Z,Desktop,Organic
S10093,U02385,2026-02-26T22:38:11Z,Mobile,Social
S10094,U03137,2026-01-01T07:54:46Z,Mobile,Organic
S10095,U07878,2026-01-14T11:40:41Z,Desktop,Paid Search
S10096,U06837,2026-02-20T01:13:22Z,Mobile,Paid Search
S10097,U05097,2026-03-19T07:21:24Z,Desktop,Social
S10098,U04982,2026-01-17T06:18:25Z,Mobile,Email
S10099,U04766,2026-01-31T09:17:19Z,Mobile,Organic
S10100,U00305,2026-01-09T06:19:49Z,Mobile,Organic
S10101,U00978,2026-03-27T17:00:12Z,Desktop,Organic
S10102,U05532,2026-01-07T23:19:40Z,Mobile,Paid Search
S10103,U02702,2026-03-14T07:18:13Z,Mobile,Organic
S10104,U02163,2026-02-13T13:54:10Z,Mobile,Social
S10105,U07191,2026-01-17T01:15:59Z,Desktop,Social
S10106,U06242,2026-03-07T10:45:46Z,Mobile,Paid Search
S10107,U03616,2026-02-21T11:07:12Z,Mobile,Paid Search
S10108,U07637,2026-01-15T09:35:57Z,Desktop,Paid Search
S10109,U07718,2026-01-11T16:47:05Z,Mobile,Email
S10110,U00883,2026-03-03T00:28:30Z,Mobile,Organic
S10111,U03232,2026-03-13T06:13:46Z,Mobile,Social
S10112,U07983,2026-01-31T09:32:32Z,Mobile,Social
S10113,U04611,2026-01-01T06:15:07Z,Mobile,Organic
S10114,U01549,2026-01-20T19:12:27Z,Desktop,Paid Search
S10115,U01217,2026-03-04T06:20:19Z,Desktop,Organic
S10116,U04447,2026-01-07T00:26:35Z,Mobile,Organic
S10117,U06082,2026-01-17T09:51:03Z,Mobile,Email
S10118,U03713,2026-03-17T18:38:33Z,Mobile,Organic
S10119,U07353,2026-03-16T00:47:27Z,Desktop,Social
S10120,U06720,2026-02-25T22:37:47Z,Mobile,Paid Search
S10121,U01528,2026-01-29T16:09:36Z,Mobile,Organic
S10122,U01169,2026-01-05T19:31:35Z,Mobile,Organic
S10123,U01194,2026-02-12T22:40:23Z,Tablet,Organic
S10124,U07672,2026-03-08T08:41:44Z,Desktop,Paid Search
S10125,U06888,2026-02-19T22:57:08Z,Desktop,Email
S10126,U01780,2026-02-03T20:20:08Z,Desktop,Organic
S10127,U00590,2026-01-18T08:29:42Z,Mobile,Email
S10128,U01781,2026-03-28T20:06:02Z,Mobile,Social
S10129,U06328,2026-03-23T09:31:58Z,Desktop,Organic
S10130,U01363,2026-02-05T05:18:02Z,Desktop,Organic
S10131,U05933,2026-03-20T00:26:56Z,Desktop,Social
S10132,U06481,2026-03-12T17:18:19Z,Desktop,Organic
S10133,U06308,2026-01-02T05:46:33Z,Desktop,Social
S10134,U07834,2026-03-16T13:05:59Z,Mobile,Paid Search
S10135,U01562,2026-02-10T17:48:19Z,Mobile,Organic
S10136,U01786,2026-01-24T02:08:05Z,Mobile,Social
S10137,U00031,2026-03-13T06:07:38Z,Mobile,Email
S10138,U07297,2026-03-09T17:30:53Z,Mobile,Organic
S10139,U06544,2026-01-21T15:29:25Z,Mobile,Email
S10140,U03018,2026-03-18T12:55:41Z,Desktop,Social
S10141,U04761,2026-03-07T17:33:38Z,Mobile,Paid Search
S10142,U01133,2026-01-07T13:05:27Z,Mobile,Organic
S10143,U02699,2026-03-31T13:38:50Z,Desktop,Email
S10144,U04908,2026-02-20T14:44:40Z,Mobile,Paid Search
S10145,U06407,2026-01-03T00:31:46Z,Mobile,Organic
S10146,U03617,2026-01-06T02:27:39Z,Mobile,Organic
S10147,U02002,2026-02-25T16:43:02Z,Desktop,Organic
S10148,U02323,2026-01-23T07:27:29Z,Mobile,Organic
S10149,U01450,2026-01-16T08:32:59Z,Desktop,Organic
S10150,U07138,2026-02-16T03:03:09Z,Desktop,Paid Search
S10151,U05866,2026-02-14T12:11:23Z,Desktop,Organic
S10152,U01917,2026-01-15T07:14:14Z,Desktop,Organic
S10153,U02182,2026-01-30T05:31:47Z,Mobile,Social
S10154,U05177,2026-01-04T12:11:54Z,Desktop,Organic
S10155,U00777,2026-02-20T05:03:40Z,Mobile,Social
S10156,U07912,2026-03-13T10:53:51Z,Mobile,Paid Search
S10157,U04611,2026-03-18T18:31:16Z,Desktop,Email
S10158,U05851,2026-03-05T10:36:44Z,Mobile,Organic
S10159,U02624,2026-03-08T12:29:02Z,Desktop,Social
S10160,U03264,2026-03-13T18:37:58Z,Mobile,Paid Search
S10161,U01810,2026-01-04T09:00:26Z,Desktop,Social
S10162,U01063,2026-01-09T07:05:00Z,Mobile,Paid Search
S10163,U07756,2026-01-10T16:23:10Z,Mobile,Social
S10164,U07711,2026-03-22T14:56:58Z,Mobile,Email
S10165,U03476,2026-02-08T06:46:57Z,Mobile,Paid Search
S10166,U07579,2026-01-01T04:16:19Z,Mobile,Email
S10167,U06680,2026-01-14T04:23:50Z,Mobile,Paid Search
S10168,U07683,2026-01-21T12:54:29Z,Mobile,Social
S10169,U02675,2026-01-16T12:00:42Z,Mobile,Paid Search
S10170,U03287,2026-03-10T00:38:52Z,Desktop,Organic
S10171,U06169,2026-01-08T09:01:20Z,Desktop,Organic
S10172,U03431,2026-03-30T16:36:05Z,Mobile,Organic
S10173,U05759,2026-02-25T00:19:50Z,Mobile,Organic
S10174,U04785,2026-03-21T19:04:22Z,Mobile,Social
S10175,U07807,2026-01-08T14:21:21Z,Mobile,Social
S10176,U01478,2026-01-14T12:01:41Z,Mobile,Social
S10177,U00854,2026-03-19T01:06:55Z,Mobile,Social
S10178,U00541,2026-02-20T09:19:54Z,Mobile,Organic
S10179,U05319,2026-01-01T01:04:42Z,Mobile,Paid Search
S10180,U05069,2026-01-21T07:22:56Z,Mobile,Social
S10181,U00547,2026-03-07T19:56:56Z,Desktop,Social
S10182,U02093,2026-03-30T18:31:28Z,Mobile,Paid Search
S10183,U01232,2026-02-03T09:59:17Z,Mobile,Social
S10184,U05125,2026-03-03T01:51:51Z,Mobile,Social
S10185,U00032,2026-02-09T04:36:04Z,Desktop,Paid Search
S10186,U04153,2026-01-18T12:48:27Z,Desktop,Social
S10187,U04837,2026-01-14T04:00:40Z,Mobile,Organic
S10188,U07332,2026-01-11T06:47:26Z,Desktop,Social
S10189,U07341,2026-03-31T05:10:28Z,Mobile,Paid Search
S10190,U00431,2026-02-27T03:45:55Z,Mobile,Social
S10191,U00015,2026-03-18T11:46:11Z,Desktop,Social
S10192,U02291,2026-03-23T19:40:07Z,Tablet,Paid Search
S10193,U05522,2026-01-04T23:04:41Z,Desktop,Organic
S10194,U02214,2026-01-30T07:01:36Z,Tablet,Social
S10195,U05953,2026-03-02T03:16:52Z,Mobile,Paid Search
S10196,U02921,2026-02-14T02:56:31Z,Desktop,Organic
S10197,U01206,2026-01-16T03:14:16Z,Mobile,Paid Search
S10198,U06277,2026-03-18T14:22:28Z,Desktop,Social
S10199,U03833,2026-02-23T05:11:19Z,Mobile,Social
S10200,U04921,2026-03-27T21:53:20Z,Mobile,Paid Search
S10201,U02312,2026-03-18T09:42:27Z,Mobile,Email
S10202,U03887,2026-03-06T06:20:10Z,Mobile,Social
S10203,U03840,2026-03-24T14:45:54Z,Mobile,Email
S10204,U07221,2026-01-01T02:28:07Z,Desktop,Organic
S10205,U01647,2026-01-04T13:28:51Z,Mobile,Organic
S10206,U01700,2026-01-14T05:16:46Z,Mobile,Paid Search
S10207,U03583,2026-03-25T20:23:45Z,Desktop,Organic
S10208,U06427,2026-02-09T20:30:34Z,Mobile,Organic
S10209,U06056,2026-01-17T04:22:20Z,Mobile,Organic
S10210,U01468,2026-02-07T11:37:55Z,Mobile,Paid Search
S10211,U03850,2026-03-23T00:40:35Z,Mobile,Organic
S10212,U04852,2026-03-18T23:11:16Z,Desktop,Paid Search
S10213,U06861,2026-01-06T09:32:50Z,Mobile,Organic
S10214,U05285,2026-01-08T14:18:47Z,Mobile,Social
S10215,U00013,2026-02-16T22:36:25Z,Tablet,Paid Search
S10216,U07206,2026-03-21T16:10:53Z,Desktop,Organic
S10217,U06387,2026-01-28T11:53:22Z,Tablet,Social
S10218,U05471,2026-03-08T15:11:45Z,Desktop,Social
S10219,U03084,2026-02-02T13:57:57Z,Desktop,Social
S10220,U04708,2026-02-19T08:25:33Z,Mobile,Social
S10221,U04844,2026-01-30T22:51:51Z,Mobile,Organic
S10222,U00525,2026-03-22T12:55:50Z,Mobile,Paid Search
S10223,U02378,2026-01-12T16:33:19Z,Desktop,Paid Search
S10224,U00218,2026-02-16T14:24:01Z,Mobile,Paid Search
S10225,U00710,2026-03-31T20:50:48Z,Mobile,Social
S10226,U02973,2026-03-22T06:55:08Z,Mobile,Social
S10227,U02048,2026-01-10T21:03:49Z,Desktop,Social
S10228,U07787,2026-03-17T14:11:51Z,Mobile,Social
S10229,U01136,2026-03-27T20:35:51Z,Mobile,Paid Search
S10230,U04831,2026-01-29T09:00:20Z,Desktop,Email
S10231,U01902,2026-03-22T01:04:05Z,Mobile,Organic
S10232,U03429,2026-02-06T08:46:14Z,Desktop,Social
S10233,U04802,2026-02-14T04:09:56Z,Mobile,Paid Search
S10234,U07240,2026-03-21T09:15:49Z,Mobile,Paid Search
S10235,U00739,2026-02-03T01:38:19Z,Mobile,Paid Search
S10236,U01295,2026-03-13T23:15:01Z,Mobile,Organic
S10237,U00861,2026-02-12T13:30:19Z,Mobile,Social
S10238,U00660,2026-01-19T07:47:07Z,Desktop,Organic
S10239,U07716,2026-03-01T05:08:47Z,Desktop,Organic
S10240,U05632,2026-02-09T09:23:59Z,Mobile,Paid Search
S10241,U04661,2026-03-02T05:37:24Z,Mobile,Social
S10242,U00456,2026-03-30T22:20:14Z,Mobile,Social
S10243,U06984,2026-01-16T18:47:21Z,Desktop,Paid Search
S10244,U00318,2026-03-25T15:07:14Z,Mobile,Email
S10245,U07723,2026-01-23T21:12:44Z,Mobile,Social
S10246,U00963,2026-01-25T12:37:14Z,Desktop,Organic
S10247,U04990,2026-03-30T19:00:02Z,Mobile,Paid Search
S10248,U00363,2026-03-20T04:30:39Z,Desktop,Paid Search
S10249,U06985,2026-03-04T16:11:46Z,Mobile,Organic
S10250,U05888,2026-03-22T07:56:00Z,Mobile,Organic
S10251,U01193,2026-02-08T07:19:02Z,Desktop,Organic
S10252,U02947,2026-02-26T09:24:57Z,Mobile,Organic
S10253,U00292,2026-02-23T22:55:42Z,Mobile,Paid Search
S10254,U07294,2026-02-28T00:09:16Z,Mobile,Social
S10255,U03957,2026-01-31T07:13:04Z,Mobile,Email
S10256,U01237,2026-03-21T02:54:24Z,Desktop,Email
S10257,U00785,2026-03-13T19:35:19Z,Mobile,Social
S10258,U00204,2026-01-22T18:25:03Z,Mobile,Email
S10259,U02204,2026-03-16T17:09:15Z,Desktop,Social
S10260,U04202,2026-03-30T13:30:25Z,Mobile,Organic
S10261,U04994,2026-03-06T08:49:16Z,Mobile,Paid Search
S10262,U05042,2026-01-10T04:12:41Z,Mobile,Paid Search
S10263,U04511,2026-03-29T00:19:56Z,Desktop,Paid Search
S10264,U01273,2026-03-25T21:57:11Z,Tablet,Social
S10265,U07967,2026-01-13T09:41:27Z,Mobile,Social
S10266,U06295,2026-03-22T10:19:14Z,Mobile,Social
S10267,U04781,2026-01-26T12:23:08Z,Desktop,Paid Search
S10268,U03362,2026-02-27T03:00:48Z,Mobile,Paid Search
S10269,U05555,2026-03-21T05:18:20Z,Desktop,Email
S10270,U01355,2026-02-17T14:36:56Z,Desktop,Paid Search
S10271,U02515,2026-03-19T05:15:30Z,Mobile,Social
S10272,U00343,2026-03-13T19:31:40Z,Desktop,Email
S10273,U02296,2026-02-10T11:55:50Z,Mobile,Paid Search
S10274,U03670,2026-01-25T02:42:30Z,Desktop,Organic
S10275,U05515,2026-01-20T09:04:04Z,Desktop,Organic
S10276,U02044,2026-02-15T21:01:13Z,Mobile,Social
S10277,U00167,2026-03-06T04:09:52Z,Mobile,Social
S10278,U06386,2026-02-12T15:57:37Z,Desktop,Paid Search
S10279,U07407,2026-02-10T19:21:08Z,Desktop,Social
S10280,U05383,2026-01-25T12:45:27Z,Mobile,Social
S10281,U07026,2026-01-20T05:11:40Z,Mobile,Social
S10282,U05421,2026-02-12T16:18:27Z,Mobile,Email
S10283,U05866,2026-02-19T06:13:11Z,Mobile,Organic
S10284,U05429,2026-02-13T00:04:18Z,Mobile,Paid Search
S10285,U03203,2026-02-13T11:33:39Z,Desktop,Organic
S10286,U05702,2026-03-22T01:52:42Z,Mobile,Organic
S10287,U04126,2026-02-14T17:27:31Z,Desktop,Social
S10288,U02500,2026-03-18T20:00:13Z,Mobile,Social
S10289,U03593,2026-01-23T19:54:11Z,Mobile,Organic
S10290,U03364,2026-03-24T19:58:20Z,Desktop,Organic
S10291,U00445,2026-01-10T15:33:30Z,Mobile,Organic
S10292,U01121,2026-01-09T06:08:51Z,Mobile,Organic
S10293,U02552,2026-03-04T05:33:44Z,Mobile,Paid Search
S10294,U07550,2026-03-30T08:16:31Z,Desktop,Paid Search
S10295,U01488,2026-03-13T03:19:39Z,Mobile,Social
S10296,U03853,2026-01-14T11:04:58Z,Desktop,Organic
S10297,U00040,2026-01-16T02:13:02Z,Desktop,Paid Search
S10298,U02443,2026-01-21T14:43:18Z,Mobile,Organic
S10299,U00894,2026-03-04T15:01:09Z,Desktop,Social
S10300,U00649,2026-02-04T07:16:01Z,Mobile,Organic
S10301,U07535,2026-01-13T21:57:35Z,Mobile,Social
S10302,U06170,2026-02-02T13:11:35Z,Mobile,Organic
S10303,U03987,2026-01-19T10:12:24Z,Mobile,Organic
S10304,U05612,2026-03-20T20:32:15Z,Mobile,Paid Search
S10305,U07768,2026-01-22T21:43:37Z,Mobile,Paid Search
S10306,U03535,2026-02-17T22:01:15Z,Mobile,Paid Search
S10307,U06436,2026-02-12T00:17:18Z,Mobile,Organic
S10308,U06352,2026-01-21T21:39:56Z,Desktop,Social
S10309,U04195,2026-02-18T02:53:16Z,Mobile,Organic
S10310,U06774,2026-01-29T10:17:06Z,Mobile,Email
S10311,U04897,2026-02-01T05:02:58Z,Mobile,Organic
S10312,U03954,2026-03-17T14:51:16Z,Mobile,Paid Search
S10313,U06577,2026-01-16T12:56:37Z,Desktop,Email
S10314,U00118,2026-01-24T06:07:43Z,Desktop,Organic
S10315,U06217,2026-01-05T11:31:51Z,Mobile,Organic
S10316,U06645,2026-02-02T09:22:00Z,Desktop,Social
S10317,U03630,2026-01-18T02:24:26Z,Desktop,Organic
S10318,U01402,2026-02-16T07:36:03Z,Desktop,Organic
S10319,U06226,2026-03-28T11:07:29Z,Mobile,Paid Search
S10320,U01242,2026-02-21T08:19:56Z,Mobile,Paid Search
S10321,U04681,2026-02-02T22:55:33Z,Desktop,Email
S10322,U02672,2026-02-13T23:05:07Z,Mobile,Paid Search
S10323,U04934,2026-02-04T03:59:26Z,Mobile,Organic
S10324,U05395,2026-02-26T13:00:19Z,Mobile,Organic
S10325,U07904,2026-01-02T11:51:48Z,Desktop,Social
S10326,U05031,2026-03-22T04:30:10Z,Desktop,Social
S10327,U01920,2026-03-10T20:40:33Z,Mobile,Social
S10328,U05252,2026-01-31T21:34:01Z,Mobile,Paid Search
S10329,U00189,2026-03-30T03:38:14Z,Desktop,Organic
S10330,U00502,2026-01-09T19:37:35Z,Mobile,Organic
S10331,U07556,2026-03-14T03:35:05Z,Desktop,Paid Search
S10332,U03395,2026-02-12T07:44:54Z,Mobile,Organic
S10333,U02657,2026-03-17T13:44:56Z,Mobile,Organic
S10334,U07801,2026-01-21T14:29:12Z,Mobile,Organic
S10335,U06438,2026-03-05T19:27:20Z,Desktop,Organic
S10336,U04519,2026-02-07T02:16:57Z,Mobile,Social
S10337,U02913,2026-01-30T02:40:54Z,Tablet,Email
S10338,U07274,2026-01-01T11:41:52Z,Desktop,Organic
S10339,U02932,2026-02-18T21:42:20Z,Desktop,Organic
S10340,U07876,2026-02-10T05:15:50Z,Desktop,Organic
S10341,U06458,2026-03-19T22:39:06Z,Mobile,Email
S10342,U07599,2026-01-07T17:00:57Z,Mobile,Paid Search
S10343,U02499,2026-03-14T17:31:05Z,Mobile,Paid Search
S10344,U00101,2026-03-23T17:30:58Z,Mobile,Paid Search
S10345,U00166,2026-03-26T17:11:43Z,Mobile,Paid Search
S10346,U02373,2026-02-18T00:29:53Z,Desktop,Social
S10347,U00362,2026-01-20T00:53:38Z,Mobile,Organic
S10348,U02134,2026-01-11T08:29:11Z,Desktop,Social
S10349,U00602,2026-02-02T17:42:11Z,Mobile,Paid Search
S10350,U05759,2026-03-25T11:24:44Z,Tablet,Social
S10351,U05507,2026-02-11T10:28:20Z,Tablet,Paid Search
S10352,U02232,2026-02-25T14:55:51Z,Mobile,Organic
S10353,U04857,2026-03-13T08:01:55Z,Mobile,Organic
S10354,U02570,2026-03-04T21:42:13Z,Mobile,Organic
S10355,U05212,2026-01-30T05:23:14Z,Mobile,Paid Search
S10356,U04974,2026-01-30T02:08:45Z,Mobile,Social
S10357,U04092,2026-01-12T01:29:22Z,Desktop,Paid Search
S10358,U05737,2026-01-30T06:32:30Z,Mobile,Paid Search
S10359,U01776,2026-02-19T12:35:33Z,Mobile,Social
S10360,U05038,2026-01-30T09:59:34Z,Desktop,Paid Search
S10361,U01192,2026-02-08T19:54:34Z,Mobile,Social
S10362,U00747,2026-01-10T07:01:05Z,Desktop,Paid Search
S10363,U07506,2026-01-05T22:19:01Z,Mobile,Paid Search
S10364,U04373,2026-01-18T21:40:20Z,Desktop,Paid Search
S10365,U05765,2026-02-23T03:36:05Z,Desktop,Organic
S10366,U00432,2026-03-22T15:33:29Z,Mobile,Paid Search
S10367,U00520,2026-02-22T11:25:23Z,Mobile,Organic
S10368,U03652,2026-03-19T03:49:37Z,Mobile,Organic
S10369,U00828,2026-02-15T13:54:16Z,Mobile,Organic
S10370,U02597,2026-01-17T18:38:33Z,Desktop,Paid Search
S10371,U07525,2026-01-14T09:30:10Z,Mobile,Organic
S10372,U07485,2026-02-02T06:30:17Z,Mobile,Social
S10373,U07708,2026-02-11T03:53:03Z,Mobile,Organic
S10374,U03048,2026-01-22T11:47:58Z,Desktop,Organic
S10375,U04625,2026-01-12T16:57:25Z,Mobile,Organic
S10376,U03878,2026-02-05T15:01:21Z,Desktop,Social
S10377,U04928,2026-01-11T05:14:22Z,Mobile,Paid Search
S10378,U04410,2026-01-11T22:01:24Z,Desktop,Social
S10379,U02831,2026-01-31T08:30:58Z,Mobile,Paid Search
S10380,U02915,2026-03-21T16:23:57Z,Desktop,Organic
S10381,U03744,2026-02-26T22:35:18Z,Mobile,Social
S10382,U00376,2026-01-04T01:14:05Z,Mobile,Organic
S10383,U04485,2026-02-27T06:37:06Z,Desktop,Organic
S10384,U00753,2026-03-12T08:59:52Z,Mobile,Social
S10385,U05551,2026-02-01T13:11:51Z,Mobile,Paid Search
S10386,U02518,2026-01-03T14:03:52Z,Mobile,Organic
S10387,U05001,2026-01-18T22:06:20Z,Mobile,Paid Search
S10388,U07649,2026-01-09T12:09:51Z,Mobile,Organic
S10389,U07386,2026-03-27T15:02:13Z,Mobile,Paid Search
S10390,U02176,2026-01-26T11:30:34Z,Mobile,Paid Search
S10391,U03534,2026-01-12T19:03:52Z,Mobile,Organic
S10392,U02521,2026-01-21T01:36:33Z,Mobile,Social
S10393,U00716,2026-03-16T17:03:02Z,Mobile,Organic
S10394,U00721,2026-03-27T22:18:46Z,Desktop,Social
S10395,U00296,2026-01-21T21:31:23Z,Mobile,Social
S10396,U01907,2026-02-13T16:41:21Z,Desktop,Paid Search
S10397,U07758,2026-01-11T15:38:58Z,Mobile,Email
S10398,U01941,2026-02-16T15:32:44Z,Desktop,Email
S10399,U05966,2026-03-01T20:16:56Z,Desktop,Social
S10400,U00221,2026-03-19T17:47:50Z,Mobile,Organic
S10401,U00741,2026-01-05T12:43:29Z,Mobile,Organic
S10402,U02698,2026-01-28T14:25:53Z,Desktop,Social
S10403,U05327,2026-02-28T01:45:17Z,Desktop,Organic
S10404,U03075,2026-02-15T13:28:42Z,Desktop,Social
S10405,U01936,2026-02-02T15:50:53Z,Mobile,Email
S10406,U01323,2026-02-08T06:54:19Z,Mobile,Organic
S10407,U01721,2026-01-10T07:09:06Z,Mobile,Social
S10408,U02240,2026-03-12T10:30:22Z,Mobile,Organic
S10409,U06563,2026-01-24T06:09:39Z,Mobile,Social
S10410,U01986,2026-03-05T05:35:23Z,Mobile,Organic
S10411,U06495,2026-03-29T00:46:05Z,Mobile,Email
S10412,U05560,2026-01-19T23:13:44Z,Mobile,Organic
S10413,U04878,2026-03-05T12:43:10Z,Mobile,Paid Search
S10414,U01949,2026-03-22T21:02:35Z,Mobile,Organic
S10415,U06693,2026-01-01T18:26:19Z,Desktop,Social
S10416,U03230,2026-01-29T12:13:31Z,Desktop,Paid Search
S10417,U02266,2026-03-27T09:36:30Z,Desktop,Social
S10418,U03271,2026-02-19T10:27:50Z,Mobile,Social
S10419,U01508,2026-02-19T12:09:31Z,Mobile,Paid Search
S10420,U07399,2026-01-19T10:11:01Z,Desktop,Organic
S10421,U05789,2026-01-15T05:07:32Z,Mobile,Organic
S10422,U06294,2026-03-18T11:15:36Z,Tablet,Organic
S10423,U02227,2026-01-06T13:24:13Z,Mobile,Social
S10424,U05457,2026-03-01T11:10:56Z,Mobile,Organic
S10425,U04219,2026-03-26T20:28:03Z,Mobile,Email
S10426,U04977,2026-02-15T00:11:59Z,Desktop,Social
S10427,U05504,2026-03-12T01:05:16Z,Mobile,Social
S10428,U05847,2026-03-15T01:35:49Z,Mobile,Organic
S10429,U06519,2026-01-19T05:51:28Z,Mobile,Organic
S10430,U03037,2026-02-11T06:12:48Z,Mobile,Social
S10431,U04010,2026-03-23T10:51:37Z,Desktop,Organic
S10432,U04050,2026-01-18T15:04:56Z,Desktop,Social
S10433,U02507,2026-03-03T06:39:53Z,Tablet,Email
S10434,U03040,2026-03-07T12:26:29Z,Mobile,Email
S10435,U06026,2026-03-18T20:57:19Z,Mobile,Social
S10436,U07741,2026-03-28T03:00:25Z,Mobile,Social
S10437,U02059,2026-01-06T12:31:27Z,Mobile,Email
S10438,U01599,2026-03-16T02:57:10Z,Desktop,Paid Search
S10439,U01121,2026-01-26T01:50:13Z,Mobile,Social
S10440,U02282,2026-02-02T04:56:35Z,Mobile,Organic
S10441,U03692,2026-03-06T10:15:06Z,Desktop,Organic
S10442,U00546,2026-02-09T19:43:16Z,Mobile,Paid Search
S10443,U03044,2026-02-05T11:09:29Z,Tablet,Social
S10444,U05281,2026-03-26T15:42:38Z,Mobile,Paid Search
S10445,U07724,2026-02-02T03:12:41Z,Mobile,Paid Search
S10446,U00003,2026-02-22T01:36:09Z,Mobile,Social
S10447,U00862,2026-03-21T06:05:04Z,Tablet,Organic
S10448,U04621,2026-01-17T13:43:02Z,Desktop,Organic
S10449,U00899,2026-02-21T00:09:52Z,Mobile,Organic
S10450,U02225,2026-01-15T00:24:12Z,Mobile,Social
S10451,U07071,2026-02-14T05:20:01Z,Mobile,Organic
S10452,U05048,2026-01-15T20:10:17Z,Mobile,Social
S10453,U04842,2026-02-06T20:32:29Z,Mobile,Paid Search
S10454,U05970,2026-03-21T05:38:35Z,Mobile,Social
S10455,U03130,2026-01-11T14:56:51Z,Desktop,Organic
S10456,U03766,2026-02-26T18:19:46Z,Desktop,Social
S10457,U00707,2026-03-08T23:14:34Z,Mobile,Social
S10458,U02428,2026-02-24T08:07:00Z,Mobile,Social
S10459,U06435,2026-02-08T01:06:25Z,Desktop,Email
S10460,U01559,2026-03-25T08:38:33Z,Desktop,Organic
S10461,U07746,2026-02-12T10:52:48Z,Mobile,Organic
S10462,U07851,2026-01-23T09:06:09Z,Mobile,Email
S10463,U05889,2026-02-12T19:14:48Z,Mobile,Organic
S10464,U03153,2026-03-20T00:33:26Z,Desktop,Paid Search
S10465,U03108,2026-03-28T15:52:58Z,Mobile,Social
S10466,U07253,2026-02-09T22:45:45Z,Desktop,Paid Search
S10467,U00782,2026-02-10T18:41:49Z,Mobile,Social
S10468,U06082,2026-01-04T04:00:19Z,Mobile,Email
S10469,U03902,2026-02-11T22:59:14Z,Mobile,Social
S10470,U07089,2026-03-12T00:37:00Z,Mobile,Paid Search
S10471,U03095,2026-01-28T22:00:46Z,Mobile,Organic
S10472,U04633,2026-03-27T00:47:17Z,Mobile,Organic
S10473,U00009,2026-01-08T17:00:58Z,Mobile,Organic
S10474,U06628,2026-01-18T12:45:54Z,Desktop,Organic
S10475,U00011,2026-03-16T07:54:30Z,Mobile,Paid Search
S10476,U05083,2026-02-04T07:10:17Z,Mobile,Organic
S10477,U05317,2026-03-17T09:55:00Z,Tablet,Organic
S10478,U07792,2026-03-07T17:36:26Z,Mobile,Organic
S10479,U03538,2026-03-01T12:32:09Z,Mobile,Organic
S10480,U05306,2026-01-15T04:08:58Z,Mobile,Email
S10481,U03756,2026-02-08T21:38:19Z,Desktop,Social
S10482,U06138,2026-02-13T17:58:48Z,Mobile,Organic
S10483,U05720,2026-01-15T15:33:02Z,Mobile,Paid Search
S10484,U03789,2026-01-07T09:43:56Z,Mobile,Email
S10485,U06581,2026-02-05T03:31:56Z,Desktop,Paid Search
S10486,U00231,2026-02-01T17:16:53Z,Mobile,Paid Search
S10487,U00681,2026-02-03T05:40:52Z,Mobile,Organic
S10488,U00806,2026-03-05T16:51:32Z,Desktop,Email
S10489,U07381,2026-03-22T16:40:03Z,Desktop,Paid Search
S10490,U01266,2026-01-20T19:39:31Z,Desktop,Paid Search
S10491,U00646,2026-02-13T00:19:52Z,Mobile,Paid Search
S10492,U06122,2026-01-27T13:34:56Z,Desktop,Paid Search
S10493,U03081,2026-02-25T15:20:14Z,Mobile,Organic
S10494,U01210,2026-01-19T07:50:31Z,Mobile,Organic
S10495,U04855,2026-01-24T05:41:05Z,Mobile,Email
S10496,U05426,2026-01-30T03:50:41Z,Mobile,Social
S10497,U05366,2026-01-12T19:49:18Z,Desktop,Organic
S10498,U06006,2026-01-17T05:58:07Z,Mobile,Organic
S10499,U04577,2026-03-06T16:10:12Z,Mobile,Paid Search
S10500,U00822,2026-01-29T19:12:07Z,Mobile,Paid Search
S10501,U07843,2026-01-04T06:57:38Z,Mobile,Organic
S10502,U06482,2026-02-21T21:10:50Z,Desktop,Paid Search
S10503,U06863,2026-01-08T17:07:13Z,Desktop,Social
S10504,U01281,2026-03-19T00:04:48Z,Desktop,Organic
S10505,U05978,2026-02-26T21:09:29Z,Desktop,Paid Search
S10506,U01767,2026-01-11T22:00:39Z,Desktop,Paid Search
S10507,U04644,2026-01-07T11:14:31Z,Desktop,Paid Search
S10508,U06462,2026-01-09T22:48:09Z,Desktop,Paid Search
S10509,U02017,2026-03-28T10:41:10Z,Desktop,Organic
S10510,U00786,2026-03-03T12:39:50Z,Mobile,Organic
S10511,U06812,2026-03-21T14:30:48Z,Mobile,Paid Search
S10512,U06729,2026-02-13T09:15:33Z,Desktop,Email
S10513,U07955,2026-01-31T00:33:13Z,Mobile,Paid Search
S10514,U04222,2026-01-19T10:51:08Z,Mobile,Organic
S10515,U00986,2026-01-09T11:40:15Z,Desktop,Organic
S10516,U03986,2026-01-27T05:16:37Z,Desktop,Organic
S10517,U07751,2026-03-01T11:31:35Z,Mobile,Organic
S10518,U01197,2026-02-05T08:55:09Z,Desktop,Social
S10519,U04676,2026-02-20T16:28:17Z,Desktop,Social
S10520,U00338,2026-01-29T04:40:44Z,Mobile,Email
S10521,U04961,2026-02-07T04:36:01Z,Desktop,Paid Search
S10522,U01716,2026-01-18T14:57:39Z,Mobile,Organic
S10523,U00697,2026-01-26T05:44:45Z,Mobile,Social
S10524,U05952,2026-03-22T16:56:39Z,Mobile,Social
S10525,U01055,2026-02-17T03:40:44Z,Mobile,Social
S10526,U00564,2026-03-01T17:00:32Z,Desktop,Organic
S10527,U07190,2026-02-05T20:57:03Z,Desktop,Organic
S10528,U05402,2026-03-22T18:20:03Z,Mobile,Paid Search
S10529,U02178,2026-01-20T02:10:04Z,Mobile,Paid Search
S10530,U07251,2026-02-19T10:00:48Z,Mobile,Organic
S10531,U00496,2026-03-01T02:55:35Z,Desktop,Organic
S10532,U06494,2026-01-14T14:51:45Z,Mobile,Organic
S10533,U01246,2026-01-19T04:24:36Z,Desktop,Organic
S10534,U00857,2026-02-07T18:07:35Z,Mobile,Organic
S10535,U06042,2026-02-24T09:06:15Z,Mobile,Social
S10536,U00857,2026-02-12T17:02:56Z,Desktop,Paid Search
S10537,U01504,2026-03-26T09:30:07Z,Desktop,Paid Search
S10538,U03463,2026-01-22T02:10:32Z,Desktop,Paid Search
S10539,U07007,2026-01-20T09:03:23Z,Desktop,Social
S10540,U05682,2026-01-20T20:16:58Z,Mobile,Paid Search
S10541,U01991,2026-02-19T01:52:56Z,Desktop,Social
S10542,U05077,2026-03-18T10:14:57Z,Mobile,Paid Search
S10543,U03598,2026-03-28T00:30:34Z,Desktop,Paid Search
S10544,U04117,2026-03-04T02:42:27Z,Mobile,Organic
S10545,U06877,2026-02-10T01:58:07Z,Mobile,Social
S10546,U07105,2026-01-02T16:05:01Z,Desktop,Paid Search
S10547,U01200,2026-01-18T02:26:08Z,Mobile,Paid Search
S10548,U01780,2026-03-07T20:33:16Z,Mobile,Social
S10549,U05892,2026-01-01T10:14:17Z,Mobile,Paid Search
S10550,U07564,2026-03-30T13:10:14Z,Desktop,Organic
S10551,U07217,2026-01-18T10:55:46Z,Mobile,Organic
S10552,U06234,2026-03-14T02:19:16Z,Desktop,Organic
S10553,U02432,2026-01-02T14:30:13Z,Mobile,Organic
S10554,U01324,2026-03-19T03:53:10Z,Desktop,Organic
S10555,U04832,2026-01-12T04:27:14Z,Mobile,Organic
S10556,U01770,2026-01-14T14:36:01Z,Mobile,Organic
S10557,U02617,2026-01-01T10:38:18Z,Desktop,Paid Search
S10558,U04039,2026-03-06T18:24:47Z,Desktop,Paid Search
S10559,U03325,2026-03-11T17:09:43Z,Mobile,Social
S10560,U04851,2026-03-28T18:05:30Z,Desktop,Social
S10561,U07091,2026-01-16T15:07:36Z,Mobile,Social
S10562,U02542,2026-01-22T13:45:47Z,Mobile,Email
S10563,U05708,2026-02-10T22:21:05Z,Desktop,Organic
S10564,U04958,2026-03-24T09:51:05Z,Mobile,Organic
S10565,U04526,2026-02-02T04:06:05Z,Desktop,Organic
S10566,U02877,2026-03-24T06:06:18Z,Mobile,Social
S10567,U04849,2026-02-09T16:22:12Z,Mobile,Paid Search
S10568,U07852,2026-02-18T15:29:49Z,Tablet,Paid Search
S10569,U00035,2026-03-25T19:17:41Z,Mobile,Paid Search
S10570,U06468,2026-01-29T03:57:41Z,Desktop,Organic
S10571,U04632,2026-03-05T01:39:48Z,Mobile,Organic
S10572,U03322,2026-02-09T02:11:09Z,Mobile,Organic
S10573,U07566,2026-01-04T16:30:21Z,Mobile,Organic
S10574,U03901,2026-02-16T01:38:55Z,Desktop,Social
S10575,U07206,2026-02-16T14:02:01Z,Desktop,Organic
S10576,U06512,2026-02-08T01:47:23Z,Desktop,Organic
S10577,U06680,2026-02-07T01:22:34Z,Mobile,Paid Search
S10578,U05446,2026-02-02T10:35:31Z,Mobile,Paid Search
S10579,U04366,2026-01-20T17:26:57Z,Desktop,Paid Search
S10580,U00319,2026-01-19T00:23:00Z,Mobile,Organic
S10581,U04895,2026-03-18T09:42:50Z,Desktop,Paid Search
S10582,U02827,2026-03-04T12:16:52Z,Mobile,Social
S10583,U02052,2026-01-02T15:10:02Z,Tablet,Social
S10584,U01290,2026-03-16T15:32:41Z,Mobile,Social
S10585,U04699,2026-02-12T04:43:42Z,Mobile,Paid Search
S10586,U04291,2026-01-11T16:26:29Z,Desktop,Email
S10587,U04946,2026-01-15T20:22:49Z,Mobile,Paid Search
S10588,U00691,2026-03-22T00:31:27Z,Desktop,Paid Search
S10589,U00275,2026-03-03T05:03:27Z,Mobile,Organic
S10590,U06814,2026-02-08T12:21:36Z,Mobile,Social
S10591,U02432,2026-02-05T06:58:19Z,Mobile,Paid Search
S10592,U02726,2026-02-23T10:47:07Z,Mobile,Social
S10593,U01826,2026-02-16T17:30:23Z,Desktop,Paid Search
S10594,U00256,2026-03-30T04:51:24Z,Desktop,Organic
S10595,U05822,2026-03-14T12:17:22Z,Mobile,Paid Search
S10596,U07660,2026-01-16T20:10:19Z,Mobile,Organic
S10597,U07279,2026-01-30T13:40:10Z,Desktop,Organic
S10598,U04916,2026-03-11T01:22:42Z,Mobile,Social
S10599,U05087,2026-03-08T23:14:36Z,Desktop,Paid Search
S10600,U07758,2026-03-27T09:42:33Z,Mobile,Organic
S10601,U04176,2026-02-24T06:23:43Z,Desktop,Paid Search
S10602,U00460,2026-03-24T14:17:07Z,Mobile,Social
S10603,U00851,2026-01-25T17:18:13Z,Mobile,Organic
S10604,U07293,2026-03-24T02:33:02Z,Mobile,Social
S10605,U03923,2026-01-31T01:12:49Z,Tablet,Paid Search
S10606,U02304,2026-03-10T03:34:16Z,Mobile,Organic
S10607,U00332,2026-01-17T21:41:57Z,Desktop,Organic
S10608,U00524,2026-03-17T20:14:11Z,Desktop,Organic
S10609,U03438,2026-02-02T10:01:37Z,Mobile,Social
S10610,U01766,2026-03-22T20:19:44Z,Desktop,Paid Search
S10611,U00641,2026-03-04T00:13:22Z,Mobile,Social
S10612,U02770,2026-02-16T04:24:02Z,Mobile,Paid Search
S10613,U05401,2026-02-06T14:18:38Z,Mobile,Paid Search
S10614,U06506,2026-03-10T21:49:54Z,Desktop,Paid Search
S10615,U04313,2026-03-21T06:03:42Z,Desktop,Organic
S10616,U07615,2026-01-01T05:01:39Z,Mobile,Email
S10617,U05764,2026-03-09T11:05:39Z,Desktop,Paid Search
S10618,U02713,2026-03-14T08:35:29Z,Mobile,Social
S10619,U02509,2026-03-18T03:22:46Z,Mobile,Organic
S10620,U07248,2026-01-29T04:44:59Z,Mobile,Paid Search
S10621,U03707,2026-03-16T19:02:12Z,Mobile,Social
S10622,U05216,2026-03-09T09:37:13Z,Desktop,Paid Search
S10623,U01760,2026-02-22T16:58:20Z,Tablet,Paid Search
S10624,U05991,2026-03-21T22:01:21Z,Desktop,Organic
S10625,U00405,2026-03-27T19:25:58Z,Mobile,Social
S10626,U04363,2026-02-16T13:40:22Z,Desktop,Organic
S10627,U05169,2026-03-27T02:14:27Z,Desktop,Organic
S10628,U04377,2026-03-19T21:47:06Z,Mobile,Organic
S10629,U02937,2026-01-17T14:53:15Z,Desktop,Organic
S10630,U03909,2026-02-26T05:22:54Z,Mobile,Email
S10631,U02055,2026-02-09T05:49:13Z,Desktop,Paid Search
S10632,U03512,2026-03-11T07:41:27Z,Mobile,Social
S10633,U00069,2026-03-26T01:26:59Z,Desktop,Organic
S10634,U01128,2026-03-05T16:50:00Z,Mobile,Paid Search
S10635,U05773,2026-01-07T10:46:05Z,Mobile,Social
S10636,U01152,2026-03-29T05:20:04Z,Desktop,Social
S10637,U04193,2026-02-08T19:44:09Z,Mobile,Social
S10638,U05686,2026-01-18T11:54:07Z,Mobile,Paid Search
S10639,U00239,2026-03-19T17:21:11Z,Mobile,Organic
S10640,U04493,2026-01-12T16:54:10Z,Mobile,Social
S10641,U04899,2026-03-10T20:33:05Z,Mobile,Organic
S10642,U01699,2026-02-05T12:36:39Z,Mobile,Organic
S10643,U07123,2026-03-09T13:18:39Z,Mobile,Organic
S10644,U02019,2026-02-05T06:43:35Z,Mobile,Email
S10645,U00943,2026-03-10T21:57:02Z,Desktop,Paid Search
S10646,U04038,2026-01-29T12:43:04Z,Mobile,Organic
S10647,U03238,2026-02-03T02:20:31Z,Mobile,Social
S10648,U02176,2026-01-01T17:36:29Z,Mobile,Email
S10649,U03376,2026-02-18T07:04:45Z,Mobile,Organic
S10650,U07414,2026-03-08T17:20:58Z,Mobile,Organic
S10651,U04535,2026-03-01T03:59:38Z,Desktop,Paid Search
S10652,U06412,2026-03-04T03:30:07Z,Mobile,Email
S10653,U02897,2026-01-21T23:02:47Z,Tablet,Organic
S10654,U03947,2026-02-23T08:56:26Z,Mobile,Social
S10655,U00308,2026-01-21T01:43:36Z,Mobile,Paid Search
S10656,U04266,2026-03-24T16:36:08Z,Desktop,Paid Search
S10657,U07997,2026-01-31T04:49:37Z,Mobile,Organic
S10658,U03071,2026-03-29T18:22:33Z,Mobile,Organic
S10659,U05553,2026-01-13T10:53:17Z,Mobile,Email
S10660,U04210,2026-02-20T15:27:20Z,Desktop,Paid Search
S10661,U03135,2026-02-06T10:13:35Z,Desktop,Paid Search
S10662,U06693,2026-03-01T05:37:30Z,Mobile,Organic
S10663,U02792,2026-02-10T13:24:41Z,Mobile,Organic
S10664,U06032,2026-01-23T06:53:57Z,Mobile,Email
S10665,U00843,2026-01-04T15:09:15Z,Mobile,Email
S10666,U01580,2026-02-13T01:15:36Z,Mobile,Social
S10667,U03204,2026-03-20T01:20:02Z,Mobile,Organic
S10668,U07478,2026-03-12T14:00:08Z,Mobile,Social
S10669,U04154,2026-01-05T00:32:26Z,Mobile,Email
S10670,U06373,2026-01-11T03:25:13Z,Desktop,Social
S10671,U03009,2026-02-28T22:03:24Z,Mobile,Organic
S10672,U04784,2026-03-08T13:59:51Z,Mobile,Paid Search
S10673,U04295,2026-03-16T06:28:43Z,Desktop,Paid Search
S10674,U00119,2026-02-04T11:33:42Z,Desktop,Email
S10675,U00364,2026-03-22T03:26:22Z,Mobile,Organic
S10676,U02836,2026-03-11T11:46:52Z,Mobile,Paid Search
S10677,U07206,2026-02-14T07:22:17Z,Mobile,Paid Search
S10678,U03662,2026-01-08T09:56:29Z,Desktop,Organic
S10679,U05130,2026-01-06T22:59:41Z,Desktop,Organic
S10680,U07038,2026-02-06T22:35:47Z,Mobile,Organic
S10681,U00730,2026-01-21T06:57:18Z,Mobile,Paid Search
S10682,U04435,2026-01-06T11:18:30Z,Mobile,Email
S10683,U03525,2026-01-18T02:49:03Z,Desktop,Organic
S10684,U01331,2026-01-16T13:31:55Z,Desktop,Social
S10685,U03614,2026-03-08T05:53:40Z,Mobile,Paid Search
S10686,U00735,2026-02-28T11:34:53Z,Mobile,Organic
S10687,U00314,2026-02-17T02:27:20Z,Mobile,Organic
S10688,U06539,2026-03-17T21:48:59Z,Desktop,Organic
S10689,U04715,2026-02-08T23:18:50Z,Desktop,Organic
S10690,U02527,2026-02-19T04:29:35Z,Mobile,Paid Search
S10691,U06672,2026-02-18T07:10:23Z,Mobile,Paid Search
S10692,U04623,2026-03-28T15:15:04Z,Mobile,Social
S10693,U00041,2026-03-19T10:43:31Z,Desktop,Social
S10694,U07255,2026-03-05T12:51:28Z,Mobile,Paid Search
S10695,U03609,2026-02-15T15:03:00Z,Mobile,Paid Search
S10696,U07119,2026-03-12T07:09:21Z,Mobile,Paid Search
S10697,U02590,2026-01-27T07:27:59Z,Desktop,Organic
S10698,U00446,2026-03-29T19:10:11Z,Mobile,Organic
S10699,U07758,2026-02-15T22:15:34Z,Mobile,Organic
S10700,U01341,2026-01-29T12:20:47Z,Mobile,Organic
S10701,U01245,2026-01-17T08:00:06Z,Desktop,Paid Search
S10702,U01954,2026-01-16T06:20:49Z,Tablet,Email
S10703,U06989,2026-03-02T05:32:54Z,Mobile,Organic
S10704,U02931,2026-02-06T23:01:57Z,Mobile,Paid Search
S10705,U05046,2026-01-20T20:54:30Z,Desktop,Organic
S10706,U07962,2026-03-08T05:53:21Z,Desktop,Organic
S10707,U01373,2026-01-18T03:11:45Z,Mobile,Email
S10708,U04140,2026-01-28T08:51:45Z,Mobile,Organic
S10709,U03167,2026-02-18T06:15:23Z,Mobile,Organic
S10710,U02516,2026-03-12T11:01:08Z,Mobile,Social
S10711,U00434,2026-03-21T07:10:12Z,Mobile,Social
S10712,U07034,2026-03-30T08:20:22Z,Mobile,Organic
S10713,U07808,2026-01-29T13:53:59Z,Desktop,Organic
S10714,U01824,2026-03-01T08:34:50Z,Mobile,Organic
S10715,U04624,2026-02-18T00:58:49Z,Mobile,Organic
S10716,U02627,2026-02-12T01:38:08Z,Desktop,Organic
S10717,U02928,2026-02-25T06:27:50Z,Mobile,Paid Search
S10718,U00685,2026-03-09T15:13:07Z,Mobile,Organic
S10719,U06946,2026-02-21T01:51:00Z,Tablet,Organic
S10720,U06796,2026-01-10T07:30:36Z,Desktop,Organic
S10721,U00610,2026-02-18T18:11:00Z,Desktop,Paid Search
S10722,U06126,2026-03-29T21:19:09Z,Mobile,Organic
S10723,U02984,2026-01-02T16:29:41Z,Desktop,Email
S10724,U07653,2026-01-28T03:08:48Z,Mobile,Paid Search
S10725,U07387,2026-03-12T11:42:35Z,Mobile,Social
S10726,U03539,2026-01-03T00:24:27Z,Mobile,Email
S10727,U01882,2026-01-06T23:05:24Z,Mobile,Email
S10728,U01674,2026-02-27T23:17:20Z,Desktop,Social
S10729,U05259,2026-03-20T06:54:52Z,Mobile,Paid Search
S10730,U05366,2026-02-13T19:41:20Z,Desktop,Social
S10731,U05715,2026-02-09T08:22:36Z,Mobile,Social
S10732,U01205,2026-01-25T09:10:13Z,Desktop,Social
S10733,U06393,2026-01-14T02:54:42Z,Mobile,Paid Search
S10734,U07058,2026-03-06T15:13:51Z,Mobile,Organic
S10735,U04422,2026-03-04T13:15:31Z,Desktop,Organic
S10736,U03254,2026-01-20T18:39:16Z,Desktop,Paid Search
S10737,U00160,2026-03-17T13:15:57Z,Desktop,Paid Search
S10738,U00781,2026-01-29T19:05:30Z,Desktop,Organic
S10739,U02375,2026-03-14T04:54:48Z,Desktop,Paid Search
S10740,U01260,2026-03-16T12:24:36Z,Mobile,Paid Search
S10741,U04971,2026-02-09T01:42:00Z,Desktop,Organic
S10742,U04356,2026-01-06T14:56:09Z,Desktop,Social
S10743,U01798,2026-02-10T03:19:45Z,Mobile,Organic
S10744,U01137,2026-01-30T22:09:00Z,Desktop,Social
S10745,U05356,2026-03-31T02:27:04Z,Mobile,Social
S10746,U02373,2026-01-13T20:08:47Z,Desktop,Organic
S10747,U05756,2026-02-19T12:21:06Z,Mobile,Paid Search
S10748,U05848,2026-02-07T13:06:10Z,Mobile,Paid Search
S10749,U02799,2026-02-14T10:11:11Z,Mobile,Organic
S10750,U04897,2026-01-27T07:10:50Z,Mobile,Paid Search
S10751,U05307,2026-01-08T10:06:55Z,Desktop,Organic
S10752,U02868,2026-02-04T07:45:46Z,Mobile,Paid Search
S10753,U03697,2026-01-17T09:07:08Z,Tablet,Paid Search
S10754,U04457,2026-02-26T20:01:39Z,Mobile,Paid Search
S10755,U05923,2026-01-15T15:13:49Z,Mobile,Organic
S10756,U02586,2026-03-04T09:11:59Z,Tablet,Email
S10757,U01086,2026-03-02T17:52:08Z,Mobile,Organic
S10758,U03958,2026-01-12T15:45:21Z,Mobile,Paid Search
S10759,U03720,2026-03-03T09:27:42Z,Desktop,Social
S10760,U05025,2026-02-19T05:22:33Z,Desktop,Social
S10761,U00689,2026-03-14T22:25:36Z,Mobile,Paid Search
S10762,U03329,2026-01-20T10:36:03Z,Mobile,Organic
S10763,U04561,2026-02-21T20:23:58Z,Desktop,Organic
S10764,U03003,2026-02-09T14:54:46Z,Mobile,Organic
S10765,U04768,2026-01-15T17:42:56Z,Desktop,Organic
S10766,U03607,2026-03-27T19:12:28Z,Mobile,Email
S10767,U02908,2026-02-09T13:54:25Z,Desktop,Social
S10768,U02685,2026-02-26T06:42:35Z,Mobile,Organic
S10769,U02299,2026-01-29T14:59:09Z,Desktop,Organic
S10770,U06207,2026-02-24T19:41:40Z,Mobile,Organic
S10771,U00990,2026-02-04T21:10:52Z,Mobile,Paid Search
S10772,U07306,2026-02-26T14:26:45Z,Desktop,Social
S10773,U02758,2026-01-04T14:29:33Z,Desktop,Social
S10774,U03448,2026-03-29T03:13:24Z,Desktop,Social
S10775,U00436,2026-03-01T17:50:01Z,Desktop,Email
S10776,U03743,2026-02-25T16:35:07Z,Mobile,Organic
S10777,U05060,2026-01-22T08:15:56Z,Desktop,Social
S10778,U03545,2026-02-05T11:30:58Z,Mobile,Social
S10779,U00260,2026-02-09T00:00:13Z,Tablet,Organic
S10780,U02487,2026-02-08T16:41:18Z,Mobile,Organic
S10781,U00162,2026-03-17T15:11:25Z,Desktop,Social
S10782,U01416,2026-01-08T01:03:26Z,Mobile,Paid Search
S10783,U02075,2026-03-16T12:01:58Z,Desktop,Organic
S10784,U04362,2026-01-19T14:14:25Z,Mobile,Social
S10785,U06742,2026-03-18T16:49:02Z,Desktop,Email
S10786,U02296,2026-01-01T18:23:53Z,Mobile,Social
S10787,U02909,2026-03-18T10:53:12Z,Mobile,Paid Search
S10788,U04150,2026-03-08T19:02:02Z,Mobile,Social
S10789,U00470,2026-03-31T02:30:30Z,Desktop,Social
S10790,U06609,2026-03-26T06:47:36Z,Tablet,Organic
S10791,U04639,2026-01-16T02:38:54Z,Mobile,Paid Search
S10792,U04407,2026-02-26T06:53:55Z,Desktop,Organic
S10793,U03206,2026-03-14T16:56:43Z,Mobile,Organic
S10794,U05777,2026-01-23T07:03:28Z,Tablet,Social
S10795,U04483,2026-03-31T16:15:09Z,Mobile,Social
S10796,U07429,2026-03-05T23:11:05Z,Mobile,Paid Search
S10797,U03163,2026-03-05T16:52:58Z,Mobile,Organic
S10798,U01542,2026-03-17T23:14:29Z,Mobile,Social
S10799,U07154,2026-01-06T22:15:53Z,Desktop,Social
S10800,U03408,2026-03-27T00:12:46Z,Desktop,Organic
S10801,U03228,2026-02-02T04:34:27Z,Mobile,Email
S10802,U06824,2026-02-02T06:26:12Z,Desktop,Organic
S10803,U03661,2026-01-11T00:21:05Z,Desktop,Paid Search
S10804,U07660,2026-01-04T16:13:01Z,Mobile,Email
S10805,U06279,2026-01-22T10:18:42Z,Mobile,Paid Search
S10806,U05657,2026-03-16T05:34:40Z,Desktop,Paid Search
S10807,U02737,2026-03-27T09:48:01Z,Mobile,Paid Search
S10808,U05389,2026-01-09T22:46:46Z,Mobile,Social
S10809,U04434,2026-02-16T04:49:57Z,Mobile,Organic
S10810,U07739,2026-03-18T11:56:01Z,Mobile,Email
S10811,U04268,2026-02-03T15:18:01Z,Mobile,Social
S10812,U05445,2026-01-02T18:28:55Z,Desktop,Paid Search
S10813,U06503,2026-01-22T10:58:10Z,Mobile,Organic
S10814,U05344,2026-01-19T08:09:35Z,Mobile,Organic
S10815,U07233,2026-02-05T01:09:55Z,Mobile,Social
S10816,U03883,2026-01-07T00:30:09Z,Desktop,Organic
S10817,U01236,2026-01-13T20:51:41Z,Desktop,Email
S10818,U06087,2026-01-09T03:55:41Z,Desktop,Social
S10819,U02853,2026-03-08T06:48:17Z,Desktop,Organic
S10820,U04768,2026-03-25T00:11:16Z,Desktop,Social
S10821,U05031,2026-03-28T16:35:03Z,Mobile,Social
S10822,U07139,2026-03-20T05:08:28Z,Mobile,Organic
S10823,U04888,2026-02-12T15:01:38Z,Mobile,Organic
S10824,U02054,2026-03-30T12:41:57Z,Desktop,Paid Search
S10825,U04852,2026-03-11T07:40:27Z,Mobile,Email
S10826,U03332,2026-03-31T04:24:22Z,Desktop,Organic
S10827,U00316,2026-02-11T00:11:51Z,Mobile,Organic
S10828,U01886,2026-02-05T09:24:26Z,Mobile,Organic
S10829,U00272,2026-01-13T05:37:46Z,Desktop,Organic
S10830,U07625,2026-01-14T17:52:22Z,Mobile,Organic
S10831,U03065,2026-03-12T19:47:44Z,Mobile,Email
S10832,U04896,2026-01-05T02:04:14Z,Desktop,Organic
S10833,U00342,2026-02-24T21:50:56Z,Desktop,Paid Search
S10834,U02901,2026-03-11T16:39:57Z,Mobile,Organic
S10835,U02537,2026-01-05T01:43:11Z,Mobile,Paid Search
S10836,U01577,2026-03-13T03:22:46Z,Mobile,Paid Search
S10837,U07918,2026-02-02T09:29:37Z,Mobile,Email
S10838,U03537,2026-02-14T15:16:52Z,Mobile,Social
S10839,U02083,2026-01-22T17:31:16Z,Desktop,Email
S10840,U01076,2026-03-08T20:34:40Z,Mobile,Social
S10841,U04181,2026-02-13T12:09:49Z,Mobile,Paid Search
S10842,U04869,2026-01-22T06:55:26Z,Desktop,Paid Search
S10843,U05599,2026-03-08T15:13:14Z,Mobile,Email
S10844,U07955,2026-03-03T01:07:16Z,Mobile,Paid Search
S10845,U05802,2026-03-12T21:18:43Z,Desktop,Organic
S10846,U05007,2026-01-11T21:15:46Z,Desktop,Social
S10847,U03092,2026-01-14T16:19:53Z,Desktop,Organic
S10848,U02335,2026-03-22T15:38:52Z,Mobile,Social
S10849,U07285,2026-01-30T22:12:36Z,Mobile,Social
S10850,U04728,2026-01-22T09:41:57Z,Desktop,Organic
S10851,U03076,2026-01-29T08:15:38Z,Desktop,Social
S10852,U07427,2026-02-10T15:38:34Z,Desktop,Paid Search
S10853,U03934,2026-01-12T12:23:33Z,Mobile,Paid Search
S10854,U07338,2026-03-31T00:31:16Z,Tablet,Organic
S10855,U01369,2026-02-18T00:24:52Z,Mobile,Social
S10856,U02277,2026-03-19T12:24:48Z,Desktop,Organic
S10857,U06365,2026-01-22T14:43:33Z,Mobile,Organic
S10858,U06230,2026-03-05T01:03:11Z,Mobile,Social
S10859,U01855,2026-02-22T09:02:52Z,Mobile,Organic
S10860,U03789,2026-03-22T09:56:13Z,Desktop,Social
S10861,U04807,2026-02-22T20:41:34Z,Desktop,Social
S10862,U07254,2026-03-04T04:06:55Z,Desktop,Social
S10863,U04609,2026-02-19T08:45:47Z,Tablet,Organic
S10864,U01482,2026-02-22T15:49:58Z,Desktop,Organic
S10865,U05221,2026-03-13T18:50:59Z,Mobile,Organic
S10866,U02317,2026-01-11T04:52:00Z,Desktop,Social
S10867,U01676,2026-02-24T04:13:07Z,Mobile,Organic
S10868,U01244,2026-03-25T12:38:51Z,Tablet,Paid Search
S10869,U02602,2026-01-11T20:09:01Z,Mobile,Paid Search
S10870,U05613,2026-01-12T15:54:24Z,Desktop,Social
S10871,U05106,2026-03-14T01:32:12Z,Desktop,Paid Search
S10872,U06091,2026-01-17T02:17:39Z,Mobile,Organic
S10873,U06694,2026-03-29T16:43:56Z,Mobile,Email
S10874,U03064,2026-03-25T13:54:01Z,Mobile,Paid Search
S10875,U02680,2026-02-02T06:33:08Z,Mobile,Email
S10876,U06521,2026-01-01T11:01:56Z,Mobile,Email
S10877,U06925,2026-01-15T15:12:23Z,Desktop,Social
S10878,U06324,2026-03-21T20:03:58Z,Mobile,Social
S10879,U04288,2026-03-27T02:37:23Z,Mobile,Social
S10880,U00928,2026-02-08T21:32:02Z,Mobile,Organic
S10881,U01696,2026-03-07T12:18:58Z,Mobile,Organic
S10882,U02605,2026-01-08T00:18:13Z,Mobile,Organic
S10883,U06589,2026-02-02T05:41:20Z,Mobile,Email
S10884,U05478,2026-03-26T23:11:51Z,Mobile,Organic
S10885,U01205,2026-03-25T10:33:27Z,Mobile,Social
S10886,U04764,2026-02-17T17:56:53Z,Mobile,Social
S10887,U02416,2026-01-08T11:00:03Z,Desktop,Paid Search
S10888,U06536,2026-02-01T04:53:32Z,Mobile,Paid Search
S10889,U00606,2026-01-24T17:58:44Z,Desktop,Organic
S10890,U04098,2026-01-21T08:08:52Z,Desktop,Social
S10891,U04224,2026-03-29T12:04:41Z,Mobile,Paid Search
S10892,U02954,2026-02-15T11:37:29Z,Mobile,Paid Search
S10893,U03504,2026-01-05T08:57:36Z,Mobile,Paid Search
S10894,U00435,2026-02-27T07:31:24Z,Mobile,Social
S10895,U02851,2026-01-01T01:53:33Z,Desktop,Organic
S10896,U06504,2026-02-25T17:06:42Z,Mobile,Organic
S10897,U01122,2026-03-04T14:01:27Z,Mobile,Social
S10898,U03014,2026-03-11T09:48:29Z,Mobile,Organic
S10899,U05885,2026-01-22T20:05:35Z,Desktop,Paid Search
S10900,U03061,2026-03-05T19:21:13Z,Tablet,Organic
S10901,U01428,2026-02-07T14:58:06Z,Desktop,Email
S10902,U01280,2026-02-14T17:09:34Z,Mobile,Social
S10903,U02703,2026-02-24T14:50:56Z,Mobile,Paid Search
S10904,U04630,2026-03-25T13:50:29Z,Mobile,Organic
S10905,U07754,2026-03-05T14:35:34Z,Mobile,Social
S10906,U02628,2026-02-24T22:55:00Z,Mobile,Social
S10907,U07558,2026-02-16T20:52:29Z,Mobile,Social
S10908,U00278,2026-02-19T13:51:37Z,Desktop,Organic
S10909,U07222,2026-01-03T06:11:42Z,Mobile,Social
S10910,U02790,2026-01-10T04:54:07Z,Tablet,Organic
S10911,U06753,2026-02-01T09:36:35Z,Tablet,Organic
S10912,U03500,2026-01-08T14:34:43Z,Mobile,Social
S10913,U03816,2026-03-15T10:22:18Z,Mobile,Paid Search
S10914,U03953,2026-01-05T07:47:33Z,Mobile,Social
S10915,U07394,2026-02-18T21:04:22Z,Desktop,Social
S10916,U06060,2026-03-30T15:37:59Z,Desktop,Paid Search
S10917,U04720,2026-01-11T01:04:48Z,Mobile,Paid Search
S10918,U05817,2026-02-05T16:18:45Z,Desktop,Email
S10919,U04453,2026-03-17T05:06:34Z,Desktop,Email
S10920,U07366,2026-02-15T06:23:15Z,Mobile,Paid Search
S10921,U02547,2026-01-01T23:13:33Z,Mobile,Paid Search
S10922,U07289,2026-02-26T22:25:30Z,Desktop,Organic
S10923,U07670,2026-02-28T03:23:02Z,Mobile,Organic
S10924,U00997,2026-01-14T18:20:06Z,Desktop,Social
S10925,U03630,2026-03-07T09:20:01Z,Mobile,Organic
S10926,U01792,2026-01-09T00:05:47Z,Mobile,Social
S10927,U02225,2026-03-01T19:51:52Z,Desktop,Paid Search
S10928,U02437,2026-02-26T18:50:45Z,Mobile,Paid Search
S10929,U00800,2026-02-19T02:39:05Z,Desktop,Paid Search
S10930,U01287,2026-03-03T03:04:45Z,Mobile,Social
S10931,U05610,2026-02-03T03:59:20Z,Desktop,Paid Search
S10932,U03301,2026-02-28T20:31:02Z,Mobile,Paid Search
S10933,U02212,2026-03-10T15:01:54Z,Desktop,Paid Search
S10934,U00546,2026-03-22T14:57:57Z,Mobile,Social
S10935,U03843,2026-01-29T03:05:48Z,Mobile,Paid Search
S10936,U00007,2026-01-17T19:30:33Z,Mobile,Paid Search
S10937,U06794,2026-03-23T03:26:19Z,Desktop,Organic
S10938,U07357,2026-02-11T04:17:25Z,Desktop,Organic
S10939,U06231,2026-02-13T18:50:59Z,Mobile,Organic
S10940,U00826,2026-01-11T18:06:50Z,Desktop,Social
S10941,U01175,2026-03-31T11:52:55Z,Desktop,Paid Search
S10942,U00437,2026-03-09T07:40:07Z,Mobile,Email
S10943,U03238,2026-03-22T14:54:25Z,Mobile,Organic
S10944,U05010,2026-01-15T04:35:39Z,Mobile,Paid Search
S10945,U03200,2026-03-19T22:47:59Z,Tablet,Paid Search
S10946,U01610,2026-03-19T18:01:52Z,Desktop,Social
S10947,U06577,2026-01-17T11:16:45Z,Desktop,Email
S10948,U06557,2026-01-17T07:22:51Z,Desktop,Paid Search
S10949,U05207,2026-02-13T15:11:15Z,Desktop,Social
S10950,U00632,2026-01-02T19:22:42Z,Mobile,Organic
S10951,U06292,2026-01-27T01:37:44Z,Tablet,Email
S10952,U01607,2026-01-16T18:42:19Z,Mobile,Paid Search
S10953,U06568,2026-03-07T09:40:01Z,Mobile,Paid Search
S10954,U05185,2026-01-17T06:52:50Z,Desktop,Organic
S10955,U00585,2026-03-07T08:13:47Z,Mobile,Organic
S10956,U01982,2026-01-08T03:21:18Z,Mobile,Organic
S10957,U03978,2026-03-01T09:14:21Z,Desktop,Organic
S10958,U03131,2026-03-23T15:35:14Z,Desktop,Paid Search
S10959,U03296,2026-01-20T18:30:33Z,Mobile,Paid Search
S10960,U03514,2026-02-01T03:13:40Z,Mobile,Social
S10961,U03510,2026-01-29T07:18:31Z,Mobile,Social
S10962,U04453,2026-02-03T12:58:06Z,Desktop,Social
S10963,U00809,2026-02-16T09:24:41Z,Mobile,Social
S10964,U04220,2026-03-08T17:19:47Z,Desktop,Organic
S10965,U01215,2026-01-21T22:30:34Z,Mobile,Email
S10966,U01217,2026-02-14T21:44:37Z,Mobile,Organic
S10967,U07597,2026-02-14T13:41:38Z,Mobile,Social
S10968,U04181,2026-03-07T18:14:01Z,Mobile,Paid Search
S10969,U04106,2026-03-26T10:30:43Z,Mobile,Social
S10970,U04385,2026-02-02T22:31:20Z,Desktop,Organic
S10971,U05368,2026-02-23T20:07:38Z,Mobile,Paid Search
S10972,U04719,2026-03-06T22:01:35Z,Mobile,Email
S10973,U03853,2026-02-17T22:50:07Z,Desktop,Organic
S10974,U06600,2026-03-02T18:33:23Z,Desktop,Organic
S10975,U06626,2026-03-01T09:32:09Z,Desktop,Organic
S10976,U04779,2026-03-13T02:56:15Z,Mobile,Social
S10977,U02742,2026-02-20T22:06:55Z,Mobile,Organic
S10978,U00853,2026-01-26T06:43:13Z,Desktop,Social
S10979,U01774,2026-01-17T21:21:41Z,Desktop,Organic
S10980,U06020,2026-02-01T08:57:17Z,Mobile,Organic
S10981,U01644,2026-03-13T15:18:02Z,Mobile,Paid Search
S10982,U04256,2026-01-21T08:23:25Z,Desktop,Paid Search
S10983,U00158,2026-03-28T14:27:45Z,Mobile,Organic
S10984,U07107,2026-01-26T13:04:38Z,Tablet,Social
S10985,U01301,2026-03-24T12:21:17Z,Mobile,Paid Search
S10986,U00837,2026-02-10T17:35:25Z,Mobile,Organic
S10987,U06832,2026-03-18T18:57:11Z,Desktop,Organic
S10988,U03964,2026-02-27T01:10:34Z,Mobile,Organic
S10989,U03422,2026-02-24T23:18:28Z,Desktop,Email
S10990,U00695,2026-02-10T10:56:22Z,Desktop,Paid Search
S10991,U00972,2026-02-28T19:41:13Z,Desktop,Organic
S10992,U00206,2026-01-31T05:04:44Z,Mobile,Paid Search
S10993,U01064,2026-02-21T03:30:06Z,Desktop,Paid Search
S10994,U07489,2026-01-01T15:38:27Z,Desktop,Social
S10995,U06476,2026-01-14T05:20:34Z,Desktop,Organic
S10996,U02174,2026-03-18T05:33:20Z,Mobile,Social
S10997,U06121,2026-03-21T18:40:12Z,Mobile,Social
S10998,U00130,2026-02-04T04:28:28Z,Desktop,Social
S10999,U05932,2026-03-07T08:32:30Z,Mobile,Organic
S11000,U06770,2026-03-22T13:10:57Z,Mobile,Paid Search
S11001,U06236,2026-01-28T06:14:47Z,Mobile,Organic
S11002,U00698,2026-01-31T20:42:06Z,Mobile,Social
S11003,U05689,2026-03-17T00:36:22Z,Desktop,Social
S11004,U01922,2026-03-23T01:32:03Z,Mobile,Paid Search
S11005,U07128,2026-02-24T16:47:45Z,Mobile,Organic
S11006,U00852,2026-02-09T08:12:24Z,Tablet,Organic
S11007,U03583,2026-01-04T15:52:15Z,Mobile,Organic
S11008,U01261,2026-03-08T22:40:21Z,Mobile,Organic
S11009,U06853,2026-03-17T14:59:46Z,Mobile,Organic
S11010,U03869,2026-03-09T05:31:05Z,Mobile,Organic
S11011,U01945,2026-02-07T21:29:42Z,Desktop,Social
S11012,U05363,2026-01-12T17:13:49Z,Desktop,Organic
S11013,U04483,2026-03-02T22:39:23Z,Mobile,Paid Search
S11014,U03191,2026-02-18T13:45:52Z,Desktop,Paid Search
S11015,U03435,2026-01-04T17:36:43Z,Mobile,Email
S11016,U06307,2026-01-29T07:06:19Z,Mobile,Organic
S11017,U02851,2026-01-06T02:37:08Z,Tablet,Paid Search
S11018,U05460,2026-02-05T22:02:51Z,Desktop,Paid Search
S11019,U02648,2026-03-28T20:02:52Z,Mobile,Organic
S11020,U00449,2026-02-05T14:55:32Z,Mobile,Paid Search
S11021,U02051,2026-02-21T03:55:00Z,Desktop,Organic
S11022,U06117,2026-02-21T04:35:52Z,Desktop,Social
S11023,U04345,2026-02-24T18:08:40Z,Mobile,Paid Search
S11024,U04625,2026-03-21T13:00:57Z,Desktop,Paid Search
S11025,U06733,2026-01-26T04:05:00Z,Mobile,Email
S11026,U07986,2026-01-16T10:51:37Z,Mobile,Paid Search
S11027,U07116,2026-03-16T15:30:58Z,Mobile,Social
S11028,U06728,2026-01-03T14:50:41Z,Desktop,Social
S11029,U06511,2026-03-13T06:29:10Z,Mobile,Social
S11030,U04361,2026-03-25T05:08:20Z,Mobile,Social
S11031,U07914,2026-01-03T22:48:09Z,Desktop,Social
S11032,U06754,2026-01-23T06:36:23Z,Desktop,Social
S11033,U06996,2026-01-08T18:38:40Z,Mobile,Social
S11034,U06618,2026-03-01T17:14:53Z,Mobile,Paid Search
S11035,U04880,2026-01-12T19:29:31Z,Mobile,Social
S11036,U04833,2026-03-02T15:34:03Z,Mobile,Organic
S11037,U05171,2026-02-02T10:35:31Z,Mobile,Organic
S11038,U06898,2026-02-13T13:08:27Z,Mobile,Organic
S11039,U05907,2026-03-08T14:00:50Z,Mobile,Social
S11040,U01143,2026-03-18T17:10:38Z,Desktop,Paid Search
S11041,U06139,2026-02-15T12:23:01Z,Desktop,Paid Search
S11042,U00413,2026-02-27T13:13:45Z,Desktop,Organic
S11043,U02854,2026-02-22T21:22:32Z,Mobile,Email
S11044,U01100,2026-02-16T03:22:28Z,Mobile,Organic
S11045,U02733,2026-03-06T05:21:22Z,Mobile,Paid Search
S11046,U06457,2026-01-26T17:33:00Z,Desktop,Social
S11047,U05015,2026-03-24T05:35:01Z,Desktop,Organic
S11048,U04359,2026-02-17T20:41:04Z,Desktop,Email
S11049,U05188,2026-03-06T09:15:04Z,Mobile,Social
S11050,U04454,2026-03-22T13:57:08Z,Desktop,Paid Search
S11051,U01211,2026-02-22T06:56:19Z,Mobile,Social
S11052,U07862,2026-03-15T08:16:03Z,Mobile,Paid Search
S11053,U07847,2026-01-11T09:41:53Z,Mobile,Social
S11054,U05611,2026-03-02T15:22:11Z,Mobile,Social
S11055,U05137,2026-03-29T03:13:56Z,Desktop,Email
S11056,U00169,2026-03-16T11:44:13Z,Desktop,Email
S11057,U07076,2026-03-19T22:08:05Z,Desktop,Email
S11058,U04132,2026-01-22T20:08:24Z,Desktop,Social
S11059,U04164,2026-02-06T22:32:46Z,Mobile,Paid Search
S11060,U06063,2026-02-20T17:34:47Z,Mobile,Paid Search
S11061,U04411,2026-01-02T05:00:17Z,Mobile,Paid Search
S11062,U02820,2026-03-16T11:05:26Z,Mobile,Social
S11063,U07637,2026-02-04T14:41:38Z,Desktop,Social
S11064,U06581,2026-02-05T02:57:04Z,Mobile,Paid Search
S11065,U03242,2026-03-22T15:34:15Z,Desktop,Organic
S11066,U03786,2026-03-30T04:00:00Z,Tablet,Paid Search
S11067,U04551,2026-01-27T22:40:37Z,Mobile,Organic
S11068,U01608,2026-03-31T21:41:26Z,Desktop,Email
S11069,U06068,2026-01-25T20:39:32Z,Mobile,Paid Search
S11070,U06072,2026-02-15T00:01:59Z,Tablet,Paid Search
S11071,U00115,2026-01-31T21:15:49Z,Mobile,Social
S11072,U06523,2026-01-16T07:37:42Z,Mobile,Organic
S11073,U06413,2026-01-08T15:44:04Z,Mobile,Organic
S11074,U00025,2026-03-16T09:28:07Z,Mobile,Email
S11075,U02940,2026-03-26T05:41:45Z,Desktop,Social
S11076,U01505,2026-01-01T06:04:33Z,Mobile,Paid Search
S11077,U02301,2026-03-08T20:45:50Z,Tablet,Organic
S11078,U03635,2026-03-07T10:29:32Z,Desktop,Email
S11079,U06238,2026-02-27T23:19:00Z,Desktop,Paid Search
S11080,U04810,2026-03-25T05:00:04Z,Mobile,Paid Search
S11081,U02671,2026-01-20T15:58:59Z,Mobile,Email
S11082,U02042,2026-03-27T18:19:24Z,Desktop,Organic
S11083,U05219,2026-03-11T02:00:49Z,Mobile,Organic
S11084,U07519,2026-01-31T21:31:22Z,Desktop,Paid Search
S11085,U01712,2026-01-10T19:12:01Z,Mobile,Organic
S11086,U00295,2026-03-26T14:18:49Z,Mobile,Organic
S11087,U04541,2026-02-13T12:26:16Z,Desktop,Organic
S11088,U00697,2026-01-17T07:19:24Z,Mobile,Paid Search
S11089,U07076,2026-01-31T05:01:26Z,Mobile,Paid Search
S11090,U04767,2026-01-27T17:21:24Z,Desktop,Paid Search
S11091,U01077,2026-02-02T21:28:26Z,Mobile,Social
S11092,U05327,2026-03-27T14:07:49Z,Tablet,Email
S11093,U06365,2026-03-04T17:06:03Z,Desktop,Organic
S11094,U05528,2026-01-30T00:13:17Z,Desktop,Social
S11095,U03578,2026-02-08T02:16:03Z,Desktop,Social
S11096,U06142,2026-01-05T19:38:39Z,Mobile,Social
S11097,U03245,2026-02-01T11:42:37Z,Mobile,Organic
S11098,U00382,2026-02-24T22:46:02Z,Desktop,Organic
S11099,U06793,2026-03-03T21:25:38Z,Mobile,Social
S11100,U01894,2026-03-22T04:00:43Z,Mobile,Email
S11101,U03473,2026-02-26T06:04:27Z,Desktop,Organic
S11102,U01520,2026-01-22T22:58:33Z,Mobile,Paid Search
S11103,U07989,2026-02-18T19:13:47Z,Mobile,Organic
S11104,U04726,2026-01-27T17:02:51Z,Mobile,Social
S11105,U00915,2026-01-06T06:19:20Z,Desktop,Social
S11106,U02077,2026-01-15T22:38:48Z,Mobile,Organic
S11107,U05530,2026-03-26T19:34:30Z,Mobile,Social
S11108,U05411,2026-01-22T16:12:00Z,Mobile,Paid Search
S11109,U06137,2026-02-12T13:13:56Z,Mobile,Organic
S11110,U05163,2026-03-04T15:41:31Z,Mobile,Organic
S11111,U02783,2026-01-01T20:03:57Z,Mobile,Paid Search
S11112,U04227,2026-03-29T03:14:51Z,Mobile,Organic
S11113,U02380,2026-02-18T04:41:46Z,Desktop,Organic
S11114,U06433,2026-01-23T11:22:05Z,Mobile,Social
S11115,U07183,2026-03-05T06:32:28Z,Mobile,Organic
S11116,U00720,2026-02-14T12:06:43Z,Mobile,Email
S11117,U06984,2026-01-10T06:36:45Z,Mobile,Social
S11118,U00223,2026-01-25T21:20:02Z,Mobile,Paid Search
S11119,U04920,2026-01-26T17:49:47Z,Desktop,Paid Search
S11120,U02729,2026-01-16T07:02:30Z,Mobile,Email
S11121,U02982,2026-03-04T09:32:28Z,Desktop,Social
S11122,U07706,2026-03-22T16:47:53Z,Mobile,Organic
S11123,U02450,2026-01-27T20:29:15Z,Mobile,Paid Search
S11124,U05073,2026-01-23T00:52:38Z,Mobile,Social
S11125,U02702,2026-03-05T23:07:45Z,Mobile,Organic
S11126,U03374,2026-01-05T15:17:03Z,Mobile,Organic
S11127,U01664,2026-01-03T12:29:00Z,Desktop,Paid Search
S11128,U05940,2026-03-03T02:58:18Z,Mobile,Social
S11129,U05065,2026-02-04T00:15:09Z,Mobile,Organic
S11130,U07394,2026-01-08T19:18:23Z,Mobile,Paid Search
S11131,U06225,2026-03-13T01:23:00Z,Mobile,Organic
S11132,U06905,2026-01-26T19:57:10Z,Tablet,Social
S11133,U00967,2026-03-27T18:55:56Z,Mobile,Social
S11134,U01531,2026-03-20T01:16:22Z,Mobile,Email
S11135,U03138,2026-01-15T12:57:18Z,Desktop,Paid Search
S11136,U00696,2026-02-14T03:05:56Z,Tablet,Paid Search
S11137,U07457,2026-02-10T04:46:59Z,Mobile,Organic
S11138,U05486,2026-03-06T21:38:43Z,Mobile,Organic
S11139,U06575,2026-01-24T16:00:17Z,Desktop,Organic
S11140,U02531,2026-03-27T17:35:08Z,Mobile,Paid Search
S11141,U01705,2026-03-26T11:13:52Z,Desktop,Paid Search
S11142,U07827,2026-01-03T08:10:24Z,Mobile,Social
S11143,U01842,2026-01-16T18:12:03Z,Desktop,Social
S11144,U00641,2026-02-17T17:21:05Z,Mobile,Organic
S11145,U02515,2026-03-30T18:00:43Z,Tablet,Paid Search
S11146,U03105,2026-03-19T18:54:44Z,Desktop,Organic
S11147,U05513,2026-01-05T02:30:42Z,Mobile,Social
S11148,U06160,2026-01-10T09:20:08Z,Mobile,Organic
S11149,U07632,2026-02-08T14:33:01Z,Desktop,Email
S11150,U02030,2026-01-16T16:29:41Z,Mobile,Organic
S11151,U04982,2026-02-24T08:04:54Z,Mobile,Paid Search
S11152,U02184,2026-01-05T00:37:29Z,Mobile,Paid Search
S11153,U03881,2026-02-01T04:48:06Z,Mobile,Organic
S11154,U00629,2026-01-01T05:36:25Z,Mobile,Organic
S11155,U00411,2026-01-10T00:34:21Z,Mobile,Organic
S11156,U03585,2026-01-02T11:09:59Z,Mobile,Paid Search
S11157,U05061,2026-03-19T12:54:26Z,Desktop,Paid Search
S11158,U07331,2026-02-20T12:13:59Z,Mobile,Paid Search
S11159,U04481,2026-01-09T19:17:32Z,Desktop,Social
S11160,U04276,2026-02-10T21:06:46Z,Mobile,Social
S11161,U06579,2026-01-09T18:39:48Z,Mobile,Paid Search
S11162,U07498,2026-01-07T22:23:08Z,Mobile,Organic
S11163,U05763,2026-01-23T17:22:44Z,Mobile,Paid Search
S11164,U01270,2026-03-10T00:21:18Z,Mobile,Social
S11165,U07045,2026-02-04T07:47:07Z,Mobile,Social
S11166,U07948,2026-02-03T18:38:24Z,Mobile,Social
S11167,U03252,2026-02-07T19:48:46Z,Mobile,Paid Search
S11168,U02291,2026-01-26T02:59:14Z,Mobile,Paid Search
S11169,U03638,2026-03-04T04:46:40Z,Mobile,Email
S11170,U01319,2026-03-11T02:04:42Z,Mobile,Paid Search
S11171,U01331,2026-03-12T17:15:03Z,Desktop,Paid Search
S11172,U07574,2026-03-04T15:07:59Z,Mobile,Paid Search
S11173,U07330,2026-03-07T22:03:57Z,Desktop,Paid Search
S11174,U05279,2026-03-29T21:47:19Z,Mobile,Paid Search
S11175,U02791,2026-03-26T16:40:51Z,Mobile,Paid Search
S11176,U01688,2026-01-22T05:22:43Z,Tablet,Paid Search
S11177,U02536,2026-02-15T21:29:46Z,Mobile,Organic
S11178,U05420,2026-02-22T16:50:11Z,Desktop,Paid Search
S11179,U07702,2026-03-22T20:53:08Z,Mobile,Organic
S11180,U04591,2026-01-20T18:37:40Z,Mobile,Organic
S11181,U05256,2026-01-12T08:30:28Z,Desktop,Social
S11182,U05407,2026-01-02T15:07:58Z,Mobile,Paid Search
S11183,U05767,2026-02-01T10:41:25Z,Mobile,Organic
S11184,U06835,2026-03-14T01:05:25Z,Mobile,Organic
S11185,U03953,2026-01-23T02:10:24Z,Mobile,Social
S11186,U04692,2026-01-18T17:15:23Z,Mobile,Organic
S11187,U07365,2026-03-31T04:54:13Z,Desktop,Social
S11188,U07282,2026-03-23T18:34:26Z,Desktop,Organic
S11189,U03905,2026-03-19T07:14:44Z,Mobile,Paid Search
S11190,U03653,2026-03-03T02:40:32Z,Desktop,Paid Search
S11191,U02124,2026-03-05T14:25:50Z,Mobile,Paid Search
S11192,U06549,2026-03-20T03:22:56Z,Mobile,Organic
S11193,U06366,2026-01-07T04:03:12Z,Desktop,Social
S11194,U04826,2026-02-07T13:03:20Z,Mobile,Email
S11195,U02376,2026-03-04T11:24:59Z,Desktop,Social
S11196,U00502,2026-02-18T11:36:36Z,Desktop,Organic
S11197,U02820,2026-03-10T14:32:21Z,Mobile,Social
S11198,U04207,2026-01-08T15:59:58Z,Mobile,Organic
S11199,U00214,2026-02-09T09:45:42Z,Desktop,Organic
S11200,U06659,2026-01-05T22:57:29Z,Mobile,Paid Search
S11201,U02664,2026-01-27T13:51:34Z,Desktop,Paid Search
S11202,U04547,2026-01-17T10:46:09Z,Mobile,Paid Search
S11203,U05990,2026-03-16T07:35:15Z,Desktop,Email
S11204,U07366,2026-02-02T14:35:37Z,Mobile,Organic
S11205,U01658,2026-02-27T02:06:31Z,Mobile,Social
S11206,U06946,2026-03-16T18:07:21Z,Desktop,Paid Search
S11207,U07860,2026-03-18T21:57:33Z,Desktop,Social
S11208,U04160,2026-01-02T20:26:26Z,Desktop,Paid Search
S11209,U02308,2026-01-21T22:54:16Z,Mobile,Paid Search
S11210,U03414,2026-03-15T06:09:54Z,Mobile,Social
S11211,U01136,2026-03-26T03:36:08Z,Mobile,Paid Search
S11212,U06832,2026-02-10T08:47:41Z,Mobile,Organic
S11213,U07477,2026-02-01T13:49:06Z,Mobile,Paid Search
S11214,U03059,2026-01-26T07:00:29Z,Mobile,Organic
S11215,U05617,2026-03-19T07:56:50Z,Mobile,Organic
S11216,U02985,2026-03-03T02:15:16Z,Mobile,Organic
S11217,U03074,2026-02-05T00:13:05Z,Mobile,Organic
S11218,U05657,2026-01-12T23:10:42Z,Desktop,Email
S11219,U01077,2026-02-11T13:37:17Z,Mobile,Paid Search
S11220,U01449,2026-03-15T00:29:51Z,Mobile,Social
S11221,U06089,2026-01-16T14:39:12Z,Mobile,Paid Search
S11222,U07507,2026-01-08T06:21:36Z,Mobile,Social
S11223,U07192,2026-01-20T10:21:26Z,Mobile,Email
S11224,U04009,2026-02-06T15:48:38Z,Tablet,Organic
S11225,U04664,2026-01-30T19:07:33Z,Desktop,Paid Search
S11226,U05760,2026-02-22T11:01:35Z,Mobile,Organic
S11227,U03715,2026-02-17T13:51:23Z,Mobile,Organic
S11228,U00594,2026-01-24T10:19:51Z,Mobile,Email
S11229,U06433,2026-01-19T11:26:52Z,Mobile,Social
S11230,U05574,2026-01-24T00:27:43Z,Mobile,Social
S11231,U04892,2026-01-17T16:30:50Z,Mobile,Organic
S11232,U03256,2026-01-11T10:52:13Z,Mobile,Organic
S11233,U04154,2026-03-02T18:57:32Z,Desktop,Paid Search
S11234,U02185,2026-01-26T18:26:16Z,Mobile,Organic
S11235,U04840,2026-03-26T01:14:56Z,Desktop,Organic
S11236,U04922,2026-02-22T20:36:15Z,Tablet,Organic
S11237,U01794,2026-01-08T21:36:56Z,Desktop,Organic
S11238,U01319,2026-03-03T18:31:57Z,Desktop,Email
S11239,U03496,2026-03-25T15:58:46Z,Desktop,Organic
S11240,U01574,2026-03-30T17:28:20Z,Desktop,Organic
S11241,U00694,2026-01-17T18:36:22Z,Mobile,Paid Search
S11242,U07119,2026-01-22T12:35:15Z,Mobile,Paid Search
S11243,U07925,2026-01-24T05:11:43Z,Desktop,Email
S11244,U04529,2026-01-07T16:05:48Z,Desktop,Paid Search
S11245,U03093,2026-03-24T21:32:23Z,Mobile,Organic
S11246,U07643,2026-02-26T20:38:48Z,Mobile,Paid Search
S11247,U03395,2026-02-19T15:05:34Z,Mobile,Organic
S11248,U03110,2026-03-11T03:37:36Z,Desktop,Paid Search
S11249,U07399,2026-01-18T06:07:02Z,Mobile,Social
S11250,U03605,2026-02-14T06:49:44Z,Mobile,Paid Search
S11251,U02330,2026-01-29T22:33:05Z,Desktop,Organic
S11252,U06977,2026-02-24T18:48:10Z,Desktop,Social
S11253,U07535,2026-01-21T17:03:17Z,Desktop,Paid Search
S11254,U03825,2026-03-25T11:24:20Z,Mobile,Paid Search
S11255,U04469,2026-01-06T00:34:55Z,Mobile,Paid Search
S11256,U06047,2026-03-30T01:18:46Z,Mobile,Paid Search
S11257,U02546,2026-02-06T02:01:34Z,Mobile,Paid Search
S11258,U05488,2026-01-25T19:29:16Z,Mobile,Email
S11259,U06727,2026-01-16T09:09:37Z,Desktop,Organic
S11260,U00625,2026-01-05T06:19:38Z,Mobile,Paid Search
S11261,U06499,2026-01-17T09:06:40Z,Mobile,Social
S11262,U01259,2026-01-28T20:26:29Z,Mobile,Paid Search
S11263,U02106,2026-01-05T05:01:09Z,Mobile,Organic
S11264,U03873,2026-03-11T02:36:44Z,Desktop,Organic
S11265,U05138,2026-03-01T05:26:56Z,Desktop,Email
S11266,U03392,2026-02-02T06:39:03Z,Desktop,Social
S11267,U06970,2026-02-10T09:12:13Z,Mobile,Organic
S11268,U02204,2026-01-09T04:08:38Z,Desktop,Social
S11269,U03520,2026-02-27T18:24:42Z,Mobile,Email
S11270,U01962,2026-02-03T18:40:40Z,Mobile,Paid Search
S11271,U04420,2026-03-26T12:29:25Z,Desktop,Social
S11272,U07336,2026-03-22T21:10:57Z,Mobile,Organic
S11273,U07192,2026-02-08T06:15:32Z,Mobile,Paid Search
S11274,U03633,2026-02-05T11:18:58Z,Mobile,Social
S11275,U06992,2026-01-27T21:45:34Z,Desktop,Email
S11276,U06120,2026-01-01T05:09:31Z,Tablet,Paid Search
S11277,U05437,2026-03-22T00:12:00Z,Desktop,Paid Search
S11278,U02956,2026-02-03T17:32:36Z,Desktop,Organic
S11279,U05199,2026-01-05T02:55:09Z,Desktop,Social
S11280,U04621,2026-01-27T10:00:58Z,Desktop,Social
S11281,U03672,2026-02-12T16:03:08Z,Mobile,Organic
S11282,U07635,2026-03-13T07:10:37Z,Tablet,Paid Search
S11283,U06114,2026-03-15T15:37:00Z,Mobile,Email
S11284,U04377,2026-01-17T18:48:51Z,Mobile,Social
S11285,U03096,2026-01-05T00:40:42Z,Mobile,Organic
S11286,U00411,2026-03-25T16:11:53Z,Desktop,Organic
S11287,U07170,2026-02-25T15:49:53Z,Desktop,Organic
S11288,U03139,2026-02-21T09:12:04Z,Mobile,Paid Search
S11289,U01672,2026-02-24T14:49:16Z,Mobile,Organic
S11290,U00391,2026-03-02T13:22:14Z,Mobile,Paid Search
S11291,U01677,2026-03-27T12:48:53Z,Mobile,Email
S11292,U05466,2026-01-20T21:01:52Z,Mobile,Organic
S11293,U07167,2026-03-06T22:47:15Z,Desktop,Email
S11294,U02194,2026-02-11T09:53:40Z,Mobile,Organic
S11295,U01513,2026-03-28T02:51:49Z,Mobile,Email
S11296,U06208,2026-01-08T18:37:53Z,Desktop,Organic
S11297,U04484,2026-03-04T17:22:11Z,Desktop,Organic
S11298,U00016,2026-02-25T01:00:26Z,Mobile,Social
S11299,U05028,2026-02-15T20:28:05Z,Desktop,Email
S11300,U00215,2026-02-11T04:51:24Z,Mobile,Organic
S11301,U06400,2026-03-14T15:45:48Z,Mobile,Paid Search
S11302,U01618,2026-03-15T19:21:10Z,Desktop,Paid Search
S11303,U01844,2026-02-21T14:11:52Z,Desktop,Organic
S11304,U01717,2026-01-28T11:33:21Z,Mobile,Organic
S11305,U03886,2026-03-30T21:44:34Z,Mobile,Social
S11306,U04576,2026-02-08T10:06:29Z,Desktop,Email
S11307,U05185,2026-02-11T04:21:00Z,Mobile,Organic
S11308,U05056,2026-02-06T20:19:30Z,Desktop,Email
S11309,U03467,2026-01-04T04:35:30Z,Mobile,Organic
S11310,U05697,2026-03-24T03:45:18Z,Tablet,Social
S11311,U04017,2026-03-21T18:11:39Z,Desktop,Organic
S11312,U07370,2026-01-13T05:15:11Z,Mobile,Email
S11313,U01001,2026-03-05T10:21:55Z,Mobile,Paid Search
S11314,U05941,2026-01-05T14:33:17Z,Mobile,Paid Search
S11315,U05286,2026-01-29T22:09:48Z,Mobile,Organic
S11316,U03821,2026-01-07T14:13:07Z,Mobile,Organic
S11317,U00850,2026-03-05T07:22:34Z,Mobile,Social
S11318,U07298,2026-01-10T11:24:37Z,Mobile,Paid Search
S11319,U07777,2026-03-01T09:08:17Z,Mobile,Organic
S11320,U05645,2026-02-07T12:30:07Z,Desktop,Social
S11321,U04164,2026-01-10T14:08:43Z,Desktop,Organic
S11322,U05302,2026-01-17T15:51:17Z,Mobile,Paid Search
S11323,U03192,2026-02-23T07:27:42Z,Mobile,Email
S11324,U05808,2026-02-25T07:26:46Z,Desktop,Social
S11325,U06821,2026-03-29T07:32:29Z,Mobile,Organic
S11326,U03971,2026-02-28T09:31:52Z,Desktop,Social
S11327,U07179,2026-01-06T20:37:01Z,Desktop,Email
S11328,U02766,2026-03-23T22:47:21Z,Mobile,Organic
S11329,U07700,2026-01-09T16:29:35Z,Tablet,Organic
S11330,U07517,2026-02-23T02:42:09Z,Mobile,Organic
S11331,U04891,2026-01-19T17:14:36Z,Desktop,Social
S11332,U00735,2026-03-12T16:42:32Z,Desktop,Email
S11333,U07645,2026-01-07T14:39:26Z,Mobile,Email
S11334,U03970,2026-03-08T22:55:51Z,Mobile,Paid Search
S11335,U01763,2026-02-14T19:02:33Z,Mobile,Organic
S11336,U04186,2026-03-10T20:02:16Z,Desktop,Organic
S11337,U02211,2026-02-12T00:11:41Z,Mobile,Paid Search
S11338,U03826,2026-03-05T18:06:08Z,Mobile,Organic
S11339,U06045,2026-01-24T19:50:48Z,Tablet,Social
S11340,U02724,2026-03-10T18:36:41Z,Desktop,Email
S11341,U03989,2026-01-05T13:11:49Z,Mobile,Social
S11342,U07166,2026-03-07T15:37:30Z,Mobile,Email
S11343,U05314,2026-01-18T13:05:57Z,Mobile,Paid Search
S11344,U04422,2026-02-14T12:45:54Z,Mobile,Paid Search
S11345,U04967,2026-02-17T00:47:34Z,Tablet,Social
S11346,U05850,2026-01-13T19:23:43Z,Mobile,Paid Search
S11347,U06312,2026-03-09T07:47:38Z,Mobile,Organic
S11348,U03674,2026-03-15T01:17:03Z,Desktop,Email
S11349,U04509,2026-03-04T20:22:21Z,Mobile,Paid Search
S11350,U00803,2026-02-13T09:49:34Z,Mobile,Organic
S11351,U05947,2026-02-19T05:41:11Z,Mobile,Social
S11352,U07718,2026-01-28T05:21:58Z,Desktop,Email
S11353,U02505,2026-02-24T10:40:08Z,Mobile,Organic
S11354,U06238,2026-01-21T10:52:49Z,Mobile,Email
S11355,U03653,2026-01-14T21:57:30Z,Mobile,Organic
S11356,U01138,2026-01-24T18:53:20Z,Mobile,Organic
S11357,U02701,2026-02-14T04:28:22Z,Mobile,Email
S11358,U04297,2026-02-26T19:42:46Z,Desktop,Paid Search
S11359,U03113,2026-02-03T02:09:31Z,Desktop,Organic
S11360,U07161,2026-01-04T19:33:54Z,Mobile,Organic
S11361,U07258,2026-01-02T18:53:36Z,Tablet,Social
S11362,U00807,2026-03-29T18:35:22Z,Mobile,Organic
S11363,U00713,2026-02-14T17:37:42Z,Mobile,Organic
S11364,U00640,2026-03-09T11:37:41Z,Mobile,Paid Search
S11365,U04703,2026-01-31T07:16:07Z,Mobile,Social
S11366,U02403,2026-02-17T09:04:30Z,Mobile,Paid Search
S11367,U02218,2026-01-26T16:59:26Z,Desktop,Social
S11368,U02078,2026-03-27T18:06:52Z,Desktop,Organic
S11369,U03362,2026-01-28T21:04:02Z,Mobile,Organic
S11370,U01901,2026-03-26T16:57:12Z,Desktop,Social
S11371,U01007,2026-03-23T15:58:01Z,Mobile,Social
S11372,U05411,2026-02-11T01:07:32Z,Mobile,Social
S11373,U06989,2026-01-13T12:07:38Z,Desktop,Social
S11374,U06685,2026-03-30T02:39:20Z,Mobile,Paid Search
S11375,U03104,2026-02-02T07:08:59Z,Desktop,Social
S11376,U06017,2026-01-03T18:43:33Z,Mobile,Social
S11377,U04099,2026-02-15T11:17:21Z,Desktop,Organic
S11378,U06566,2026-02-08T20:24:53Z,Desktop,Organic
S11379,U04020,2026-02-12T03:57:05Z,Desktop,Organic
S11380,U05141,2026-03-02T08:15:05Z,Mobile,Paid Search
S11381,U05461,2026-02-06T01:30:00Z,Mobile,Organic
S11382,U05568,2026-03-17T12:25:56Z,Mobile,Social
S11383,U01654,2026-02-04T20:07:02Z,Mobile,Social
S11384,U00836,2026-03-02T23:11:57Z,Mobile,Paid Search
S11385,U01139,2026-03-24T12:54:08Z,Desktop,Social
S11386,U06229,2026-03-29T16:29:38Z,Mobile,Email
S11387,U04383,2026-03-28T02:26:10Z,Mobile,Paid Search
S11388,U04416,2026-01-30T00:04:35Z,Mobile,Social
S11389,U00144,2026-03-15T20:13:35Z,Desktop,Paid Search
S11390,U06198,2026-03-16T15:21:57Z,Mobile,Paid Search
S11391,U00549,2026-03-05T00:32:27Z,Desktop,Organic
S11392,U07536,2026-02-02T15:00:50Z,Desktop,Social
S11393,U02194,2026-03-26T13:50:53Z,Mobile,Social
S11394,U04812,2026-01-04T17:21:15Z,Mobile,Organic
S11395,U06239,2026-03-30T10:44:42Z,Desktop,Organic
S11396,U07519,2026-02-03T07:40:37Z,Desktop,Paid Search
S11397,U03507,2026-01-25T18:49:53Z,Mobile,Organic
S11398,U03041,2026-01-17T10:07:17Z,Mobile,Email
S11399,U03573,2026-03-29T15:37:26Z,Mobile,Organic
S11400,U05992,2026-01-19T07:31:05Z,Mobile,Paid Search
S11401,U03959,2026-01-09T05:23:25Z,Mobile,Paid Search
S11402,U03589,2026-03-05T18:06:07Z,Desktop,Organic
S11403,U04125,2026-03-17T00:43:33Z,Desktop,Social
S11404,U05473,2026-03-12T03:44:58Z,Mobile,Organic
S11405,U04650,2026-02-05T07:05:57Z,Desktop,Organic
S11406,U04855,2026-02-14T02:34:43Z,Desktop,Email
S11407,U02357,2026-03-08T08:01:32Z,Desktop,Organic
S11408,U03559,2026-02-22T15:14:45Z,Mobile,Organic
S11409,U01457,2026-03-25T08:57:09Z,Mobile,Social
S11410,U00673,2026-01-05T19:57:48Z,Mobile,Organic
S11411,U07930,2026-02-26T16:05:25Z,Mobile,Organic
S11412,U02163,2026-02-13T14:56:41Z,Desktop,Organic
S11413,U00410,2026-03-11T21:10:51Z,Mobile,Organic
S11414,U07772,2026-01-20T14:52:52Z,Mobile,Paid Search
S11415,U04557,2026-03-04T14:48:59Z,Mobile,Paid Search
S11416,U07359,2026-03-26T20:17:53Z,Desktop,Email
S11417,U00879,2026-03-11T02:25:56Z,Mobile,Paid Search
S11418,U06903,2026-01-20T04:12:39Z,Tablet,Paid Search
S11419,U02290,2026-01-03T05:42:33Z,Mobile,Paid Search
S11420,U03237,2026-02-05T04:09:19Z,Desktop,Social
S11421,U01887,2026-01-24T14:06:52Z,Mobile,Email
S11422,U03760,2026-03-13T10:02:40Z,Tablet,Social
S11423,U07109,2026-01-09T09:27:19Z,Mobile,Social
S11424,U02616,2026-03-13T00:11:21Z,Mobile,Social
S11425,U01468,2026-03-02T11:58:20Z,Tablet,Organic
S11426,U02944,2026-02-02T02:29:02Z,Mobile,Email
S11427,U04973,2026-03-21T01:52:44Z,Desktop,Paid Search
S11428,U01715,2026-01-10T16:49:28Z,Mobile,Social
S11429,U02070,2026-03-12T02:46:22Z,Desktop,Social
S11430,U04613,2026-02-21T07:28:29Z,Desktop,Social
S11431,U07935,2026-01-29T05:28:18Z,Desktop,Social
S11432,U03372,2026-01-12T12:24:29Z,Mobile,Email
S11433,U03522,2026-01-13T17:46:45Z,Desktop,Paid Search
S11434,U05694,2026-01-11T07:29:32Z,Mobile,Organic
S11435,U02153,2026-01-14T23:14:45Z,Desktop,Paid Search
S11436,U05706,2026-01-30T05:19:43Z,Mobile,Organic
S11437,U02916,2026-02-24T19:13:58Z,Mobile,Paid Search
S11438,U06475,2026-01-23T01:20:46Z,Mobile,Paid Search
S11439,U04343,2026-01-02T01:53:42Z,Mobile,Paid Search
S11440,U03689,2026-02-05T16:48:40Z,Desktop,Social
S11441,U05374,2026-02-20T05:54:42Z,Mobile,Social
S11442,U00055,2026-02-22T08:41:11Z,Desktop,Organic
S11443,U07853,2026-01-01T21:54:57Z,Desktop,Email
S11444,U06780,2026-03-05T12:44:24Z,Desktop,Paid Search
S11445,U05134,2026-03-13T13:39:08Z,Mobile,Paid Search
S11446,U03705,2026-01-23T01:43:08Z,Mobile,Email
S11447,U00158,2026-02-10T19:18:25Z,Mobile,Organic
S11448,U05903,2026-01-19T13:10:44Z,Mobile,Social
S11449,U02457,2026-03-28T06:12:59Z,Mobile,Social
S11450,U04348,2026-03-09T01:43:41Z,Desktop,Social
S11451,U03727,2026-03-01T22:25:37Z,Desktop,Social
S11452,U03023,2026-02-03T14:38:56Z,Mobile,Organic
S11453,U07960,2026-02-16T18:32:36Z,Mobile,Email
S11454,U07771,2026-03-12T05:07:04Z,Mobile,Social
S11455,U05990,2026-01-22T19:28:59Z,Mobile,Paid Search
S11456,U06382,2026-02-26T22:33:29Z,Desktop,Social
S11457,U01098,2026-01-10T00:11:57Z,Desktop,Organic
S11458,U07775,2026-01-08T17:42:41Z,Desktop,Social
S11459,U07390,2026-01-03T19:24:35Z,Desktop,Organic
S11460,U07126,2026-03-15T19:25:32Z,Mobile,Organic
S11461,U04003,2026-02-18T09:58:40Z,Desktop,Social
S11462,U07082,2026-02-25T19:42:03Z,Desktop,Email
S11463,U05752,2026-01-08T07:44:09Z,Mobile,Organic
S11464,U05283,2026-01-03T00:20:50Z,Mobile,Paid Search
S11465,U04681,2026-01-27T12:51:44Z,Mobile,Paid Search
S11466,U02650,2026-03-13T21:01:06Z,Mobile,Paid Search
S11467,U06962,2026-01-26T16:19:40Z,Desktop,Paid Search
S11468,U05705,2026-02-28T19:30:07Z,Mobile,Organic
S11469,U04263,2026-02-20T04:52:22Z,Desktop,Paid Search
S11470,U06568,2026-03-19T07:31:18Z,Desktop,Social
S11471,U05694,2026-02-09T20:22:22Z,Desktop,Social
S11472,U05399,2026-03-19T11:20:57Z,Mobile,Paid Search
S11473,U00402,2026-01-19T12:00:56Z,Desktop,Organic
S11474,U06397,2026-01-04T22:44:25Z,Mobile,Social
S11475,U00011,2026-01-05T20:40:01Z,Mobile,Social
S11476,U01201,2026-02-06T16:06:45Z,Desktop,Social
S11477,U01447,2026-03-03T19:38:27Z,Mobile,Social
S11478,U04249,2026-02-16T00:31:14Z,Desktop,Social
S11479,U02256,2026-02-07T08:53:02Z,Desktop,Organic
S11480,U04386,2026-02-01T08:59:03Z,Mobile,Social
S11481,U01403,2026-03-10T06:44:32Z,Desktop,Paid Search
S11482,U04411,2026-02-13T19:22:50Z,Desktop,Social
S11483,U04947,2026-03-22T12:08:14Z,Desktop,Organic
S11484,U00879,2026-02-06T10:15:11Z,Mobile,Email
S11485,U06009,2026-02-06T07:03:46Z,Mobile,Organic
S11486,U03909,2026-03-09T18:42:21Z,Mobile,Organic
S11487,U02435,2026-03-13T18:58:34Z,Desktop,Paid Search
S11488,U01132,2026-01-07T13:19:44Z,Mobile,Social
S11489,U01535,2026-01-07T17:18:41Z,Mobile,Organic
S11490,U04437,2026-02-16T12:08:52Z,Mobile,Organic
S11491,U00748,2026-03-23T23:00:36Z,Desktop,Social
S11492,U04613,2026-03-27T12:43:19Z,Desktop,Paid Search
S11493,U00858,2026-02-07T03:44:40Z,Desktop,Organic
S11494,U07613,2026-01-24T03:57:21Z,Mobile,Organic
S11495,U04063,2026-02-26T09:31:14Z,Desktop,Social
S11496,U02202,2026-03-25T06:13:51Z,Mobile,Organic
S11497,U01920,2026-02-09T04:41:57Z,Mobile,Paid Search
S11498,U01688,2026-02-04T16:10:35Z,Mobile,Organic
S11499,U00175,2026-01-03T13:49:28Z,Desktop,Social
S11500,U05369,2026-01-20T07:57:17Z,Mobile,Paid Search
S11501,U03570,2026-01-14T09:09:41Z,Mobile,Paid Search
S11502,U04806,2026-02-21T09:54:52Z,Desktop,Organic
S11503,U04882,2026-02-19T19:37:05Z,Mobile,Social
S11504,U04842,2026-01-16T03:53:06Z,Desktop,Paid Search
S11505,U06341,2026-02-24T22:26:35Z,Mobile,Social
S11506,U03469,2026-02-27T04:57:44Z,Mobile,Organic
S11507,U04054,2026-03-14T01:02:48Z,Mobile,Social
S11508,U06307,2026-01-29T09:38:19Z,Mobile,Organic
S11509,U05564,2026-01-06T08:02:38Z,Desktop,Social
S11510,U04295,2026-03-10T23:12:04Z,Desktop,Paid Search
S11511,U06660,2026-03-07T07:06:41Z,Desktop,Organic
S11512,U00922,2026-01-21T18:40:28Z,Desktop,Paid Search
S11513,U06744,2026-01-03T19:40:26Z,Desktop,Email
S11514,U03195,2026-03-19T02:15:16Z,Mobile,Organic
S11515,U06900,2026-02-25T12:26:23Z,Desktop,Paid Search
S11516,U04240,2026-02-02T11:55:26Z,Tablet,Organic
S11517,U04658,2026-01-12T01:52:07Z,Desktop,Organic
S11518,U07317,2026-02-16T14:27:44Z,Mobile,Paid Search
S11519,U06860,2026-03-20T17:38:35Z,Desktop,Paid Search
S11520,U01195,2026-01-11T10:17:06Z,Mobile,Email
S11521,U06536,2026-02-21T15:23:13Z,Mobile,Organic
S11522,U05037,2026-01-01T12:00:54Z,Mobile,Paid Search
S11523,U03028,2026-01-17T03:26:46Z,Mobile,Email
S11524,U07784,2026-03-25T01:21:14Z,Mobile,Social
S11525,U04791,2026-02-12T21:44:15Z,Desktop,Social
S11526,U07464,2026-03-09T17:48:55Z,Desktop,Paid Search
S11527,U04822,2026-03-24T06:29:08Z,Mobile,Organic
S11528,U07130,2026-02-17T18:25:22Z,Mobile,Organic
S11529,U05309,2026-03-06T03:27:14Z,Mobile,Paid Search
S11530,U04659,2026-01-15T13:06:30Z,Mobile,Paid Search
S11531,U00895,2026-01-13T02:12:48Z,Mobile,Social
S11532,U05459,2026-01-06T21:48:39Z,Mobile,Social
S11533,U02620,2026-03-17T07:11:37Z,Desktop,Email
S11534,U03604,2026-01-03T21:07:29Z,Mobile,Organic
S11535,U07651,2026-03-13T00:22:31Z,Mobile,Paid Search
S11536,U02704,2026-02-17T14:38:59Z,Desktop,Social
S11537,U05682,2026-03-09T15:26:37Z,Desktop,Organic
S11538,U06165,2026-02-18T07:54:49Z,Desktop,Social
S11539,U05737,2026-02-22T20:18:44Z,Desktop,Paid Search
S11540,U07835,2026-03-25T04:12:58Z,Mobile,Email
S11541,U06097,2026-01-26T03:41:57Z,Mobile,Organic
S11542,U03956,2026-03-06T14:38:23Z,Mobile,Organic
S11543,U04974,2026-03-16T01:55:39Z,Mobile,Paid Search
S11544,U04042,2026-02-23T22:17:39Z,Mobile,Paid Search
S11545,U01789,2026-02-09T11:47:01Z,Tablet,Paid Search
S11546,U02391,2026-03-07T12:38:29Z,Desktop,Email
S11547,U04208,2026-01-28T07:11:34Z,Mobile,Organic
S11548,U02098,2026-03-29T07:43:59Z,Mobile,Social
S11549,U07012,2026-03-01T19:48:44Z,Mobile,Paid Search
S11550,U01728,2026-03-13T11:55:50Z,Mobile,Organic
S11551,U00465,2026-02-27T19:29:49Z,Mobile,Email
S11552,U04732,2026-03-04T10:20:21Z,Desktop,Email
S11553,U02452,2026-01-05T22:29:37Z,Mobile,Organic
S11554,U06980,2026-01-29T03:31:33Z,Mobile,Paid Search
S11555,U03328,2026-03-25T18:13:19Z,Desktop,Organic
S11556,U01795,2026-02-18T18:22:06Z,Mobile,Social
S11557,U03149,2026-02-22T00:16:23Z,Desktop,Organic
S11558,U05953,2026-03-07T02:57:51Z,Desktop,Organic
S11559,U07859,2026-03-04T15:35:22Z,Desktop,Social
S11560,U00705,2026-01-22T04:21:41Z,Mobile,Email
S11561,U00682,2026-03-01T10:56:08Z,Mobile,Organic
S11562,U02342,2026-02-24T07:48:01Z,Mobile,Email
S11563,U00361,2026-03-28T14:38:34Z,Mobile,Organic
S11564,U01790,2026-03-13T22:36:14Z,Tablet,Paid Search
S11565,U07300,2026-03-11T17:40:33Z,Desktop,Paid Search
S11566,U01808,2026-03-26T19:01:23Z,Desktop,Organic
S11567,U07452,2026-03-04T01:14:00Z,Desktop,Organic
S11568,U04412,2026-03-24T04:05:35Z,Desktop,Paid Search
S11569,U05623,2026-01-20T19:05:20Z,Tablet,Social
S11570,U07244,2026-03-29T04:11:08Z,Mobile,Paid Search
S11571,U04706,2026-03-31T00:33:24Z,Mobile,Social
S11572,U02280,2026-02-04T05:25:31Z,Mobile,Organic
S11573,U00830,2026-02-12T18:51:49Z,Mobile,Organic
S11574,U06681,2026-01-19T03:55:33Z,Mobile,Paid Search
S11575,U03641,2026-03-22T21:59:57Z,Mobile,Social
S11576,U00426,2026-02-22T15:17:40Z,Mobile,Social
S11577,U06997,2026-01-20T12:27:59Z,Desktop,Social
S11578,U02622,2026-02-27T05:36:48Z,Desktop,Organic
S11579,U05049,2026-03-09T14:21:02Z,Mobile,Organic
S11580,U06731,2026-01-10T16:36:04Z,Mobile,Paid Search
S11581,U06856,2026-03-23T16:35:41Z,Mobile,Paid Search
S11582,U00501,2026-01-12T17:32:02Z,Desktop,Organic
S11583,U06394,2026-02-01T21:43:20Z,Mobile,Organic
S11584,U04982,2026-01-17T17:57:05Z,Mobile,Paid Search
S11585,U01866,2026-02-11T05:16:50Z,Mobile,Organic
S11586,U00917,2026-02-27T11:07:05Z,Mobile,Paid Search
S11587,U04529,2026-02-27T22:55:54Z,Mobile,Organic
S11588,U05025,2026-01-21T11:32:54Z,Mobile,Paid Search
S11589,U00569,2026-02-08T04:59:19Z,Mobile,Social
S11590,U07820,2026-03-16T20:44:55Z,Mobile,Social
S11591,U05888,2026-02-04T01:07:30Z,Mobile,Social
S11592,U00715,2026-03-06T11:13:23Z,Mobile,Paid Search
S11593,U01548,2026-02-18T03:59:54Z,Mobile,Social
S11594,U03316,2026-02-04T09:34:55Z,Mobile,Social
S11595,U04568,2026-01-03T12:15:59Z,Tablet,Organic
S11596,U06519,2026-03-17T17:06:21Z,Desktop,Email
S11597,U05998,2026-01-21T02:39:12Z,Mobile,Paid Search
S11598,U04546,2026-02-27T08:54:25Z,Mobile,Paid Search
S11599,U05170,2026-01-27T22:52:58Z,Mobile,Organic
S11600,U03669,2026-02-07T12:52:50Z,Mobile,Organic
S11601,U03685,2026-02-11T05:16:38Z,Desktop,Paid Search
S11602,U03679,2026-03-28T07:06:42Z,Desktop,Organic
S11603,U02896,2026-03-29T05:39:51Z,Desktop,Social
S11604,U07587,2026-03-11T09:56:54Z,Mobile,Social
S11605,U07609,2026-01-24T14:26:24Z,Mobile,Paid Search
S11606,U07301,2026-03-10T13:22:21Z,Mobile,Email
S11607,U00341,2026-03-25T09:32:18Z,Desktop,Social
S11608,U06307,2026-01-05T04:16:17Z,Desktop,Organic
S11609,U04609,2026-02-08T07:50:30Z,Desktop,Paid Search
S11610,U06490,2026-02-11T08:01:28Z,Mobile,Paid Search
S11611,U03032,2026-03-03T01:56:16Z,Mobile,Paid Search
S11612,U07839,2026-01-29T19:16:15Z,Tablet,Email
S11613,U01593,2026-02-22T13:51:28Z,Mobile,Social
S11614,U07522,2026-03-22T19:48:32Z,Mobile,Paid Search
S11615,U04936,2026-03-27T22:25:01Z,Desktop,Social
S11616,U01875,2026-03-11T12:13:00Z,Desktop,Email
S11617,U00329,2026-01-13T00:25:28Z,Mobile,Organic
S11618,U04592,2026-03-05T21:23:48Z,Desktop,Email
S11619,U05175,2026-02-08T12:15:08Z,Mobile,Organic
S11620,U06179,2026-03-12T08:43:20Z,Mobile,Paid Search
S11621,U03692,2026-01-14T15:37:32Z,Mobile,Organic
S11622,U04535,2026-03-27T05:36:41Z,Desktop,Organic
S11623,U00598,2026-03-27T06:38:58Z,Desktop,Paid Search
S11624,U05443,2026-02-15T00:56:56Z,Desktop,Organic
S11625,U01591,2026-01-07T18:29:08Z,Mobile,Paid Search
S11626,U00088,2026-01-23T14:53:14Z,Desktop,Organic
S11627,U01387,2026-03-31T03:50:18Z,Desktop,Organic
S11628,U07073,2026-01-31T19:59:37Z,Mobile,Organic
S11629,U04240,2026-02-27T15:31:13Z,Mobile,Email
S11630,U06709,2026-02-14T14:50:37Z,Mobile,Organic
S11631,U02790,2026-02-26T03:57:41Z,Mobile,Organic
S11632,U04427,2026-03-13T22:02:35Z,Mobile,Paid Search
S11633,U07833,2026-01-16T15:47:38Z,Mobile,Organic
S11634,U03572,2026-03-11T07:01:52Z,Desktop,Email
S11635,U03870,2026-02-12T07:00:06Z,Desktop,Email
S11636,U04442,2026-02-21T07:50:20Z,Mobile,Organic
S11637,U07869,2026-02-15T16:33:45Z,Desktop,Organic
S11638,U06466,2026-03-21T03:54:00Z,Desktop,Organic
S11639,U03998,2026-01-08T16:21:04Z,Mobile,Social
S11640,U02682,2026-01-18T05:47:29Z,Tablet,Organic
S11641,U01602,2026-03-25T08:58:46Z,Desktop,Social
S11642,U04631,2026-03-27T22:26:29Z,Desktop,Paid Search
S11643,U01491,2026-03-14T14:18:47Z,Mobile,Organic
S11644,U02119,2026-01-12T11:26:02Z,Desktop,Paid Search
S11645,U04378,2026-03-17T15:44:54Z,Mobile,Paid Search
S11646,U05444,2026-02-21T18:06:08Z,Mobile,Paid Search
S11647,U06481,2026-02-24T11:08:49Z,Desktop,Paid Search
S11648,U06162,2026-01-03T21:37:51Z,Desktop,Paid Search
S11649,U07672,2026-02-15T13:57:54Z,Desktop,Paid Search
S11650,U04665,2026-03-28T01:43:53Z,Mobile,Social
S11651,U00284,2026-03-29T05:47:04Z,Mobile,Paid Search
S11652,U01143,2026-02-11T22:36:05Z,Desktop,Organic
S11653,U07649,2026-03-17T16:46:26Z,Mobile,Social
S11654,U01278,2026-03-29T08:00:06Z,Mobile,Paid Search
S11655,U02657,2026-03-17T13:34:49Z,Desktop,Paid Search
S11656,U03707,2026-01-06T14:25:44Z,Desktop,Organic
S11657,U06996,2026-01-04T06:32:37Z,Mobile,Social
S11658,U03543,2026-03-21T00:59:37Z,Mobile,Paid Search
S11659,U01262,2026-03-18T01:35:03Z,Mobile,Organic
S11660,U00445,2026-03-08T03:50:10Z,Mobile,Email
S11661,U07689,2026-03-02T19:21:46Z,Desktop,Social
S11662,U03837,2026-01-31T21:25:24Z,Mobile,Organic
S11663,U00575,2026-03-31T13:09:37Z,Mobile,Social
S11664,U00878,2026-01-22T12:53:43Z,Mobile,Paid Search
S11665,U05340,2026-03-07T17:15:13Z,Mobile,Email
S11666,U02682,2026-03-24T20:29:18Z,Mobile,Organic
S11667,U06044,2026-03-14T02:22:45Z,Mobile,Organic
S11668,U07250,2026-01-03T20:22:37Z,Mobile,Organic
S11669,U02075,2026-01-07T10:10:10Z,Mobile,Organic
S11670,U00623,2026-03-21T20:58:14Z,Mobile,Organic
S11671,U03962,2026-03-23T19:33:15Z,Mobile,Organic
S11672,U01963,2026-03-03T09:04:20Z,Desktop,Paid Search
S11673,U06435,2026-01-05T17:37:29Z,Mobile,Paid Search
S11674,U07652,2026-02-23T17:34:07Z,Mobile,Organic
S11675,U03615,2026-03-17T17:23:21Z,Mobile,Paid Search
S11676,U03229,2026-02-17T13:24:22Z,Mobile,Organic
S11677,U02441,2026-02-14T02:03:20Z,Mobile,Organic
S11678,U07071,2026-03-11T10:35:05Z,Mobile,Social
S11679,U00731,2026-03-23T03:54:38Z,Tablet,Social
S11680,U00761,2026-03-15T18:17:02Z,Desktop,Social
S11681,U00970,2026-01-23T11:23:09Z,Mobile,Paid Search
S11682,U00786,2026-03-14T07:49:22Z,Mobile,Email
S11683,U00493,2026-02-16T03:30:53Z,Desktop,Organic
S11684,U01148,2026-03-12T13:00:42Z,Mobile,Social
S11685,U00435,2026-02-07T19:56:25Z,Mobile,Paid Search
S11686,U01297,2026-01-14T11:11:08Z,Mobile,Email
S11687,U00745,2026-02-21T07:23:19Z,Mobile,Organic
S11688,U04928,2026-01-12T01:53:59Z,Mobile,Social
S11689,U05251,2026-03-02T13:37:09Z,Mobile,Organic
S11690,U01228,2026-01-20T21:24:25Z,Mobile,Organic
S11691,U01513,2026-03-07T19:29:00Z,Desktop,Organic
S11692,U05200,2026-03-17T14:11:32Z,Desktop,Social
S11693,U06108,2026-03-05T06:33:10Z,Tablet,Paid Search
S11694,U01977,2026-01-24T16:41:46Z,Desktop,Paid Search
S11695,U00489,2026-01-11T13:41:25Z,Desktop,Social
S11696,U02850,2026-03-09T15:13:25Z,Desktop,Organic
S11697,U05788,2026-03-22T07:28:01Z,Desktop,Organic
S11698,U07436,2026-01-18T18:55:06Z,Mobile,Email
S11699,U00547,2026-03-27T14:42:57Z,Mobile,Paid Search
S11700,U04311,2026-02-13T14:29:39Z,Desktop,Social
S11701,U06947,2026-03-30T15:25:13Z,Desktop,Paid Search
S11702,U05185,2026-03-10T22:12:50Z,Mobile,Social
S11703,U07113,2026-03-01T12:16:31Z,Tablet,Email
S11704,U04504,2026-03-11T23:04:06Z,Mobile,Organic
S11705,U02313,2026-01-17T20:09:34Z,Mobile,Organic
S11706,U04731,2026-01-17T19:21:07Z,Desktop,Paid Search
S11707,U05848,2026-03-09T04:32:29Z,Mobile,Organic
S11708,U07539,2026-02-12T07:58:04Z,Desktop,Paid Search
S11709,U03168,2026-02-17T15:57:19Z,Desktop,Email
S11710,U05409,2026-02-14T00:39:00Z,Desktop,Paid Search
S11711,U07437,2026-01-28T02:11:22Z,Desktop,Organic
S11712,U07404,2026-01-15T00:55:24Z,Desktop,Paid Search
S11713,U01831,2026-01-07T00:19:46Z,Desktop,Organic
S11714,U01323,2026-02-06T16:26:26Z,Mobile,Email
S11715,U03160,2026-02-21T22:36:29Z,Mobile,Organic
S11716,U02092,2026-03-22T03:11:10Z,Mobile,Social
S11717,U05177,2026-02-08T17:10:02Z,Mobile,Social
S11718,U07555,2026-01-01T16:05:37Z,Mobile,Organic
S11719,U05833,2026-03-04T20:37:42Z,Mobile,Organic
S11720,U02625,2026-03-06T18:42:39Z,Mobile,Organic
S11721,U02985,2026-02-01T03:58:41Z,Mobile,Organic
S11722,U06689,2026-01-12T06:44:32Z,Desktop,Email
S11723,U00057,2026-03-18T02:51:28Z,Desktop,Organic
S11724,U00444,2026-01-13T03:22:57Z,Mobile,Organic
S11725,U05764,2026-03-05T05:06:27Z,Desktop,Organic
S11726,U01342,2026-03-31T22:52:34Z,Desktop,Paid Search
S11727,U04359,2026-03-12T21:25:12Z,Desktop,Email
S11728,U06631,2026-01-21T14:41:30Z,Desktop,Paid Search
S11729,U00654,2026-02-03T05:31:51Z,Mobile,Organic
S11730,U05672,2026-03-12T01:31:58Z,Desktop,Paid Search
S11731,U06754,2026-03-18T19:58:10Z,Desktop,Organic
S11732,U02221,2026-02-27T00:18:51Z,Desktop,Organic
S11733,U07033,2026-02-03T17:13:32Z,Desktop,Paid Search
S11734,U02976,2026-01-28T20:14:29Z,Desktop,Organic
S11735,U02200,2026-02-09T22:45:50Z,Mobile,Organic
S11736,U02785,2026-02-13T21:08:24Z,Desktop,Organic
S11737,U00094,2026-03-30T01:53:06Z,Desktop,Email
S11738,U04674,2026-03-10T10:37:23Z,Mobile,Paid Search
S11739,U02053,2026-01-05T17:27:48Z,Mobile,Organic
S11740,U04538,2026-01-29T06:50:56Z,Mobile,Paid Search
S11741,U02680,2026-02-06T11:40:47Z,Desktop,Organic
S11742,U01233,2026-03-12T17:45:00Z,Mobile,Social
S11743,U06331,2026-03-04T06:05:22Z,Mobile,Paid Search
S11744,U05752,2026-02-03T00:42:41Z,Desktop,Organic
S11745,U02382,2026-02-27T00:21:07Z,Mobile,Email
S11746,U07695,2026-01-15T16:03:15Z,Mobile,Organic
S11747,U03052,2026-02-18T03:01:20Z,Desktop,Organic
S11748,U03135,2026-03-24T18:13:25Z,Tablet,Paid Search
S11749,U01299,2026-01-31T05:58:54Z,Mobile,Social
S11750,U05153,2026-01-28T01:20:29Z,Desktop,Organic
S11751,U04319,2026-02-20T20:17:29Z,Mobile,Paid Search
S11752,U04044,2026-02-02T20:54:13Z,Mobile,Email
S11753,U02383,2026-01-28T02:00:54Z,Mobile,Organic
S11754,U02848,2026-02-23T01:29:32Z,Mobile,Paid Search
S11755,U03953,2026-03-22T02:53:27Z,Desktop,Email
S11756,U00796,2026-01-28T02:48:33Z,Desktop,Paid Search
S11757,U07138,2026-02-19T19:26:50Z,Mobile,Organic
S11758,U03140,2026-01-15T00:20:36Z,Mobile,Social
S11759,U07358,2026-01-27T03:50:07Z,Mobile,Organic
S11760,U01969,2026-03-15T12:12:45Z,Mobile,Email
S11761,U07942,2026-01-24T14:22:53Z,Mobile,Paid Search
S11762,U05781,2026-01-28T04:29:10Z,Desktop,Organic
S11763,U02413,2026-03-21T14:55:44Z,Desktop,Paid Search
S11764,U01317,2026-01-11T22:07:50Z,Desktop,Organic
S11765,U01424,2026-01-30T00:18:09Z,Desktop,Paid Search
S11766,U02516,2026-03-11T05:04:39Z,Desktop,Paid Search
S11767,U05505,2026-03-01T07:18:32Z,Desktop,Organic
S11768,U01987,2026-03-25T11:22:09Z,Desktop,Paid Search
S11769,U03623,2026-02-13T03:17:12Z,Desktop,Organic
S11770,U03023,2026-03-01T15:41:20Z,Mobile,Paid Search
S11771,U07194,2026-02-06T11:36:01Z,Mobile,Organic
S11772,U02508,2026-01-05T19:11:05Z,Desktop,Organic
S11773,U04449,2026-02-24T19:53:19Z,Mobile,Email
S11774,U04230,2026-03-31T22:04:43Z,Mobile,Paid Search
S11775,U00758,2026-01-31T10:23:58Z,Desktop,Organic
S11776,U01707,2026-03-02T13:25:27Z,Mobile,Organic
S11777,U04337,2026-03-26T03:53:44Z,Desktop,Paid Search
S11778,U03729,2026-03-07T06:39:19Z,Desktop,Paid Search
S11779,U04572,2026-03-04T19:17:54Z,Mobile,Paid Search
S11780,U01413,2026-01-13T21:19:36Z,Desktop,Email
S11781,U00085,2026-01-23T12:01:52Z,Mobile,Organic
S11782,U07865,2026-01-12T02:39:25Z,Desktop,Social
S11783,U02892,2026-02-20T16:27:54Z,Desktop,Social
S11784,U03297,2026-01-31T01:35:25Z,Mobile,Organic
S11785,U07692,2026-01-28T07:47:45Z,Mobile,Paid Search
S11786,U06403,2026-03-02T17:15:57Z,Mobile,Social
S11787,U05674,2026-02-23T13:07:06Z,Mobile,Social
S11788,U04949,2026-01-14T00:15:59Z,Mobile,Paid Search
S11789,U03356,2026-01-31T15:02:10Z,Mobile,Organic
S11790,U00929,2026-01-11T03:20:48Z,Desktop,Organic
S11791,U00578,2026-03-16T08:55:38Z,Mobile,Paid Search
S11792,U04352,2026-02-21T01:51:52Z,Mobile,Organic
S11793,U07486,2026-02-11T13:22:38Z,Mobile,Paid Search
S11794,U06675,2026-03-03T23:06:11Z,Desktop,Social
S11795,U02670,2026-02-07T21:48:05Z,Desktop,Organic
S11796,U02897,2026-02-05T17:54:39Z,Mobile,Paid Search
S11797,U02534,2026-01-16T11:29:56Z,Mobile,Social
S11798,U03184,2026-03-06T13:28:09Z,Desktop,Social
S11799,U04246,2026-02-09T12:06:15Z,Desktop,Organic
S11800,U01081,2026-03-01T15:28:37Z,Desktop,Social
S11801,U07564,2026-02-13T11:08:37Z,Mobile,Social
S11802,U07752,2026-01-22T02:38:51Z,Mobile,Paid Search
S11803,U07820,2026-01-10T20:24:56Z,Desktop,Organic
S11804,U02121,2026-02-17T16:03:00Z,Desktop,Social
S11805,U06407,2026-01-28T02:58:53Z,Mobile,Social
S11806,U01210,2026-03-24T20:27:39Z,Mobile,Email
S11807,U00588,2026-01-06T11:24:10Z,Desktop,Paid Search
S11808,U01282,2026-02-16T17:31:06Z,Tablet,Social
S11809,U05564,2026-01-26T18:57:32Z,Mobile,Organic
S11810,U05630,2026-01-17T19:53:25Z,Mobile,Email
S11811,U01270,2026-02-22T06:32:45Z,Mobile,Organic
S11812,U01092,2026-02-12T05:33:33Z,Desktop,Organic
S11813,U05348,2026-03-18T18:43:13Z,Desktop,Paid Search
S11814,U00118,2026-01-11T04:38:52Z,Mobile,Email
S11815,U04601,2026-02-26T13:02:34Z,Desktop,Organic
S11816,U00368,2026-03-22T05:48:32Z,Mobile,Organic
S11817,U00767,2026-02-21T08:14:36Z,Mobile,Organic
S11818,U00155,2026-02-23T06:24:30Z,Mobile,Social
S11819,U07008,2026-01-02T10:13:52Z,Tablet,Social
S11820,U05036,2026-01-07T11:20:29Z,Desktop,Organic
S11821,U06091,2026-03-14T07:56:15Z,Desktop,Paid Search
S11822,U00295,2026-01-06T13:59:25Z,Mobile,Organic
S11823,U05339,2026-03-08T19:51:04Z,Mobile,Social
S11824,U01009,2026-01-15T04:19:26Z,Mobile,Organic
S11825,U07629,2026-02-07T03:16:57Z,Desktop,Paid Search
S11826,U05929,2026-01-24T16:44:11Z,Mobile,Paid Search
S11827,U07827,2026-02-16T09:02:49Z,Desktop,Social
S11828,U03186,2026-02-04T16:10:58Z,Mobile,Organic
S11829,U04235,2026-03-08T20:26:00Z,Desktop,Social
S11830,U01073,2026-02-07T08:14:38Z,Mobile,Social
S11831,U03518,2026-03-08T18:51:31Z,Mobile,Social
S11832,U02626,2026-01-22T06:40:42Z,Mobile,Social
S11833,U02676,2026-02-23T15:53:41Z,Desktop,Organic
S11834,U03674,2026-02-17T12:10:58Z,Mobile,Organic
S11835,U02086,2026-02-17T21:24:39Z,Mobile,Organic
S11836,U06264,2026-03-31T06:53:14Z,Mobile,Paid Search
S11837,U01792,2026-03-27T08:41:06Z,Mobile,Paid Search
S11838,U00522,2026-01-22T17:58:52Z,Desktop,Paid Search
S11839,U05711,2026-03-22T18:14:34Z,Desktop,Paid Search
S11840,U04559,2026-03-06T17:05:43Z,Mobile,Social
S11841,U03578,2026-03-23T10:23:23Z,Mobile,Organic
S11842,U00518,2026-01-22T02:07:22Z,Desktop,Social
S11843,U05245,2026-02-20T11:54:16Z,Desktop,Paid Search
S11844,U01940,2026-03-19T02:01:26Z,Mobile,Social
S11845,U07427,2026-02-04T15:16:57Z,Mobile,Email
S11846,U01852,2026-01-27T00:56:23Z,Mobile,Organic
S11847,U07828,2026-02-13T09:58:19Z,Desktop,Organic
S11848,U01762,2026-03-23T11:16:59Z,Desktop,Paid Search
S11849,U04820,2026-03-24T15:01:34Z,Desktop,Organic
S11850,U06268,2026-03-04T22:51:58Z,Desktop,Social
S11851,U05449,2026-02-26T09:07:23Z,Mobile,Organic
S11852,U00438,2026-01-25T22:45:14Z,Desktop,Email
S11853,U04075,2026-02-24T22:48:10Z,Desktop,Paid Search
S11854,U05092,2026-01-07T05:06:01Z,Mobile,Organic
S11855,U01976,2026-02-16T23:07:20Z,Mobile,Organic
S11856,U03777,2026-02-16T09:22:34Z,Mobile,Email
S11857,U02572,2026-02-04T09:15:43Z,Desktop,Social
S11858,U06970,2026-01-29T01:55:40Z,Mobile,Paid Search
S11859,U01474,2026-01-12T06:55:47Z,Mobile,Organic
S11860,U05895,2026-02-23T10:02:26Z,Mobile,Paid Search
S11861,U05147,2026-02-14T11:42:58Z,Desktop,Social
S11862,U06309,2026-03-11T02:12:49Z,Mobile,Paid Search
S11863,U03905,2026-01-25T18:48:15Z,Mobile,Organic
S11864,U03190,2026-03-11T15:59:59Z,Desktop,Organic
S11865,U02107,2026-03-07T02:34:50Z,Mobile,Email
S11866,U03962,2026-03-17T04:19:38Z,Mobile,Paid Search
S11867,U04752,2026-03-05T10:36:44Z,Mobile,Social
S11868,U03945,2026-01-01T20:46:44Z,Mobile,Email
S11869,U00333,2026-03-24T07:54:04Z,Mobile,Organic
S11870,U04764,2026-01-30T18:33:49Z,Desktop,Organic
S11871,U07496,2026-03-20T22:00:08Z,Desktop,Organic
S11872,U05447,2026-03-01T18:39:24Z,Desktop,Paid Search
S11873,U02116,2026-03-28T07:53:25Z,Mobile,Social
S11874,U07205,2026-03-17T03:33:01Z,Mobile,Organic
S11875,U07799,2026-01-13T15:09:15Z,Mobile,Social
S11876,U03025,2026-02-08T06:40:00Z,Desktop,Organic
S11877,U07377,2026-01-10T22:15:26Z,Mobile,Organic
S11878,U06400,2026-01-30T01:57:38Z,Desktop,Paid Search
S11879,U07251,2026-01-27T18:34:42Z,Desktop,Paid Search
S11880,U07801,2026-01-05T12:06:30Z,Desktop,Social
S11881,U02338,2026-02-18T11:04:56Z,Mobile,Organic
S11882,U02234,2026-01-27T03:18:59Z,Desktop,Organic
S11883,U01803,2026-01-20T20:28:06Z,Mobile,Organic
S11884,U06809,2026-01-29T02:23:53Z,Tablet,Paid Search
S11885,U06466,2026-01-01T19:07:46Z,Mobile,Email
S11886,U00679,2026-01-30T07:34:11Z,Mobile,Social
S11887,U03178,2026-01-02T04:47:58Z,Mobile,Paid Search
S11888,U05845,2026-02-27T07:32:39Z,Desktop,Social
S11889,U02165,2026-03-29T03:35:52Z,Desktop,Social
S11890,U07684,2026-03-01T05:42:31Z,Desktop,Social
S11891,U01281,2026-03-11T21:42:31Z,Mobile,Paid Search
S11892,U04178,2026-03-18T16:47:30Z,Mobile,Organic
S11893,U01765,2026-02-25T00:34:14Z,Mobile,Organic
S11894,U03336,2026-03-07T09:33:15Z,Desktop,Social
S11895,U01643,2026-03-09T20:22:24Z,Mobile,Paid Search
S11896,U03037,2026-01-17T12:39:36Z,Desktop,Organic
S11897,U04447,2026-03-15T12:09:02Z,Desktop,Organic
S11898,U00128,2026-01-09T14:56:39Z,Desktop,Organic
S11899,U05509,2026-02-21T13:16:32Z,Mobile,Paid Search
S11900,U05945,2026-01-28T03:26:45Z,Mobile,Paid Search
S11901,U05251,2026-03-14T17:19:14Z,Mobile,Organic
S11902,U04691,2026-03-21T10:43:41Z,Desktop,Paid Search
S11903,U03368,2026-03-19T19:57:56Z,Tablet,Paid Search
S11904,U01720,2026-03-24T03:36:42Z,Desktop,Paid Search
S11905,U01589,2026-01-30T21:47:55Z,Mobile,Social
S11906,U04946,2026-03-11T10:39:39Z,Mobile,Paid Search
S11907,U05326,2026-01-26T13:31:53Z,Mobile,Paid Search
S11908,U07179,2026-02-17T22:34:22Z,Desktop,Organic
S11909,U06186,2026-03-13T23:18:43Z,Desktop,Social
S11910,U00442,2026-03-31T11:04:18Z,Desktop,Email
S11911,U04655,2026-03-17T02:51:37Z,Mobile,Paid Search
S11912,U06766,2026-01-22T14:24:38Z,Mobile,Social
S11913,U07096,2026-02-23T03:10:40Z,Mobile,Organic
S11914,U03127,2026-02-14T11:55:08Z,Desktop,Email
S11915,U07253,2026-02-19T22:38:09Z,Desktop,Social
S11916,U05370,2026-03-24T05:55:42Z,Mobile,Organic
S11917,U06511,2026-01-21T13:42:04Z,Desktop,Social
S11918,U02227,2026-01-03T14:12:43Z,Mobile,Paid Search
S11919,U07702,2026-01-27T02:14:05Z,Mobile,Social
S11920,U05294,2026-03-25T22:41:44Z,Mobile,Email
S11921,U04000,2026-01-13T11:30:12Z,Mobile,Organic
S11922,U01427,2026-01-01T00:38:30Z,Desktop,Email
S11923,U00567,2026-03-12T00:45:20Z,Mobile,Organic
S11924,U04148,2026-03-13T03:02:37Z,Desktop,Organic
S11925,U01751,2026-03-24T13:17:03Z,Desktop,Email
S11926,U03330,2026-02-27T00:26:43Z,Mobile,Organic
S11927,U04697,2026-03-14T12:08:55Z,Mobile,Social
S11928,U06412,2026-01-09T10:08:33Z,Desktop,Social
S11929,U02464,2026-02-17T16:21:22Z,Mobile,Paid Search
S11930,U07295,2026-03-23T05:46:30Z,Mobile,Email
S11931,U04647,2026-03-22T14:27:50Z,Mobile,Organic
S11932,U04414,2026-01-22T16:57:01Z,Desktop,Paid Search
S11933,U01234,2026-03-21T18:45:32Z,Desktop,Paid Search
S11934,U03095,2026-01-25T17:30:17Z,Mobile,Paid Search
S11935,U05465,2026-03-06T13:33:24Z,Mobile,Paid Search
S11936,U00602,2026-03-01T02:52:53Z,Mobile,Organic
S11937,U01498,2026-02-04T21:43:27Z,Mobile,Social
S11938,U04433,2026-03-09T22:53:49Z,Mobile,Organic
S11939,U03339,2026-01-12T15:21:49Z,Tablet,Organic
S11940,U02671,2026-03-20T07:04:09Z,Mobile,Social
S11941,U05343,2026-02-07T13:28:12Z,Desktop,Organic
S11942,U01784,2026-01-24T01:07:03Z,Mobile,Organic
S11943,U00927,2026-03-10T17:12:33Z,Mobile,Paid Search
S11944,U07198,2026-03-20T12:45:07Z,Desktop,Organic
S11945,U02017,2026-03-08T23:16:17Z,Desktop,Paid Search
S11946,U00813,2026-02-25T16:31:39Z,Desktop,Organic
S11947,U01727,2026-03-12T12:23:19Z,Mobile,Paid Search
S11948,U03515,2026-01-01T19:57:31Z,Desktop,Paid Search
S11949,U07346,2026-01-20T15:07:36Z,Desktop,Organic
S11950,U04775,2026-03-06T09:20:10Z,Mobile,Organic
S11951,U07095,2026-02-15T02:59:25Z,Mobile,Paid Search
S11952,U06359,2026-03-22T15:59:44Z,Mobile,Social
S11953,U05486,2026-01-18T06:05:48Z,Mobile,Paid Search
S11954,U06261,2026-03-14T21:38:48Z,Tablet,Social
S11955,U06447,2026-03-20T22:41:34Z,Desktop,Organic
S11956,U05399,2026-01-23T08:54:30Z,Desktop,Social
S11957,U07613,2026-02-22T23:03:10Z,Mobile,Social
S11958,U04163,2026-03-08T02:27:47Z,Mobile,Organic
S11959,U07212,2026-02-04T07:59:58Z,Desktop,Organic
S11960,U06454,2026-03-15T12:06:09Z,Desktop,Organic
S11961,U02339,2026-01-08T01:05:33Z,Mobile,Paid Search
S11962,U05251,2026-01-29T21:34:11Z,Mobile,Organic
S11963,U03559,2026-01-04T19:43:14Z,Mobile,Organic
S11964,U05910,2026-03-25T13:00:57Z,Mobile,Organic
S11965,U02750,2026-01-23T21:21:12Z,Desktop,Social
S11966,U05812,2026-01-09T11:26:28Z,Mobile,Organic
S11967,U07032,2026-03-16T16:07:44Z,Desktop,Paid Search
S11968,U07780,2026-01-16T06:52:33Z,Mobile,Social
S11969,U04850,2026-03-12T20:14:22Z,Mobile,Paid Search
S11970,U01045,2026-02-10T14:17:10Z,Desktop,Social
S11971,U03691,2026-03-23T07:04:25Z,Mobile,Social
S11972,U03030,2026-02-18T15:44:52Z,Mobile,Paid Search
S11973,U03807,2026-01-16T16:58:10Z,Mobile,Organic
S11974,U04882,2026-02-11T02:56:37Z,Mobile,Social
S11975,U07019,2026-01-16T13:37:54Z,Desktop,Organic
S11976,U03230,2026-02-12T01:11:02Z,Tablet,Organic
S11977,U02143,2026-03-09T09:53:56Z,Mobile,Social
S11978,U07200,2026-03-09T22:56:02Z,Desktop,Paid Search
S11979,U04581,2026-03-03T00:13:10Z,Mobile,Paid Search
S11980,U07827,2026-01-12T21:50:20Z,Mobile,Organic
S11981,U04355,2026-02-10T01:06:24Z,Mobile,Organic
S11982,U02844,2026-03-29T21:32:03Z,Tablet,Organic
S11983,U07520,2026-03-05T02:15:59Z,Desktop,Organic
S11984,U04197,2026-01-27T06:09:06Z,Mobile,Social
S11985,U03451,2026-02-16T05:55:34Z,Mobile,Paid Search
S11986,U00065,2026-02-02T11:03:01Z,Mobile,Social
S11987,U06559,2026-01-09T08:53:35Z,Tablet,Organic
S11988,U07569,2026-02-18T03:13:43Z,Mobile,Social
S11989,U01783,2026-01-29T20:03:55Z,Mobile,Paid Search
S11990,U02057,2026-03-30T01:30:22Z,Desktop,Social
S11991,U05559,2026-01-15T05:09:50Z,Mobile,Paid Search
S11992,U04314,2026-03-17T16:49:11Z,Mobile,Organic
S11993,U00295,2026-03-09T01:12:08Z,Mobile,Paid Search
S11994,U07285,2026-03-29T13:53:10Z,Mobile,Organic
S11995,U01699,2026-01-14T17:02:54Z,Mobile,Paid Search
S11996,U02953,2026-01-31T20:59:29Z,Mobile,Paid Search
S11997,U00351,2026-01-08T18:56:51Z,Mobile,Organic
S11998,U01223,2026-01-23T17:32:44Z,Mobile,Paid Search
S11999,U03792,2026-03-10T17:00:03Z,Mobile,Organic
S12000,U00461,2026-01-24T09:27:34Z,Mobile,Paid Search
